:020000040800F2
:1000000000800120B11E0008AD1E0008AB1E0008D4
:10001000AB1E0008AB1E0008AB1E0008000000006D
:10002000000000000000000000000000AD1E0008FD
:10003000AD1E000800000000AD1E00081D1A0008DB
:10004000AB1E0008AB1E0008AB1E0008AB1E00086C
:10005000AB1E0008AB1E0008AB1E0008AB1E00085C
:10006000AB1E0008AB1E0008AB1E0008AB1E00084C
:10007000AB1E0008AB1E0008AB1E0008AB1E00083C
:10008000AB1E0008AB1E0008AB1E0008AB1E00082C
:10009000AB1E0008AB1E0008AB1E0008AB1E00081C
:1000A000AB1E0008AB1E0008AB1E0008AB1E00080C
:1000B000AB1E0008AB1E0008AB1E0008AB1E0008FC
:1000C000AB1E0008AB1E0008AB1E0008AB1E0008EC
:1000D000AB1E0008AB1E0008AB1E0008AB1E0008DC
:1000E000AB1E0008AB1E0008AB1E0008AB1E0008CC
:1000F000AB1E0008AB1E0008AB1E0008AB1E0008BC
:10010000AB1E0008AB1E0008AB1E0008AB1E0008AB
:10011000AB1E0008AB1E0008AB1E0008AB1E00089B
:10012000AB1E0008AB1E0008AB1E0008AB1E00088B
:10013000AB1E0008AB1E0008AB1E0008AB1E00087B
:10014000AB1E0008AB1E0008AB1E0008AB1E00086B
:10015000AB1E0008AB1E0008AB1E0008AB1E00085B
:10016000AB1E0008AB1E0008AB1E0008AB1E00084B
:10017000AB1E0008AB1E0008AB1E0008AB1E00083B
:10018000AB1E0008AB1E0008AB1E0008AB1E00082B
:10019000AB1E0008AB1E0008AB1E0008AB1E00081B
:1001A000AB1E0008AB1E0008AB1E0008704700BF66
:1001B000F8B503788BB10D4D0D4E04460D2B08D0CC
:1001C0000A2B2A680AD0B2F5FF7F02DCB354013251
:1001D0002A6014F8013F002BF0D1F8BD0448002735
:1001E000875401F003FC2F60F3E700BFA801002053
:1001F000AC0100202DE9F04F87B000231F4C8DF893
:10020000143005AE4FF0140E4FF0CC37052510EB2F
:10021000010C4CF1000CA4FB0C3222F0030303EBA5
:100220009203ACEB030CB0EB0C02A2FB048961F16E
:10023000000A07FB02F208F0010304FB0A224A4409
:10024000A3FB053B814613EB0C034FEA580CB9F1B5
:100250000A0F884603F1300378F1000806F8013DE3
:100260000EF1FF3E4CEAC2704FEA5201CFD20DEBC5
:100270000E00FFF79DFF07B0BDE8F08FCDCCCCCCD2
:100280009FED337AB5EEC00A2DE9F04F20EE070A54
:10029000F1EE10FABEEE007AF6EE007AB8BFF0EE9C
:1002A000477A70EE277A87B017EE900A01F060FF68
:1002B000002984463DDB8E460023264C8DF8143001
:1002C00005AE14204FF0CC3705251CEB0E0141F193
:1002D0000001A4FB013222F0030303EB9203C91ACD
:1002E000BCEB0102A2FB04896EF1000A07FB02F2DB
:1002F00008F0010304FB0A224A44A3FB053BE14644
:100300005B184FEA5801B9F10A0FF04603F13003C8
:1003100078F1000806F8013D00F1FF3041EAC27CA7
:100320004FEA520ED1D26844FFF742FF07B0BDE852
:10033000F08F094A1368B3F5FF7F04DC581C106086
:10034000064A2D20D054DCF1000C61EB410EB3E7DE
:1003500000247449CDCCCCCCA8010020AC010020F5
:100360002DE9F04F0546D048D04F8BB02844994630
:1003700000911446DDF8508000F076FE00233B60CB
:1003800001F05AFB09F1FF3301900291052B00F2B5
:10039000A981DFE813F014012B0146015C01720111
:1003A0000600DFF830A3DFF830934FF0000B504623
:1003B00001E00AEB40100BF1010B4A46414600F008
:1003C000FDFE0BF00F005C4500EB4000F1D101F0A9
:1003D00033FB8246B6480C463035FFF7E9FE4FF056
:1003E00000080DF123008DF823508DF82480FFF7CD
:1003F000DFFEB048B04DFFF7DBFE0098FFF7D8FEF8
:10040000AE48FFF7D5FE5B468DF82480DA170DF174
:10041000240914204FF0CC3B4FF0050ECDF800A07E
:100420000394991841F10001A5FB014626F003044D
:1004300004EB9604091B5C1A9A46944662F1000389
:100440000BFB04F205FB0322A4FB053403F00106B9
:100450002244A6FB0E466418BAF10A0F4FEA530372
:1004600004F130047CF1000C43EAC27309F8014D39
:1004700000F1FF304FEA5202D3D204AB1844DDF84A
:1004800000A0039C8C4DFFF793FE8D48FFF790FE74
:1004900000233A688DF824800DF1240E142098462C
:1004A0004FF0CC3B4FF0050CCDF800A0D11841F136
:1004B0000001A5FB016727F0030606EB9706891BE1
:1004C000561A9246994663F100020BFB06F305FBB0
:1004D0000233A6FB052602F001073344A7FB0C6795
:1004E0007618BAF10A0F4FEA520206F1300679F196
:1004F000000942EAC3720EF8016D00F1FF304FEAC5
:100500005303D3D204AB1844DDF800A06A4EFFF7C2
:100510004FFE6C48FFF74CFE019B8DF82480BAEB30
:100520000301029B09AF64EB030514204FF0CC3E9E
:100530004FF0050C4A1942F10002A6FB023424F0E8
:10054000030303EB9403D21A8B1A65F100090EFB27
:1005500003F406FB0944A3FB06831C4408F00103D3
:10056000A3FB0C3989469B182A46B9F10A0F4FEABA
:10057000580803F1300372F1000207F8013D00F161
:10058000FF3048EAC4714FEA5405D3D204AB184493
:10059000FFF70EFE4C484D4FFFF70AFE01F04CFAF4
:1005A000002604460D4601F047FA001B61EB0501E9
:1005B000874276EB0101F6D20BB0BDE8F08FDFF891
:1005C00014A1DFF818814FF0000B504601E00AEB50
:1005D000401000F0F7FC0BF1010B0BF00F005C4535
:1005E00088ED000A00EB4000F1D1F0E6DFF8EC8086
:1005F000374EDFF8ECA04FF0000B4FF06409AAFB78
:100600000B30400909FB10B000EB400006EB401036
:1006100000F0D8FC0BF1010B5C4588ED000AEED12F
:10062000D5E6DFF8B0A0DFF8B0804FF0000B504601
:1006300001E00AEB40100BF1010B414600F032FDE6
:100640000BF00F005C4500EB4000F2D1BFE6DFF895
:1006500084A0DFF884804FF0000B504601E00AEBE5
:1006600040100BF1010B414601F014F80BF00F00A4
:100670005C4500EB4000F2D1A9E6DFF858A0DFF8B6
:1006800058904FF0000B504601E00AEB40100BF180
:10069000010B4A46414600F049FF0BF00F005C4554
:1006A00000EB4000F1D192E6D7273501641C002011
:1006B000302B0008382B0008CDCCCCCC402B0008C8
:1006C000482B0008542B00085C2B0008FF083D0055
:1006D000142C00089451000844010020400100201F
:1006E0001F85EB514FF0000B4FEAE87601F0A4F9BB
:1006F00081468A4601F0A0F9B0EB090061EB0A01DE
:100700004045B141F6D30BF1010B5C45EED15EE6FD
:100710002DE9F04F2DED028B01208DB001F0BCF8DA
:1007200001F08AF9B54E04460D4601F085F9001B2B
:1007300061EB0501B04271F10001F6D3B04BB14A53
:100740001A6000F0D7FCB048B04F9FEDB18AB14CB1
:10075000FFF72EFD002141F62860FFF74BFDAE4864
:10076000FFF726FD0021C820FFF744FDAB48FFF747
:100770001FFDAB480021FFF73DFDAA48FFF718FD1C
:100780004FF00008C146BA464646A749A64D504616
:1007900000F088FCA548FFF70BFD4FF0000219EBB5
:1007A00006038DF82C202CBF012200221344A4FB49
:1007B000032121F0030202EB91029B1AB9EB030320
:1007C00066F10001A3FB043204FB01225B0843EA4B
:1007D000C27303EB8303A9EB43033033B9F10A0F70
:1007E0008DF82B3076F1000323BF31238DF82A30AA
:1007F0001220132006AB1844FFF7DAFC8C48FFF7F1
:10080000D7FC504600F0DEFBFFF73AFD8948FFF7C2
:10081000CFFC0027CDF808A0CDF81490B246D5ED56
:10082000007AF5EEC07AF1EE10FAFEEE006A67EE9D
:10083000887AB6EE007AB8BFB0EE667A77EE877A3D
:1008400017EE900A01F094FC002903460A4650DB9B
:10085000CDE903574FF00001029E8DF82C100DF1E9
:100860002C0914204FF0CC3B4FF00508991841F1AA
:100870000001A4FB015727F0030505EB9705491B71
:100880005D1A9E46944662F100030BFB05F204FBE1
:100890000322A5FB043503F001072A44A7FB0857F0
:1008A0006D18BEF10A0F4FEA530305F130057CF1D4
:1008B000000C43EAC27309F8015D00F1FF304FEA12
:1008C0005202D3D2DDE9035706AB18440137029632
:1008D000FFF76EFC182F1BD0574B1B68B3F5FF7F3B
:1008E00005DC56492C22CA54534A0133136004359F
:1008F00095E7514A1268B2F5FF7F05DC4F4E2D2077
:10090000B0544D48013202605B4261EB41029FE707
:10091000DDF8149043485646DDF808A0FFF748FC80
:1009200019F101039946464B0AF1600A46F10006A7
:100930009A457FF42AAF4348FFF73AFC00F09CFB4E
:10094000FFF79EFC4048FFF733FC404B93ED000A55
:10095000FFF796FC3348FFF72BFC0024304B3C4953
:1009600000930025002301222046FFF7F9FC3949B6
:10097000009501234FF4FA622046FFF7F1FC364957
:10098000009502234FF47A722046FFF7E9FC3349C1
:1009900000950323C8222046FFF7E2FC304900956A
:1009A0000423C8222046FFF7DBFC41F288332D499F
:1009B0000093032205232046FFF7D2FC15232A4982
:1009C0000093032206232046FFF7CAFCD2232749BF
:1009D0000093012206232046FFF7C2FC4FF4036375
:1009E00000932349062301222046FFF7B9FC0CB9E6
:1009F0000124B3E71F48FFF7DBFBFEE70048E801EF
:100A0000601C0020AD010008602B00089451000814
:100A100000247449CDCCCCCC742B00087C2B00086E
:100A20000024F4005C2B000844010020842B000803
:100A30008C2B0008902B0008A8010020AC0100209E
:100A400094570008982B0008A02B000834120020AF
:100A5000A82B0008B02B0008BC2B0008C82B0008EE
:100A6000D42B0008E02B0008EC2B0008F82B000822
:100A7000042C0008102C000838B5194B33F910303D
:100A8000002B2DED048B044621DB164B164D33F95C
:100A9000100005EB800393ED009AFFF7EDFF134B79
:100AA00033F9140005EB8003F0EE408A93ED008AE1
:100AB000FFF7E2FF28EE008A05EB8405A9EE288AFD
:100AC000D5ED007A88EE270ABDEC048B38BDBDEC6D
:100AD000048B074B03EB800393ED000A38BD00BF86
:100AE0002461020834AC0108A47E0008E46F010808
:100AF00044F700082DE9F04F2DED068B85B09FEDF2
:100B0000C08A149EDDF854800391B146F0EE408A0D
:100B1000B0EE609A05469B469246464609F10104AE
:100B20000BEB04174FEA041842465946384601F0C9
:100B300085FAA8F1100E47F80E60BE44CEED018A8A
:100B40008EED029AB9F1000F40F095804FF07E5380
:100B5000CEF80C304FF0FF3CAA4B33F91560002E55
:100B6000C0F2C080A84BA94A03EB8503D3ED007AFD
:100B700032F915000AEB860393ED007AA44BB4EE2C
:100B8000E77A33F91530F1EE10FA98465CBF8046EB
:100B90001846A04BAD001D4403EB800295ED00AA62
:100BA000D2ED007A03EB8803B9F1000F87EE8A0AD1
:100BB0004FF00005D3ED00AA03DA06E00135A945A0
:100BC00003DB2B01FB58B342F8D1AC4200F00281A9
:100BD00007EB0512D2ED019A9EED037AD2ED020ADF
:100BE000BCF1000F20EE290A0CF1010B41DB07EEEE
:100BF000904A07EB0C11F8EEE75A5B4616E006EE5A
:100C0000103AB8EEC66A27EE257A26EE206A103929
:100C100087EE065A013B29EE857A81ED075A67EE89
:100C2000277A87EEA57A36EEC77A17D0A4EB030CA5
:100C300007EE90CAF5EE400AF1EE10FAD1ED036A24
:100C4000F8EEE77ADBD165EEA66A69EEA77A10398D
:100C500086EEA75A013B81ED075AE7D1A94508DD89
:100C6000536953609369936013691360103296451A
:100C7000F6D15D46B2E0B9F1010C8EED038A3FF585
:100C80006BAF07EE104A0BEB491BDBED077AF8EE72
:100C9000C75A72464B4612ED017A06EE903A29EE9B
:100CA000076AB8EEE65A68EE876A26EE056AE11A28
:100CB00086EE257A013BA2F1100277EE277A07EE45
:100CC000101AB8EEC77AC2ED077A27EE267AC7EE79
:100CD000257AC2ED037ADED14A4B33F91560002E36
:100CE000BFF640AF4E46002EDDF80CA06DDD4A4B3E
:100CF00003EB8503D3ED003A07EB0C15A9EB0C00D1
:100D0000BCF1000F97ED066AD7ED054A9EED037A18
:100D1000DFED3B5A49DB03462A4622E007EE901AF4
:100D200006EE904AF8EEE77AF8EEE66A67EE867A23
:100D300027EE267A87EE275A07EE903AF8EEE77A02
:100D400092ED037A87EEA64A65EE647A75EE855ACF
:100D5000A4EE277A9E4203F10101A2F1100224D0F1
:100D60000B46B5EE406AF1EE10FAA4EB0301D5D1C3
:100D7000F5EE404AF1EE10FAECD0D2ED037A87EEB0
:100D8000A44A9E4203F10101A2F1100207EE903A3B
:100D9000F8EEE76A07EE904AF8EEE77A86EEA75A91
:100DA000C4EE057A75EEA75ADAD157F8103F36EE41
:100DB000646A0AEB8303D3ED007A26EE256ABE450A
:100DC000E6EE237AC3ED007A9AD105B0BDEC068B2E
:100DD000BDE8F08FF7EE000AF0EE609ACDE900561C
:100DE00003999FED079A3B465246FFF783FECAEEF2
:100DF0008A8AA946BB46454668EEA98A8EE600BFA8
:100E0000000000002461020884E8010834AC0108F5
:100E1000E46F0108A47E000844F700082DE9F04FB4
:100E20002DED028BDFF894A19FED617A68220346D5
:100E300000FB02F29FB008461D460AEB0204514631
:100E4000D1ED007A0E4677EE877A6831A142C6ED81
:100E5000007AF5D1DFF860B19FED568A0093CDE9B5
:100E600001520027D94603900024D446A742BCEC87
:100E7000010A5E464846DE4607F101081FD0734668
:100E800093ED007AC0EE077A0134054644450EF131
:100E9000680E06F16406E5EC017A23D0BCEC010A89
:100EA00031464B4693ED007AF1EC017A9842A7EE79
:100EB000670A03F10403F5D1A7422846DFD1B4EE57
:100EC000C80AF1EE10FAD8BF9FED3A0A01F08AFC89
:100ED00007EB8703384A03EB8303234402EB8303C6
:100EE00083ED000A009B43450AF1640A09F1640995
:100EF00001D04746B8E7DDE90152DFF8C490009B16
:100F00000398F9EC017ADFF8B0C0CDE900520DF199
:100F1000140E744600265A46D2ED006A87EEA67A71
:100F2000B742A2460BF1680B0CF1640C04F1040407
:100F300006F1010604ED017A0ED0F9EC017A724651
:100F4000654692ED007AF5EC016A9245E6EEC77AC5
:100F500002F10402F5D1DEE7DDE90052164900EBAB
:100F60008300683A8E180EEB83030446454573ED03
:100F7000017A0BDA02463146B2EC017AD1ED196AF8
:100F8000944201F16401E6EEC77AF5D13246D2ED22
:100F9000006A87EEA67A7345A6F1680605F1FF356B
:100FA00020ED017AE2D11FB0BDEC028BBDE8F08FDD
:100FB00017B7D138CCBC8C2B100400209C12002019
:100FC000381200201F49204A0B68DFED207A2DE9F6
:100FD000F04101330446DFF88CE01D4D1D481E4FE3
:100FE0001E4E0B6002F5C87C0921002932F9023B34
:100FF00014DB05EB830804EB8101D1ED006A98ED69
:10100000007AF4EEC76AF1EE10FA4CBF36F91330ED
:1010100037F9133030F913100029EADA0EEB8303A5
:1010200093ED007A944577EE877A04D0B2F90030D8
:1010300030F91310D9E79FED0A0A37EEC00ABDE870
:10104000F08100BF641C0020147D00080000000037
:1010500084E8010824610208E46F010834AC010847
:101060001E0E354044F70008024B012838BF01200E
:10107000186070470000002008B5084A9FED087A04
:1010800002F5C87132F9020FFFF7F6FC8A4237EE1B
:10109000007AF7D1B0EE470A08BD00BF127D000804
:1010A0001E0E35C02DE9F0470D4682B0064660227F
:1010B000002128460D4CDFF8388000F06DFF4FF01E
:1010C000FF3A04F5C879002734F9020FF7EE000A59
:1010D000CDE9007AB0EE600A434632462946FFF772
:1010E00009FD4C45F0D102B0BDE8F087127D000843
:1010F000340E00202DE9F043244C9FED256ADFF8E3
:10110000B4E0DFF8B4C0234D2348DFED245A244F68
:10111000244E04F51658244ADFED1D7A09210029D2
:1011200032F9023B14DB05EB830904EB8101D1EDBD
:10113000006A99ED007AF4EEC76AF1EE10FA4CBF3E
:1011400036F9133037F9133030F913100029EADA81
:101150000CEB830393ED007A964577EE877A04D003
:10116000B2F9003030F91310D9E777EEE57A603440
:10117000A04536EE276ACED19FED0C7A0C4BC6EE19
:10118000077AC3ED007ABDE8F08300BF94570008EA
:101190000000000084E80108246102081E0E3540AA
:1011A000E46F010834AC0108147D00080000C84257
:1011B00034120020A47E000844F700082DE9F04F07
:1011C0002DED028BBDB0CDE90301DFEDC36A904682
:1011D0000123B3EE077AC3F1180206EE103A07EEC8
:1011E000902AB8EEC66AF8EEE77A013367EE867A9F
:1011F000182B87EE276A76EE866AECD19FEDB67AD9
:10120000B64BB3EE076A172407EE904AC4F11802F2
:10121000F8EEE75A07EE902AF8EEE77A013C67EE1F
:10122000A57AC6EE275AC5EEA67A37EE277AA3EC42
:10123000017AE9D10398FFF7C5FE40F6C4122146B2
:10124000A748B0EE408A00F0A7FEA64864222146D7
:1012500000F0A2FE049B002B40F33A81A24B0194C4
:10126000A24FA34EA34DA44C0293019B13F0010384
:1012700034D00DF1170212F8013FB3FA83F35B0982
:1012800013700DF12F039342F5D19C4BDFED926A61
:1012900018689FED9B6ADFF888929A4A9A4B0590EE
:1012A0000DF1170ADDF80CC00DF1300E484651461D
:1012B000CB460BE0DCF800904EF8049B0DF12F09B3
:1012C00089450CF1040C00F1040054D011F8019F81
:1012D000B9F1000FEED1D0F80090EDE7DFF84492BD
:1012E0007E49D9F8002082EA423282EA524282EAFA
:1012F0004212C9F80020120A07EE902A4FF0010AA4
:10130000FAEEC47A04E00AF1010ABAF1170F06D026
:10131000B1EC017AB4EEE77AF1EE10FAF3D41822C8
:1013200000210DEB0200059300F036FED9F8001005
:10133000059B00204FF0010C12E082EA4211734A33
:10134000A2FB0102120902EB4202A1EBC202F0323F
:101350006A44012012F8D8ECBEF1000F00F0B4800E
:1013600081EA4132534582EA5242E6D100288CD0CC
:10137000C9F8001089E79FED587ADFF8ACE1D9464B
:10138000092100293EF9020B16DB0DF1300B02EBAF
:10139000800C0BEB8101D1ED005ADCED007AF4EE0C
:1013A000E75AF1EE10FA4CBF34F9100035F910008D
:1013B00033F910100029E8DA06EB8000D0ED007A4E
:1013C000774537EE277A04D0BEF9001033F91110B3
:1013D000D7E74F4937EE467A09F16009494576EE7D
:1013E000876A7FF45DAF9FED4B7A029B059893ED82
:1013F000006A9DF82F30414AC6EE877A07EE103A10
:1014000078EE465AB8EEC75A77EEC67A00F1640312
:10141000E5EE657A13600DF12E02F8EE476A24AB13
:101420001AF8011F07EE101AB8EE477A524537EE48
:10143000667AA3EC017AF3D12A4A294824AB92EDCB
:10144000007AD3ED006AA7EEA67A994624A9043360
:10145000A2EC017A84469CED007A91ED006AA6EE3A
:10146000867A894501F10401ACEC017AF3D12A496D
:10147000914200F16400E2D1284B1B6803B1984708
:10148000019B049A01339A4201937FF4EEAE4146E8
:101490001720FFF7C3FC9FED107A434608F15C026A
:1014A000F3EC017A934237EE277AF9D1029BD3ED20
:1014B000007A78EE677A77EEC77AC8ED177A3DB092
:1014C000BDEC028BBDE8F08F02F8D8CC034447E7AF
:1014D000054B0293DBE700BF00000000D80D0020A1
:1014E0009C1200203812002034120020A47E000834
:1014F00044F70008E46F010834AC0108641C0020C4
:101500001E0E354084E8010824610208ABAAAAAA8D
:10151000147D00080000C84294120020601C0020C6
:101520009457000800000020147D00082DE9F04FBA
:101530000D46B5B00021064693464F4840F6C4120A
:1015400000F02AFD4D486422002100F025FD002D09
:1015500040F38A80DFF834A1494FDFF83481CDF8B9
:1015600004B04FF000091BACDAF80030454A83EABA
:10157000433383EA534383EA4313A2FB0320400926
:10158000642202FB103000EB400007EB401003A97F
:10159000B446A3464FF0000E83EA433383EA534335
:1015A00083EA4313DA0F14BF9CED007A90ED007AC2
:1015B00007EE902AA1EC017AF8EEE77A82F00102B8
:1015C0008C42EBEC017A96440CF1040C00F104001F
:1015D000E2D107EE90EAF8EEE77AF3EE086A87EEDA
:1015E000A67ACAF800304FF07E533393DFF888B004
:1015F000B6EE020A27EE477A87EE000A01F014F9E8
:1016000003A8B0EE406AFFF7DDFCDFF870E0A44607
:10161000DCED006ADEED007A66EE266A6046E0EEFA
:10162000267A0CF1040C23465946EEEC017AD1EDF2
:10163000007A93ED007AE6EE877A984203F104038C
:10164000E1EC017AF3D1F0450BF1640BE0D10E4BE4
:101650001B681BB15FFA89F202B9984709F10109C9
:101660004D4581D1DDF804B05946192035B0BDE8AB
:10167000F04FFFF7D3BB00BF9C12002038120020B0
:10168000945700081F85EB51601C002000000020CB
:101690009C1200202DE9F04F474C2DED028B236862
:1016A0009DB081460D46002B69D0444EDFF82CB129
:1016B000DFF83481424C4846FFF784FC60224946FB
:1016C00004A8B0EE408A00F0B9FC3E4BDFED3E6A64
:1016D0001A68DFF818C13D48DFF814E10195294682
:1016E0000DF1100A35465BF8043B4AF8043BCDE99E
:1016F000029A9FED377A374E0923002B36F9029B69
:1017000015DB04AF0CEB890A07EB830393ED006A4A
:10171000DAED007AB4EEE76AF1EE10FA4CBF3EF96A
:10172000199034F9199030F91930002BE9DA2A4B65
:1017300003EB8909D9ED007AB04537EE277A04D05A
:10174000B6F9003030F91330D7E777EE667A019BAF
:10175000DDE9029A78EE677A5D45E3EC017A019360
:1017600059F8043B4AF8043CBDD1164BC1ED177A39
:1017700018321A601DB0BDEC028BBDE8F08F17491E
:10178000174ADFED186A01F16006DFED117AA2F564
:101790001653184690ED007A6033934277EE877ABD
:1017A000F7D187EEA67A1A1DA1EC017AB142ECD1ED
:1017B000012323607AE700BF0C0400200C04002002
:1017C000E46F0108641C00201E0E354024610208ED
:1017D00000000000147D000844F70008AC0300205E
:1017E000147D00080000C842A47E000884E80108B7
:1017F00034AC010810B54FF4186000F0D5FA40F68B
:10180000113000F0D1FA0C23032201214FF0904057
:10181000194C00F07DF90C2207214FF0904000F0A8
:1018200092F90C23012202214FF0904000F050F970
:1018300020464FF4164100F0CFFA2046082100F070
:10184000F1FA2046002100F0F6FA20460C2100F0C3
:10185000FEFA2046002100F0F4FA0021204600F0B4
:10186000FCFA204600F00FFB204600F011FB20465A
:10187000BDE8104000F0F7BA0044004008B504206D
:1018800000F072FB6FF07F4000F062FB00F076FB2F
:10189000BDE8084000F079BB10B5012882B06FD0D8
:1018A000022000F0D5F9022000F0A6F9484C494981
:1018B000494A4A4B236000200B60136000F056FA3F
:1018C000002000F049FA002000F03CFA002000F06F
:1018D000F7F9002000F064F904460028F9D1034626
:1018E0000A220121CDE90000022000F049FA204639
:1018F00000F0AEF9204600F07FF900F0D9F800F0D2
:10190000DFF8042000F0CAF800F0C0F8032000F06F
:101910000FFA204600F078F9314C032000F098F9D6
:10192000032000F069F9236823F0F80343F0B803BB
:101930002360032000F060F9D4F8883043F040635E
:10194000C4F8883040F6921000F02EFA254C00F0D2
:1019500039FAFFF74FFF042000F006FB6FF07F40DD
:1019600000F0F6FA00F00AFB00F00FFBD4E90001EA
:10197000D4E900238B4208BF8242F9D002B010BDE7
:101980000446022000F064F9022000F035F9104806
:10199000154B1049104A036000200B60136000F0E3
:1019A000E5F9002000F0D8F9002000F0CBF900F0B4
:1019B0007FF800F085F8002000F070F800F066F87D
:1019C000204600F0B5F9022000F01EF9A4E700BFA0
:1019D000100000200C0000200800002000B4C40407
:1019E00000100240681C00200024F400017879B146
:1019F00038B5094D0446284600F03AFA14F8011F9C
:101A00000029F8D1BDE8384003480A2100F030BA77
:101A100001480A2100F02CBA0044004010B4054CE3
:101A2000D4E90023501C43F10001C4E900015DF832
:101A3000044B7047681C002070B50B4ED6E900457A
:101A400000F08CFAD6E90023AB4208BFA242F5D1E0
:101A5000621C45F1000113060906181A41EA122119
:101A600061F1000170BD00BF681C0020024A0346FE
:101A70001068034413607047040000206846024B5E
:101A80001B68C01A704700BF04000020024A136898
:101A900043F480731360704700200240034A1368C8
:101AA00023F0070303431360704700BF0020024088
:101AB000024A136843F480631360704700200240B9
:101AC000024A136843F40073136070470020024019
:101AD0002DE9F0410568C46800264FF0030E43FA73
:101AE00006F7FF070DD577000EFA07FC01FA07F895
:101AF00025EA0C0524EA0C0402FA07F748EA050572
:101B00003C430136102EEAD10560C460BDE8F08187
:101B1000012941680CBF19439943F0B541608168C0
:101B20000024032643FA04F5ED0707D5650006FAFD
:101B300005F721EA070102FA05F529430134102CC3
:101B4000F0D18160F0BDF0B5066A456A00234FF020
:101B50000F0C42FA03F4E70707D59C000CFA04F7D0
:101B600026EA070601FA04F426430133082BF0D1D4
:101B700000234FF00F0C03F1080442FA04F4E407C9
:101B800007D59C000CFA04F725EA070501FA04F4CE
:101B900025430133082BEED106624562F0BD0000FB
:101BA000062825D8DFE800F004090E13181C2000D1
:101BB000104B1868C0F3406070470E4B1868C0F3B4
:101BC000404070470B4B1868C0F380207047094BAA
:101BD0001868C0F340007047064BD3F89000F8E750
:101BE000044BD3F89400F4E7024BD3F89800F0E7E5
:101BF000002070470010024008B502461046FFF76B
:101C0000CFFF0028FAD008BD032808D8DFE800F08D
:101C1000160F08020D4A936813F00C0FFBD17047A2
:101C20000A4A936803F00C03042BFAD17047074A61
:101C3000936803F00C03082BFAD17047034A9368AA
:101C400003F00C030C2BFAD1704700BF00100240C8
:101C5000062831D8DFE800F0040A0F141921290002
:101C6000164A136843F0807313607047134A136871
:101C700043F48033F8E7114A136843F48073F3E7C1
:101C80000E4A136843F00103EEE70C4AD2F8903095
:101C900043F00103C2F890307047084AD2F89430FC
:101CA00043F00103C2F894307047044AD2F89830E8
:101CB00043F00103C2F89830704700BF00100240A3
:101CC000062831D8DFE800F0040A0F141921290092
:101CD000164A136823F0807313607047134A136821
:101CE00023F48033F8E7114A136823F48073F3E791
:101CF0000E4A136823F00103EEE70C4AD2F8903045
:101D000023F00103C2F890307047084AD2F89430AB
:101D100023F00103C2F894307047044AD2F8983097
:101D200023F00103C2F89830704700BF0010024052
:101D3000034A936823F0030303439360704700BF93
:101D400000100240034A936823F4605343EAC0231F
:101D50009360704700100240034A936823F4E063E5
:101D600043EA00239360704700100240034A9368DF
:101D700023F0F00343EA0013936070470010024021
:101D800010B5039C0139640644EA01140299044326
:101D900044EA41541C4344EA0224024B44F0807458
:101DA000DC6010BD00100240430903F1804303F5DD
:101DB000043300F01F001968012282400A431A60B0
:101DC00070470000034AD2F8003843F00403C2F819
:101DD000003870470000065010B50E4C0E4BA04264
:101DE0001B684FEA510206D10C4B1B681344B3FB2E
:101DF000F1F1C1600DE00A4CA042F7D1B3FBF1F460
:101E000001FB143302EB0322B2FBF1F202EB0422DA
:101E1000C26010BD003801400C0000200800002006
:101E200000800040036808290CBF23F4805343F46A
:101E3000805303607047436823F440530B4343606F
:101E40007047036823F4C0630B4303607047036863
:101E500023F00C030B4303607047836823F4407343
:101E60000B4383607047036843F0010303607047CE
:101E700038B504460D4600F014F829462046BDE862
:101E8000384000F00AB8036823F02003036070476D
:101E9000036823F0800303607047C1F30801816287
:101EA0007047C3691B06FCD57047FEE7704700000A
:101EB00038B51D4A1D4B1E498B4220D31D4A0021B7
:101EC000934221D34FF0E0231B4CD3F8142D1B4D2C
:101ED00042F40072C3F8142DD3F8882D42F4700236
:101EE000C3F8882DAC4212D3154C164DAC4212D318
:101EF000FEF70EFC144C154DAC4210D338BD52F811
:101F0000040B43F8040BD7E743F8041BD8E754F855
:101F1000043B9847E6E754F8043B9847E6E754F853
:101F2000043B9847E8E700BF949D020800000020AA
:101F300040010020AC1D00208C9D02088C9D0208F1
:101F40008C9D02088C9D02088C9D02088C9D0208C5
:101F50004FF0E02320F07F40586170474FF0E023BE
:101F6000986920F07F4070474FF0E02200F00400B5
:101F7000136923F004030343136170474FF0E02219
:101F8000136943F00203136170474FF0E0221369B5
:101F900043F0010313617047830730B547D0541EE7
:101FA000002A3ED0CAB2034601E0013C39D303F80F
:101FB000012B9D07F9D1032C2CD9CDB205EB0525BA
:101FC0000F2C05EB054535D9A4F1100222F00F0CBA
:101FD00003F1100EE6444FEA121C1A46C2E90055FE
:101FE000C2E9025510327245F8D10CF1010214F029
:101FF0000C0F03EB021204F00F0C13D0ACF104032E
:1020000023F003030433134442F8045B9342FBD1EF
:102010000CF003042CB1C9B21C4403F8011BA34209
:10202000FBD130BD64461346002CF4D1F9E70346DA
:102030001446C0E71A46A446E0E700BF844641EADA
:10204000000313F003036DD1403A41D351F8043B30
:1020500040F8043B51F8043B40F8043B51F8043B82
:1020600040F8043B51F8043B40F8043B51F8043B72
:1020700040F8043B51F8043B40F8043B51F8043B62
:1020800040F8043B51F8043B40F8043B51F8043B52
:1020900040F8043B51F8043B40F8043B51F8043B42
:1020A00040F8043B51F8043B40F8043B51F8043B32
:1020B00040F8043B51F8043B40F8043B51F8043B22
:1020C00040F8043B51F8043B40F8043B403ABDD291
:1020D000303211D351F8043B40F8043B51F8043B33
:1020E00040F8043B51F8043B40F8043B51F8043BF2
:1020F00040F8043B103AEDD20C3205D351F8043BC2
:1021000040F8043B043AF9D2043208D0D2071CBF8D
:1021100011F8013B00F8013B01D30B8803806046B6
:10212000704700BF082A13D38B078DD010F003032C
:102130008AD0C3F10403D21ADB071CBF11F8013B9C
:1021400000F8013B80D331F8023B20F8023B7BE7EB
:10215000043AD9D3013A11F8013B00F8013BF9D216
:102160000B7803704B7843708B78837060467047B0
:1021700007EE900AF5EEC07AF1EE10FA01D400F005
:102180000BB8F1EE677A08B517EE900A00F004F884
:10219000404261EB410108BDD0B500F0ABFA0C4BF9
:1021A000002206460F4600F017F800F0FBFA04463E
:1021B00000F07EFA074B002200F00EF802460B46B4
:1021C0003046394600F036F900F0ECFA2146D0BD31
:1021D0000000F03D0000F04170B54FF0FF0C4CF4F2
:1021E000E06C1CEA11541DBF1CEA135594EA0C0F55
:1021F00095EA0C0F00F0DEF82C4481EA030621EA90
:102200004C5123EA4C5350EA013518BF52EA0335CA
:1022100041F4801143F4801338D0A0FB02CE4FF07C
:102220000005E1FB02E506F00042E0FB03E54FF0AC
:102230000006E1FB03569CF0000F18BF4EF0010EA4
:10224000A4F1FF04B6F5007F64F5407404D25FEAA0
:102250004E0E6D4146EB060642EAC62141EA555153
:102260004FEAC52040EA5E504FEACE2EB4F1FD0C95
:1022700088BFBCF5E06F1ED8BEF1004F08BF5FEA13
:10228000500E50F1000041EB045170BD06F00046C5
:1022900046EA010140EA020081EA0301B4EB5C0472
:1022A000C2BFD4EB0C0541EA045170BD41F480116A
:1022B0004FF0000E013C00F3AB8014F1360FDEBF8F
:1022C000002001F0004170BDC4F10004203C35DA6B
:1022D0000C341BDC04F11404C4F1200500FA05F3EE
:1022E00020FA04F001FA05F240EA020001F000428F
:1022F00021F0004110EBD37021FA04F642EB060105
:102300005EEA430E08BF20EAD37070BDC4F10C042E
:10231000C4F1200500FA04F320FA05F001FA04F2F2
:1023200040EA020001F0004110EBD37041F10001DE
:102330005EEA430E08BF20EAD37070BDC4F12005E9
:1023400000FA05F24EEA020E20FA04F301FA05F251
:1023500043EA020321FA04F001F0004121FA04F2F9
:1023600020EA020000EBD3705EEA430E08BF20EAC9
:10237000D37070BD94F0000F0FD101F00046400003
:1023800041EB010111F4801F08BF013CF7D041EA85
:10239000060195F0000F18BF704703F00046520089
:1023A00043EB030313F4801F08BF013DF7D043EA5A
:1023B0000603704794EA0C0F0CEA135518BF95EA10
:1023C0000C0F0CD050EA410618BF52EA4306D1D197
:1023D00081EA030101F000414FF0000070BD50EAB6
:1023E000410606BF1046194652EA430619D094EA40
:1023F0000C0F02D150EA013613D195EA0C0F05D12A
:1024000052EA03361CBF104619460AD181EA03017D
:1024100001F0004141F0FE4141F470014FF0000035
:1024200070BD41F0FE4141F4780170BD81F0004182
:1024300002E000BF83F0004330B54FEA41044FEAA9
:10244000430594EA050F08BF90EA020F1FBF54EA44
:10245000000C55EA020C7FEA645C7FEA655C00F0E0
:10246000E2804FEA5454D4EB5555B8BF6D420CDDB1
:102470002C4480EA020281EA030382EA000083EA34
:10248000010180EA020281EA0303362D88BF30BDD4
:1024900011F0004F4FEA01314FF4801C4CEA11312A
:1024A00002D0404261EB410113F0004F4FEA033389
:1024B0004CEA133302D0524263EB430394EA050F14
:1024C00000F0A780A4F10104D5F1200E0DDB02FA83
:1024D0000EFC22FA05F2801841F1000103FA0EF217
:1024E000801843FA05F359410EE0A5F120050EF1DD
:1024F000200E012A03FA0EFC28BF4CF0020C43FA0E
:1025000005F3C01851EBE37101F0004507D54FF01A
:10251000000EDCF1000C7EEB00006EEB0101B1F56A
:10252000801F1BD3B1F5001F0CD349085FEA3000B0
:102530004FEA3C0C04F101044FEA445212F5800FBB
:1025400080F09A80BCF1004F08BF5FEA500C50F158
:10255000000041EB045141EA050130BD5FEA4C0C3B
:10256000404141EB0101013C28BFB1F5801FE9D298
:1025700091F0000F04BF01460020B1FA81F308BFBB
:102580002033A3F10B03B3F120020CDA0C3208DD87
:1025900002F1140CC2F10C0201FA0CF021FA02F162
:1025A0000CE002F11402D8BFC2F1200C01FA02F1D2
:1025B00020FA0CFCDCBF41EA0C019040E41AA2BFF7
:1025C00001EB0451294330BD6FEA04041F3C1CDABF
:1025D0000C340EDC04F11404C4F1200220FA04F0DF
:1025E00001FA02F340EA030021FA04F345EA030189
:1025F00030BDC4F10C04C4F1200220FA02F001FA4B
:1026000004F340EA0300294630BD21FA04F02946CC
:1026100030BD94F0000F83F4801306BF81F4801165
:102620000134013D4EE77FEA645C18BF7FEA655CD8
:1026300029D094EA050F08BF90EA020F05D054EAAA
:10264000000C04BF1946104630BD91EA030F1EBFAF
:102650000021002030BD5FEA545C05D140004941B3
:1026600028BF41F0004130BD14F580043CBF01F5A6
:10267000801130BD01F0004545F0FE4141F470018C
:102680004FF0000030BD7FEA645C1ABF1946104667
:102690007FEA655C1CBF0B46024650EA013406BF68
:1026A00052EA033591EA030F41F4002130BD00BF27
:1026B00090F0000F04BF0021704730B54FF48064E4
:1026C00004F132044FF000054FF0000150E700BF65
:1026D00090F0000F04BF0021704730B54FF48064C4
:1026E00004F1320410F0004548BF40424FF00001B1
:1026F0003EE700BF42004FEAE2014FEA31014FEAF4
:1027000002701FBF12F07F4393F07F4F81F0605142
:10271000704732F07F4208BF704793F07F4F04BF8D
:1027200041F40021704730B54FF4607401F000456A
:1027300021F000411CE700BF50EA010208BF7047CA
:1027400030B54FF000050AE050EA010208BF7047BB
:1027500030B511F0004502D5404261EB41014FF424
:10276000806404F132045FEA915C3FF4D8AE4FF02C
:1027700003025FEADC0C18BF03325FEADC0C18BF0F
:10278000033202EBDC02C2F1200300FA03FC20FA60
:1027900002F001FA03FE40EA0E0021FA02F11444AD
:1027A000BDE600BF4A0011D212F5001211D20DD5BC
:1027B0006FF47873B3EB62520ED44FEAC12343F047
:1027C000004343EA505323FA02F070474FF00000F1
:1027D000704750EA013002D14FF0FF3070474FF0A0
:1027E0000000704708B52DED028BB0EE408A00F076
:1027F00061F8B4EE488AF1EE10FA06D6DFED098AE8
:10280000B4EEE88AF1EE10FA02D4BDEC028B08BDFA
:1028100000F088F988EEA80ABDEC028B2123036042
:1028200008BD00BF0000000008B52DED028BB0EE22
:10283000408A00F043F8F0EE408AB0EE480A00F01B
:102840002FF868B1DFED127AB4EEE78AF1EE10FAF4
:102850000BDCDFED107AB4EEE78AF1EE10FA0FD45C
:10286000B0EE680ABDEC028B08BDDFED0B8A00F00C
:1028700059F9B0EE680ABDEC028B2223036008BD53
:1028800000F050F92223DFED058A0360E8E700BF7E
:102890001772B142B5F1CFC20000807F0000000086
:1028A00010EE103A23F00040B0F1FF4FACBF002013
:1028B00001207047B1EEC00A704700BF10EE103A19
:1028C00023F00042B2F1FF4F53D84FEAD37100F02A
:1028D00092806148834200F38480002BC0F28480A0
:1028E0005E4B9A4248D95E4B9A4200F297805D4A0D
:1028F00002EB8102D2ED004AD2ED027A81F00103AF
:1029000070EE644A5B1A34EEE70ADFED576A9FED1A
:10291000575ADFED575A9FED576A20EE007AA7EE1F
:10292000265ADFED556AE5EE075AE5EE876AA6EE10
:10293000876AF0EE406AE6EE476A20EE266A002BD0
:1029400042D0B0EE007A37EE667AB7EE000AC6EEF5
:10295000076A13F17D0F77EEE67A77EEE47A30EED0
:10296000670A4FDB10EE102A02EBC35300EE103A59
:10297000704730EE000A7047B2F1505F0AD2DFEDC7
:102980003F7A70EE277AB7EE007AF4EEC77AF1EE6E
:1029900010FA5DDC60EE007A9FED337ADFED335A9A
:1029A0009FED336ADFED346AE7EE875A9FED317AA7
:1029B000A7EEA56AE7EE866AA7EEA67AF0EE406A71
:1029C000E7EEC76A20EE266AF0EE007A76EEE76A56
:1029D000B7EE007AC6EE267A77EEC07A37EE670A4F
:1029E0007047002000F07AB8254B9A427FF678AF06
:1029F000002000F06DB8DFED237A002918BFB0EE9B
:102A0000670A704710EE102A643302EBC353DFED00
:102A10001E7A00EE103A20EE270A7047114B9FED08
:102A20001B7ADFED1B6A03EB8103D3ED047AE0EE42
:102A3000077A9FED187AFDEEE77AF0EE404A17EE3E
:102A4000903AF8EEE77AE7EEE64A67EE877A5AE7D9
:102A500030EE070A704700BF1772B1421872B13EDC
:102A60009115853F749D02084CBB31330EEADDB5EC
:102A700055B38A38ABAA2A3E610B36BBCAF24971FC
:102A8000B5F1CF42000000000000800D3BAAB83F26
:102A90008071313FD1F7173710B52DED028BB0EEB5
:102AA000408A044600F03EF8B0EE480ABDEC028BC6
:102AB000046010BD28B1F1EE407A27EE800A222092
:102AC000EAE7F0EE407A27EE800A2220E4E700BF32
:102AD0009FED010AEEE700BF000000109FED010A24
:102AE000E8E700BF0000007000289FED060AF7EE3F
:102AF000007ABFEE007A18BFF0EE477A87EE800AC0
:102B00002220C9E700000000F0EE407A30EE407A63
:102B1000F4EE677AF1EE10FA87EE070A01D621206B
:102B2000BAE77047014B1868704700BF18000020D3
:102B30004220723D00000000206F703D0000000048
:102B400020726570733D0000207061737365733D82
:102B500000000000206379633D0000000D0A0000C2
:102B60007861692D667720626F6F74206E6F64657F
:102B7000733D00002074726565733D0020687A3DE6
:102B8000000000004320693D00000000206D3D0072
:102B9000207068693D000000432065763D0000001C
:102BA000206267453D0000007370696E317300005C
:102BB000696E6665725F746573740000696E666540
:102BC000725F62670000000074726565736861700F
:102BD000000000006F63636C7573696F6E00000026
:102BE0006C696D6535303030000000006B65726EC9
:102BF000656C3231000000006B65726E656C3231BD
:102C0000300000006B65726E656C32303936000042
:102C1000230D0A00D5E1E83F707931400ED3C33D62
:102C20009F679BC00FB71AC071EBB9BEF403884011
:102C3000561008C008E699BFF2840240F092534053
:102C40003C9412BFF6C90BBFBC6BA83E500E36C0F9
:102C500080B3F2BF4D71493F5E3B6D3F5657024016
:102C6000A258773F14402ABF1811CABEAA2EB4BD7D
:102C700023888B3F2FC1BABF6ACE763FC2D23EBFF8
:102C8000F8B989C00B451840EA12C7403D49D2BE89
:102C9000358CE7BEF874733F4722CF3FE8BB424014
:102CA0002247143F8BD857BF70F68F3E715961BFD2
:102CB0004D2526C0ADEE1F40457D0FC00A863BBFA7
:102CC00089AF4F3FA5750FBF0934A23FC0984FBFD2
:102CD00077892DBF9B7704409554D63F854B8FC095
:102CE000B30459C08F4B5C3D8EEA1840A03998BFA1
:102CF0005108C3BF9AD32D406DF61740D4B3A340FB
:102D00002EE7BF3EF9D8CF3FE1D69BBF21A73D407C
:102D1000DC678C3FA71DB4BD34354FBF30F9233F6E
:102D2000E82C393FE86E84BEFDD5E73D27E55DBE62
:102D300012F5EABF4BE5A040375C6FBFE2C41FC08D
:102D4000A1E5DB3FD8DD8CC0762092BF551551BF81
:102D5000EE35053FC0AC1540E3A30F40D7AE36BFFC
:102D600055EB8DBFE0466C3E4B4E6B3FE1E2914030
:102D7000FC8A20BF9261EABF4029803F1EB2DCBFBF
:102D8000FA11A0BFFD7BAABFBADA97BFB02D70BF02
:102D90002C51123F5C6D1D4051D7AEBE13100CC0BC
:102DA000C89A593F401746402D7976401B8079BF1D
:102DB000123DB93EE3D8BCBF9B96E43E36505FC09F
:102DC0002ECFE9BE925F94BFD994FE3E6A70A03FB9
:102DD000F2ABF4BEF5688640DC047BC02A2B133FBF
:102DE0008613A6BF7BDD363E0809663D14789FBF7B
:102DF000C70D4DBD35749C4014D3C9BFD1CFAEC0F3
:102E000047ABF73F74E070402F0486BD8E86113FBC
:102E1000A8AEE6BF416329C07178803F609289BF48
:102E20005DE70840BC85E5BF284D37BF47FBE63F5F
:102E30006986A0BFFB6CD83F8B0E37C04C9CADBEE3
:102E4000186C123E7F25673F9A4E25BFF60814BFC7
:102E50003B0B1FBC8BDA66BF556C1D3EBC14A0BF7C
:102E6000BCD20B3FE77A444048F5C03F00F976BE3C
:102E7000EEA7F73EA3AA91BFC594463FC57F6D3F1D
:102E80000083553FD8763E4090C03E3D021AECBECE
:102E900084887C3E4A8B8B3FD3CCB2BF2BF92CBFAE
:102EA000A8BE40BEFF892BBF95D4403FA977823F83
:102EB000BE15BF3E32ADDB40C20412C0DA0429C0E9
:102EC000FA550BBFC32641BFF49B63C0446A04BFDD
:102ED000387ECB3E3A6C9BBDEA1831BD1AFE69BF05
:102EE0002F2B64BFE8A441BF94AD903E5741F03F03
:102EF0005482D03F9EF6E93FBBF549BF2FA193BF57
:102F0000FF571D407805C1BFD2BF463F1B843F3FDE
:102F1000C4FFCABE672A0D408077FD3DDEB947C0B9
:102F2000B06854407C0B6640396CFD403F9D3ABE12
:102F3000EC86BBBFC4FB343F6A2A6F40A72802C09F
:102F40005A10FEBFC1A0E03F985792BF41288E3F64
:102F500057545CBFA21169409AF088C02015A93F60
:102F6000CD0CE03F7B836A3F0358013B183242BDE2
:102F70009A50483F0D7BF13FCB89E83E7BFE70C005
:102F8000CBF010C014EA11BED643EE3F1BAFCBBE50
:102F9000549F253F867E5640E190E63F16E73D4030
:102FA000740C9DBE0B2659BF4794D2BF8E59913FDA
:102FB000C1168DBF1624C93E73AE933F211381BE47
:102FC000CF31BE3E04F7BE3D0F5E4C3E567B6C3F9C
:102FD0008780A13F9C986FC0EA0E6E40898ACBBD66
:102FE000408C0CC0B383D7BC5B1F04BF2A28D3BF5F
:102FF00000AC6ABFBC4584C0CFE80AC02B8B58C068
:103000005EDBB2BFF4D0C2BE10232C3E7EA8C83F08
:1030100006C2B4BF9D90E43FB3EDBE3E0F4F44BE29
:10302000B2245F3F20C633BF30BB913FB4092ABFF3
:10303000D35400C0543A2041EBF76DC090688A3FEA
:10304000F8CFB83F05F996C0816B9DC0611E604006
:1030500012FF1D3FCCE89EBF8E8E3940EAF1ABC017
:10306000B511AABDD37BD5BD8C29173F343633C0EB
:10307000BEE930C03E4998401A550940FFFF19BFCC
:10308000E6CD29BF18D22DBFF7980C3F499D2FBF21
:10309000AD60D0BE705DA6404EAC49BE377312C065
:1030A000F413E6BF5014B1BF665EC6C0A5E2A33FED
:1030B00046B8B63F4BE6F7BEE4B725C0F9991FBF47
:1030C000E5B0083FC50948BF9C81A03D47EDBC3E27
:1030D00052D03240F606803E16658F3F9B85F9BE82
:1030E0005002BCBD442914BF59A2403FFD20D4BFAB
:1030F000A1291A3F8941A640860885BFCE4217BF45
:10310000C1C186BFFA9034C0C65A203F3EB6A83F20
:10311000AD1BBD3F0C58EC3F89994440E3B0853F5F
:103120005DB7693FE09FBC3F88BA6BBFC5231F3EB8
:103130005C6173BFC72B8C3FCA3FB5BDDA11B23F8C
:10314000D6CCDDBFD8FE4BBF19BA8DBD82D4383F77
:103150007B20A6BFB65A583FC17C813F155E36C062
:103160000DDA0F3FA1CF4240398FE54097831640DB
:103170004DB3C3BFFA7A04BF9E4B784030D80040AD
:1031800087DC8FBF8362463F0B3AE9BE72D55BBED8
:1031900020AD57C055EB493F76DB6FC05DD114BE03
:1031A000B89A9FBFA93B9BBE31AD183F703B153D00
:1031B000F5ECBB3E1A3A1D4144D934C0F709B0C002
:1031C00077606940B7C30B4079446CC09DFF1E40D7
:1031D000416EB6BF0A1E26C064DBD03FAB1BF5BFF5
:1031E000ED34A13F9E111CBFD1E5C63E253B613F9A
:1031F000E0F0BB3F1BCA0B4043801FC02C5EDFBF0B
:10320000D409AE3F37F898BEED2B5F3F9D39B6BE6F
:1032100035B2BEBE77CB1D40E185CBBFDE49CBBF0B
:103220004B0E83BF62C024BE143C17405A5012BEDE
:103230005D67943F05A535406740F23FEAA911401C
:10324000FD4D05BF8C2439BFEF557BBF0093243F54
:10325000F00AC5BFCD14043DCD32F3BEF8884DBF92
:10326000A6A7263F979BEBBBA7A6E8BF6CBDB23FC6
:10327000A35B3BBF953C3F405584113FDCB6E7BFA5
:1032800081288EC002ED9C3DD9219A3F52380640DC
:10329000AEC4FEBE2E5C12402968CB3FFEE747401D
:1032A000B333273F3D5D52BFAF3A043F4FEA33C0CF
:1032B0004EFE4BBFE23A3440B05A793F33DE83BF13
:1032C000F9B4863FF98214BD78E8C5BDBC1418C0B6
:1032D0002F8C623ED29198406696CBBF85A9133F52
:1032E000B8467B3FEBB28FC062565BBFB95B583FBD
:1032F000DA005CBFACC708402648FB3FE8B6CBBE4F
:1033000079E98C3EF486DE3FF6FF0FBFABD4C33FB6
:103310002F209EBE3E7D9FBF2FFBCE3E549C943EF1
:1033200039C483BF57EC2EC0463E6A3FA26D853E2E
:103330000072B63FA2E8B040F19959BF8064C1BFA6
:10334000578A09C06CD28ABFA6F345C01A770440D9
:10335000577F7EBFAC99A8BDFAD00A404165853F32
:103360002FC72F3F0452803EBECFD0BE55D618C0C7
:10337000335990BDBA945740175DD53F6DB623BF02
:1033800053F5CC3FB87CA9BE2B0BBABFE00EC6BF2D
:10339000A01F85BFDFF67B3E53F8F63F1258B5BF3E
:1033A0002A3D02C09433773FAB6C3240D0F33640B5
:1033B000F4A5C53F0CD813C073D9CE3F8BA4EB3F07
:1033C000E5B1FEBEF9E75C3F4C30CB3F144150BF46
:1033D00097504CC01F8C013EFD0BF0BFFD20EABF93
:1033E00006BD853FAACBE63F175F1A3FE769953FC9
:1033F00075F8103F50192DBF380CAEBEB08CB23EE0
:10340000819A843F91DF7540B9415740756BAC3F5D
:1034100029E234BFE54F6C3EB1E55A3D88C931BF62
:103420002FECA13EF1D242BED54463BFB74B5AC088
:103430005E0A023F53232840856CDABFAFF0003F9D
:10344000EE9C0EBFCD2612BFF484F2BE1F0DB53F19
:10345000C400E73E70D311410CE48DBF697B92C07C
:103460009AD5733EE95404BFA44204C16ED1024010
:103470005C2E67BE0738A5C080E014C082C4A8C017
:1034800063ED893F723D243EF23721BFA6C1C33FA1
:10349000270ABD3ED06F2D4011187CBE01A2C43C4E
:1034A00046854FBE09FABEBF68845F3C6988D43F39
:1034B000F92D7B3E58F2CEC018F1C43F59DEEC3DE9
:1034C000625B3140F056EB404CF3B1408B42BEBEE4
:1034D0000C0487BEBE25C1BF87D10CBF8A6B0EC04E
:1034E0008183B4BF6654FEBE0AC6E0BD9A7670C042
:1034F0004886D03C54C367408419BDBF142FA1BD7A
:10350000B9AC943F4AAA8E3EBC7F75BFEF43913F52
:1035100045518B3E591188BFED981F40901201C054
:10352000AA5FC3C0D68B3DBEFDDBE540BB4DAB3FC4
:10353000AAFF953FCA2322BFBC3A024063F88340EA
:10354000BB1C66BFE9685ABFE3CEC03E5832E73FB6
:103550004E52E6C0D14F82BF7E7E3FC021BE5DBECF
:103560001C0FE3BDBAF1933E62B9A2BEDC1DD9BF08
:10357000BCF808BF0AC49BC0B05F2D40D58BCEBE3F
:1035800056B5F83FA9B71F408331E940F1493A3FAA
:10359000FE39B4BE867EB43E6D81B53F53D432BF92
:1035A000C0C3373F0EA87F3E2FCCEE3E0F0E14BF98
:1035B000AF8B30C0688008BEE0769ABF5A5B83BF8D
:1035C000EC30B23F49D20BC001B0A6BF461CEE3E64
:1035D0007E3ECB3FCC9FF440961CE9C027E26DBFF6
:1035E00016B20A404BFEAF3E62480EC17DBCF73FAB
:1035F0006310D8BE92EC5FBF0C70ABBF6ABA85C0D7
:10360000B0DE7A3F258430BFB5DD30BFD4C082C084
:10361000EDF53BC0437546401A7E8140FADAA1BF02
:10362000D1B5F6BE75872CBEA1EBEABEABECE53D8D
:1036300095C0703FD37A5C408220853C04D85CC042
:10364000EE13343F6AEEE93FBA264E3FF36B674014
:10365000103CF7BE3699A5BF896E653F3FA8A6BE50
:10366000575D5F3F6CDB99BF3EE308409E1498BFF7
:10367000ABD824C0193B093F46F07CBF80E81D3F12
:10368000FD93C73F4EF2F13E8D3DCC3F86C98ABFC8
:1036900074140BBFB79008C024911740BB5429C0C5
:1036A0002EEB4540ECA22940FD6FCF40CF388C3D3A
:1036B000B6DA253F942B18C022138B3FECA647C0E7
:1036C00003DF0A3F941540BFCE119D3E3087354041
:1036D000B3E05EC0642DF3BD79D05FC04193F93E85
:1036E000B8E5253F71D288BF0183D03F809D013F5F
:1036F000CD80AD3F7E771140DB4FCDBF0FFE9FBF2A
:10370000FBD303C00D4A803F25A9B4BEE96CA0BF1E
:10371000D8C040BDE445B63FE448683F244B693D0E
:1037200065CB90BF395C6BBF30A2C4BEE388B6BF27
:1037300012CBFABEE5BF87405EBBA83F1508563ED8
:1037400000B8003F28CB233EFCC3F83CD17D5ABFD4
:1037500024FCF33C336CE33F466E06BFD9CF62BE18
:1037600067BB25BF8273E3BFABCA38BF4D14353F7B
:10377000246256BE2E54A83F0F38B23F579635BE2E
:103780002892C53E895D5D3FE9D0BA3E3DEB88BFDA
:1037900029F6DABF7A77933F9A9512401986743FDB
:1037A0007CDEE83F087208BF5E2D2EBFCB1F033FB3
:1037B0004CBB1CBC7E8DD33EE047A83FA16038BF08
:1037C000298018C0546EE53E0599DF3F5F2B07BF87
:1037D000B0AB273E00439ABF6B985B3F6ED538BEB7
:1037E000540BF33E0697064041F701BE1368A43E12
:1037F000CBB947BF014B2F406E2895BFDCFA24BFE1
:1038000087050A3E5184573E38AB923FCE4E3CBFAF
:10381000A83C953C24E0034198027ABF55F43EC091
:10382000589ECFBE92D5313F51A422C03FEBA53F59
:103830003906EB3FA80530C002FEFA3E2BC262C03B
:103840002D9A87BF1C0595BFA7B51BC001D7593B53
:10385000E45BB43FAECDAD40C0310DC0E86DCC3EB1
:103860005154BEBE2BF51BBF29EF763F1ACAC83E86
:103870008533623DF731B3400E754ABE06A62B3F35
:1038800018DF8DBFF83F8CC091D0183F13152F4023
:10389000E75458BFA93E1B40F3A70940024F163F0B
:1038A000CEBE09BF1CD242BF754A633E032147BE4C
:1038B000D1205B3E6C8AA6BD183FCABE20A364BF60
:1038C000B3E18BBE28FACFBFC7873A3FBAAA8A3F77
:1038D0002A0B93BF9F5CB7402F2493C02251A43D75
:1038E000DBC18F3F881098BFBD6555C0F2479F3F31
:1038F0003B012F40D52B303F54BD15405300C5BF71
:103900007350DE3FA50A43BC1EF42EBE1E2E35C0EA
:1039100057CB2AC0B9ED47408A4E2440294601BF03
:10392000338287BF5258F6BE1FC785BE66E25B3F33
:1039300006CB383F452D6E4017204ABF289A3DC020
:10394000283B473F95B529403C7CC4400155044085
:103950006FB125BF6E587D3FD8355D402CA0C83F64
:10396000939EB53EE4E891BFDC17813F3291E3BD01
:10397000CD56F2BF80A9B13F67B480C0F8F08A3E4F
:103980004456F53EABCF13BE08A79BBF7C8E1DBF30
:10399000FC7BDE3F5181F53F8442CEBE3B2B39C0DC
:1039A0009B7F52C01EAAD33F39B9803F2118B7BFB1
:1039B000DB27BD3DC9FF06400029E83D78AD164034
:1039C000D460693E6C5243BDAB347EBDDB34FE3EF9
:1039D000E9CF2C3F4C8F0C400322B8BE4D05C9BF28
:1039E0000D47053EFFF88EBFC627B0BEA8E948BE0A
:1039F00087102E3FC01B803F96AF89BFA7BB2DC04D
:103A000095F996BF3E43883F847454C0010E42BF6F
:103A10000418383FE7A0F3BED11A65BF42FF703EDD
:103A2000009CB03DC21D3DBE1EF34CBF0234933D11
:103A300013EBB6BF03C64E3FCAE20F40DC9322BE73
:103A400079AC603DFB6A82BF8C4B94BFC4FF083DDC
:103A50001237283FB319B7BF1C34ED3F59A0E63EDB
:103A6000E7DD27C03C5F3EBF4C9923C03B6625BFC6
:103A7000A5E706BFAEBFD2BF349206BFC649D43E4B
:103A800084DF13BFC7D1A1BF26AC1CBF5C5B11BFD5
:103A90007F4C3C3F1C25B23FD89ADE3F80A21A3FA4
:103AA000267D84BD532C1FBF435B9CBF900ED4BFAB
:103AB0002327C6BF060B8D40DA05D8BF7FC5F4BFEC
:103AC000B381C2BFC17899BEE016D3BEAB07463FF3
:103AD000887E53BFAD26B33F395B344011A9D23F36
:103AE000184CB13FAF4DB2BD8AE4D2BB74F7A6BF4C
:103AF000D892B2BF200F2D4012738A3F04C058BE27
:103B000015033C3F94EBF13E86958EBE1F35D5BF25
:103B1000F8D1FB3E824BD440BBCB26C0BFE048C0AF
:103B20002A3038BE1DFE70BF4C3237C0B8C0B1BF9E
:103B30008FC7353EE3FF5B3FC64B8A3FFAD3323B2C
:103B40005F4F433F4FEA3B3EA62DB3BF6B042D4072
:103B5000C2DC9D3F1543B93FAC84DABE9A9045BDA7
:103B60006B822BBFF62AA73F7C1C31BF584FA5BFE5
:103B7000BF00D1BF78E9DB40C36EF53E972723C075
:103B800062BE66BFFF2B90C04190EBC028575840E3
:103B900098CEA8BEE4E01EBFB0F7CA3E329B223FDB
:103BA000D8B4FD3E47F9B53FE49A7B3F37F8F23E83
:103BB0007E939B3F6EA1B3BF30023740C722C5BD85
:103BC000362DCC3E068CC83E13D3AEBE3AE7C23F7C
:103BD000C11EC2BE89060FC1474638403384024029
:103BE0003AA836C0E0DB004018A5044064AFD3BF5C
:103BF000AD87E73D4918A13E190276BF4D284240E6
:103C000072FBF7BEB22BF3BE44CA8A3D59EB15C016
:103C10001C7D24BF851A88BE5D3A18403FE44FBF23
:103C2000CCD293BF3047CF3EF1A24EBF8120B3BF6D
:103C3000A27D1C3FE477D63FF2DA703FD41C9FBFD1
:103C400094FAABBF1E2C1F406CDF8240B40D344091
:103C5000BE599EBF37D0DBBF08B38F3F299B9C3E28
:103C6000887F0DC0A12194BFC18AF7BAE9C5D7BF2B
:103C700031CEECBFABF4094030205CC097D7E5BE35
:103C8000AA9401BF1A4D603D16A061BFA76CEE3E1D
:103C9000DE2D5BBE1E6FA1C01F084E4065A0F13F28
:103CA000A35E38C02018903FE193C84026F3343F0C
:103CB000DA4F76BFF788003F32BDE23FB8572B405E
:103CC0005148FCBFE46F9CBE88B620BFAB321AC01F
:103CD0004AA4CDBF3AB6963F7B9B57BF409481BF65
:103CE000B0DF0BBF4043A6BFD15AC8BFFF0C60BFB7
:103CF0009BC1FFBF691A11C0E978F33F3829393FEA
:103D0000476E5DBCE6B0253F92AE78C06FD91040DB
:103D1000C602573F171A40C07D57F7BF9F0E0DBF11
:103D2000DC6ADEBFFAB5143F6F64D4BE540735C0F9
:103D3000DB5A333F19D6D4BEA95503406808483E24
:103D400061861A3FE4AD2C3F118328BF8E52923F0B
:103D5000C55F3EBE09DD47C14C6F3540DB432C409B
:103D6000505E043FF623B040D4DC2A405099FFBF98
:103D7000FAEA06BF82F2C4BF20FA4DBF20CF6840E6
:103D8000EA0714BE6B44143FB751AABEF08F4CC073
:103D90005DC0843FC5D19CBF8AC18F3FB75C6B3F7C
:103DA000C14F0F401D7EC93FF89EC9BF9B32DC3E0C
:103DB0001DD1B33EFAC3E640C4E781BFD4EECBBF0A
:103DC00039DB0FBFB2C464C0F2FE3DC0B5A09F3F57
:103DD0003520003FB420823F30C7A23F0AA17FBFF9
:103DE000C7F28EBFB63774BFA7B7C0BE65EB8C3FB6
:103DF0001D12483FF932973F6CC11F3F71F2C1BE9F
:103E000097F23B3F747B4F3F50A7113FF0C3F2BF87
:103E1000A6AB8CBD9D069B408D103F3F082D5CC01E
:103E2000ABD263C0746DB9BF6911F43F0071064035
:103E300057CBCA3FCFD68D40CAEDCA3F8B8B8A4045
:103E400012036DBF94B2A73F30F56A3E75129D3ED6
:103E500001D60D3F3078D2BE02ADEABD199BB2BF8C
:103E6000FC201ABF5CC586BFD084C63F0232B53E77
:103E70005AE17BBF085D2541A511BBBF008BA4C0E3
:103E8000B2D3063F8B79033F866E8F3F01673A407E
:103E90001E94B93FBD6218C099C6B33FC87B68C0C5
:103EA0001540D73C7A00D2BF5A62423F40390F409A
:103EB000423D18C066CC4640E9D294C0F49FCBBFC7
:103EC000235C94BD374E9F3FD069D8BFABB66A3FE5
:103ED0000AC0843F322E1441AB7615C079B6F6BFC6
:103EE0000DE9843FFD1583C095FAA3C02085D13F1D
:103EF000A6D8B23F343CE83E74195C3ECBE838BDEE
:103F00009CD2AB3E07C4D63E9EAC0C3F18D1554068
:103F1000E92131408ACF17C09E50AABFA555043F62
:103F2000134781BFE1751F3FDCFCB73F14ACD43DA4
:103F3000DC28723F0889394074AFBCBEB38A00C028
:103F4000732C5FC05BD7053EDB44263EF7724A40C8
:103F5000BBFA07C0B546C43FEAFBEF3F22171D403E
:103F60001B56D83EB6F499BFDEF1CBBF5E6A79C06E
:103F70001BB364C0727D1A40C7C61D40526E81BF1C
:103F8000E7F9763F9F3C0C3F1CF45BBFCC7D2EBF16
:103F90004A04A2BFCED0A0BFC812233FF0106EC00B
:103FA000C85DBCC0C73D4940D2432FC09773A3BE74
:103FB000E7A923BE55803BBF848E94C04A37D2BE4A
:103FC000C4ED04BD90C6F2BF6F8F25BEEE3EF9BFB3
:103FD000706359C0A6712F4098EA4A40FDEB094032
:103FE000E041303F77AAC1BE4B4CC53F3D6849BF59
:103FF0005068803F01D9E93F3A1D7BBF7F8B2FC0BE
:10400000E69FB13D8F926B40248C08408899843F95
:1040100087C956BF747899BFB77727BE876BAFBE85
:104020009E9508BFAC627E3FA24650BF3E13C9BEFC
:10403000541AE2BFF28FB93F761E25C00A0ACB3D63
:104040006BEAC73FB14E413FE4FD0A3E19BBE53F75
:10405000E1BD63BF6458CF3FB318083FCA8C2EBF81
:104060006200ADBB58740340E7629F40CD23F93E28
:10407000F82FEEBFB5AA5BBD506EB43FCE9EFABF1F
:10408000F7FD3C3F10AFE43F4BCA6D3DD8654FBFD5
:104090006BF2C4BE2CB180404CAC3FC0F98C9F3E4B
:1040A00000F46C4069F10E3F3F70CFBD2BFF4A3FDB
:1040B00060F4473FFD576C40570824C095E4333CFB
:1040C000D81CCABFFFDE0D3F4A87BB3E9C9D7ABE0F
:1040D00026D6C23F51A3D8BE9D91D13F8B1DD6BFDE
:1040E0008C8A85BEAC0F8CBC9BC6C6BD0851EEBF8A
:1040F0008A9B21C040AEA440A8BD42BE43C5D13D6D
:10410000F44501BF47D943BFFCF0A2BE2FC037BF63
:1041100023E8F0BE1AB4AD3FA18DABBEE3336DC052
:104120001A5A0F3EF4A93A40FD054E4050438ABF4B
:104130009D0F0340B71525BFE4751C4045DEFD3FCC
:10414000E9264B3F52DC393B105916C03D1911404E
:1041500089C790BF6A7E613F179435C07A97B6BE13
:10416000B382DBBD23DC733F1B6994BEDB9E7A3ECA
:1041700008AAF03E6DED82C0E2133840A98A743E71
:10418000A7FC43C04C140140FA4D6E408280C03EF3
:104190005F50853FF0BEEABFC9BE32BF5E9DB83EEC
:1041A0000FC805BE9DC5B4BFA9D7863E7FDB94BFAF
:1041B000542A19C0EF22AB3F81FB8EBFEF024C3F68
:1041C000E0E37B3F849E9B3F4E102F3F0BBD8EBE96
:1041D000E8508A3ED5543040719DD13F484491C04B
:1041E000521E88C0EB273B3F0A20B4400F563FC009
:1041F00024D00D3FD6498540ED7A534022A7904008
:10420000DA7C77BF72CA163E0D065A3FF4FD634052
:1042100077DB004001CD3340001B19C0AF8F68BF72
:10422000E03A593F0FEEDCBF14CA6FBF5AA140BF3E
:10423000F8BBC2BE36723340A271FFBE16F4C9BFCE
:104240002BB566C01921A13E6E22A23ED50F254096
:10425000C22CF53E0313F53FC961EB3FB2B6A43F54
:104260005390613F665C14C089E83A3F195B95C082
:104270001F1958C0B7A98640B13E44406239C23EBA
:1042800043DB7DBF4FD6E73F2E1B2F3FD57038BD98
:10429000C0FE95BEE4DDC6BFEFCD98BE56EF773FBA
:1042A00089E030C0E36C093F6DF8ED3FFD621140DD
:1042B00092C9E23ADC770D40386E663F6B9CEB3F6B
:1042C000A62F6A3FB646B73DCC27F93E068FA4C05D
:1042D000CCF37BC0DA45DF3FEEC64140C1AD0840BC
:1042E000E6F485BF0B31B6BE494E5EBFF35DBEBF7F
:1042F0008B28C53F349104403D96DE3FB0E24C3DF3
:1043000003708CC0A4A405C06130DDC08CBEFC3F2E
:10431000E704C8BE51EA3CC06EA2ADBFC312F33E73
:10432000A624AA3F5A8B2C3F2A6C90BE9A0E18C026
:10433000282E8A3F300BFA3F1E993E40852E903F33
:10434000EDFB93BEEFF5EDBEC02BF3BE6C9198BDB7
:104350007F81833F70379FC0540A0C40272D573F01
:10436000AEE6ABBF051B694086E9F540AC70B83FCF
:10437000AD8FCE3E83A4593F419D0640CD39444088
:1043800035B513BF919819BF625ED6BEF0B45FC059
:10439000461603C099B1A23F0420CFBF205F7ABF69
:1043A000AE2DD2BD25BBA03FEAFD96BEAD61343F28
:1043B00008262A3ECEAC90403A1C30C082D1D73E6F
:1043C000109333BF1EF184BF4B3BA1BFE8B9EE3F52
:1043D0001A1C873E7A6A203F23F9ED3FC5B0BFBF64
:1043E00026D61C3EF18EB13F983C453F5CA35BC096
:1043F000B7D13CC0D27673404B52F43F52B0D03E5E
:10440000E56883BF9CC26F3F71DBAE3DCA799E3FBA
:104410008FDE044088D96B3E2AE1DE3E9435B8BF7A
:10442000F63BB43B450190403B3F11410AC0823FFF
:10443000AFE81A3F5550693F14514E40C2C1EE3E9D
:1044400024BB813DCC74303F2E82963F4494F7BF0D
:10445000BC57F8BF93148540689085C061CFFF3E7C
:104460003740D03E148B4F3FC9F3EF3CC86B97BF2A
:104470006EBB7BBFF78A4A40BA5BFF3F62755AC08A
:1044800093E7D7BFC29CC3BF00BB48C09435F13F80
:10449000E8B292BD57CE60C0DF5C293EDCFD89BF2B
:1044A000C740D53E3ADE5B3E1E60103F9D7EC73F53
:1044B000454D1BC03792A83ECEFE413F8AB5D63F40
:1044C000715735BFC0D420BF6C0D5ABF9BA031BE01
:1044D000A65B363F0DFE17402FF05DBB7C35A2BFBB
:1044E000784D16C0030686BF3B45854011D408BEF3
:1044F000AAF307BF98244440B2357740A81E2E4047
:10450000C21D983F14C27CBF8B9E6FBF5A474C3E62
:10451000CBC0D2BF8355FC3F8B5FA5BE94219A3E92
:1045200093CFD23E2F3E7A3E67716ABFDDED06BF64
:10453000B2B7A2BE7AF31040B077BEBE0B4034C013
:10454000ACBFE0BF3EDAB53E0A43A3BF615044BFF3
:10455000E6809EBF38E08B3FCF87AC3F687102405A
:10456000C5DEEC3E84455BBDB43ABA3D76F8963E76
:104570003486323EE67FD03FFB8CAF3F87DB89BE7F
:1045800057702E3D4A508CBD62C610C052B7EFBF67
:104590001988103E4AF8674055ED96BFB910C83DDE
:1045A00054A4C93EBAC020C0BFC74CC0693436BE8F
:1045B000893A893E6147FFBEB8AF9C3F08743BC053
:1045C000191F6A3D19C7F33E481EF43F4D6291BE64
:1045D0006CA547BF2EF635402FFC0E40DFD2FEBF44
:1045E0008CF182BD2249843E7BA0A03FE68D23BE94
:1045F000CDFFFF3B72C5B540978326C05AF6EEBF8C
:10460000FD25AC3DB9D306C0CF617C3F853FAE3FB1
:10461000327410C07A8246407DDC3D40F4350A4059
:1046200035F0DEBFB92D263E04FE0F3F0114803F5A
:10463000C57CFABF91D082BFBE2F8EBE0B0DEC3F62
:104640001A68703FAB38C13E19ECC53FB162DC3E21
:10465000A3B1BE3FA70A3CBE832119BEA51AF9BF6C
:104660008875063F901BAFBF5F8508C154B5AB3F4F
:10467000A07CB23F9A99E4BF926008C0E740034033
:104680002588993F4E5A8C3EBACF5E3E2D0CFC3E9B
:10469000D0E568BC25869DC020C889404B3A793E4C
:1046A000BCC777BFA5154E3E80891D3F355B84BFD3
:1046B000D381C63E3E3B9FC0A1F539406DDAE2BDD5
:1046C000766C42BFA6011A4053DC7D40DF126F3E7C
:1046D0005F5885BF690CC7BFA02C9D3F3C6FBE3F94
:1046E00086087F3EB10FA03F696394BFB0C48ABF04
:1046F000C8E7EABF4940FB3E30AE04BF22FFC5BF5A
:1047000065AD4DBF1F75D03F159B8EBE5D2BB03F75
:1047100061E7B6BEB0E29F4069E5BABE0E28CDBFE4
:10472000335F01C0A54CB2BF28937FBF5EF062BE6D
:10473000FD6FB83E1C9F9C3F9365D83FAF29D23E8A
:10474000EA1A68BFE1F29FBE1DB583BFA84EA93E1D
:10475000C7D2BF3F6DF2474015C80C3EB682A33F9B
:1047600006F9123FD1713C3F6865093FA21D67BF42
:10477000744ADB3F22136B40386165BE9F8A01BFDC
:104780004E1285C0E66039BF5037C640D3361C4054
:104790000EA34CBFB01E8E400A86744003A4224074
:1047A000BAEB20BF57B556BD25F40340C48A53C0A9
:1047B000006F49C0306E7D40E02888BEB542893E1A
:1047C0002A1F353FE167A53F3520383FB891A03F0C
:1047D000F66F13BFFFE6CC4031ECD03F2CC644C08F
:1047E000BE1B32C09D3B08C058E1493F207A314092
:1047F0006E0C053F33B6D9BFC0CA3240CFBE5DBFD5
:1048000014EC103F772D9A3FE5AF6E3BAC7C223F16
:10481000D1A52BC0047D4D40B1AB91BF459EEC3E70
:104820007FC1213F0E9DCABF3C530F3FAF3445BEF1
:1048300067A5873FF959DB3FDAAF0BBF14DC4BC0EC
:10484000523C4DC06501BD3FD42091407EFB763E79
:1048500019A787BF8E4881409F3100405D28914055
:104860002A63833D71CFF1BE22CDCBBFC51A10BEE6
:10487000570EF9BFF901143F69B526BF14F240BFC6
:104880001CC30EBF689D9E3E9EE4893E188AA13ED1
:104890008FE70F3F0B61AEBF9F4A1040A03B54BF54
:1048A00079B185BF9964A43F8831BD3F85B43B3F52
:1048B00044D79E3E97F33FC013E3BA3FEC939D3F2E
:1048C000098D333F181279BF448E97BF15CC573CE2
:1048D00059D37CBF532D383F15CBB7BF477BC2BDE3
:1048E00041ACBD3D6464A73E75FF8EBF96F4E9BE42
:1048F00054A531BFE574543FAFA1A83F97761FC0C0
:1049000029C2D93FDC52F53F8E259ABFA6701340CD
:10491000D1036ABEBC6860C0EC8AD4BE46900AC0AF
:104920004DF1853F63F135BE4585143FAEBE0CBFEA
:104930004A7E8FBF38470D3F9D3AB7BE47EDA23F35
:104940003B8DF43F8AC3D4BD245910BF0C4176BDC2
:104950004B4C633FD2B60041AB4933BFD598AFC093
:10496000F7A0B93D125E40BF58AC67C0CC20804074
:104970002892373F05040CC0262BCB3F4B43553FB5
:10498000D4A8643E6183963F9D9F20BE9B729F3F4B
:10499000587902C05ED55DBFAFF602BFEFEC35BF00
:1049A000AEEC523F1DCC123FB6CCDA3E932E6EBF1A
:1049B0004D1ED63FF2E7B840D91ECDBF68E264BFB6
:1049C0006038B3BF34FC1AC0B591BE4092E8783F5E
:1049D0006106A93E287E9D4081DB9140347FB43F33
:1049E000CFEA213FA5293DBFCD1793BF414ABA3E2B
:1049F000573F19C0A1D8034064D0C7BF5C01333F03
:104A0000C988EDBF9FD69A3D871F623EE05889BF97
:104A10005726DA3F17138D40C9DFF2BEB3532BC0C0
:104A2000C9F3F9BE96CCB5BE13568A40D5C5AFBD05
:104A30006918B1BE00223140992C7B3FA59600BF7A
:104A400066BFB33F553985BF532A533F4F9E284019
:104A5000FE0902BF1F57423F396237C07624D13E5C
:104A6000214A853E8D88D7BD7F4E403F77D40ABE10
:104A7000A12E9F3FE6AED43F3C5A82BF01EB12BE4F
:104A8000B46A7AC02E1B313F4C051840676A124049
:104A9000BA556A3FB7EC4C409A3CF63FEBA6E53F6F
:104AA0003DACDABF14D2563F8E7D88BE5DB2B1C038
:104AB0000FDB5FC096008D40E92423409E3FF53F09
:104AC00070EA723F345B80BFB761D93E9F6AC43FD2
:104AD0006AE7DBBF6152153FFAC80E3E22F444C0BC
:104AE00007E11FC0BF4BCC3F8647CCC03BB9613FFD
:104AF00015D042BFB9689DBFE59B8BBF0100064042
:104B0000C44D9EBF98DFD8BE3D570D3FA25C2AC062
:104B10003799073C2A1AB03F6D1D8E405E326B3FBD
:104B2000C6068D3F518833BF40AA1B405B1CA1BF06
:104B3000230B1340C40BA4408D4203C0B82A223F6C
:104B400081BD4EC0A76073BF01E11C4048D78640BD
:104B500093BCCEBF37CB16407B4308401F468A3FED
:104B600081F719BF0B9FB43F67017BBE473E98C0DA
:104B7000C84B75C08AA44540B5AE893D509CD23E15
:104B8000440FDC3F93691F3FE1E6093F8232EE3F6D
:104B90003DFA66BFFA7EADBE358A953FBF2C64BF35
:104BA0009C76AE3F33826D4056521441785E793F19
:104BB00044C3BABF7142FA3EB9223B40B9BFA1BF5C
:104BC000DEEB74BFB5556DBF3F08013FF94696BF98
:104BD0000F80D4BF26A56940EBF788C0A3568E3F4F
:104BE000720F50BF7CB3A33F385D95BFE05B0D3EB5
:104BF0002887873FE07A4E402562C03FAF451CC002
:104C00000897C2BF7CC013C04EE74F3F498095BF95
:104C10001335863F899CC13FEEFC3F40008B993F96
:104C2000C4F5D1BE078FB43FAC45253FC85A2A40D2
:104C300025CA8B3F9A06D13F19A52F3EAC90B93FAC
:104C4000D4649B3F1A28B93E2ACB9ABF65AB053F77
:104C5000F8BEAFBEB6F857407FA8A4BFD9834CC0FA
:104C60006AFD2C4015863F4043DA754079479BBF6B
:104C700097724E3F162B0ABE865620405F0D71BFBD
:104C8000772693BE5EA4573F144201BE6C34174092
:104C9000C619153FD10C1340E42B80C0F07077BFCC
:104CA000CFE46E3F69F5D03E68ACF7BEDCCEB63ED1
:104CB000D436F93F47A5EE40B1DB00C06B06FEBE1F
:104CC000A6C51EBF4F2954C0B58577406ADE0ABE0F
:104CD000E8C9BB3F055467403D7A8240742EEFBE61
:104CE000F9C03FBF8F3E303F7AEF56BF6921F03F9A
:104CF0004379F3BEF47C3140634015C05C2F6D3EB8
:104D0000B216CF3E3BCFDFBF42F27B3D7E2A9A3FB9
:104D1000696D8F3E294E0E4168FC56BFAE728BC046
:104D2000383EDB3FCCCB853D2761D6C007B5FD3F84
:104D3000D9050CBF42029BC01A55B63E994764C0C4
:104D400070F7C83F3D6A05BEFB017B3EE39C9B3F7D
:104D5000037FF13F6DDF4440284C80BF4C3A733EE7
:104D600011444E3F9880403E8AA996BF1554C43ED8
:104D700019FC4B3FC8FCA54055052BC0834F14BF01
:104D8000C97E4FBE86A6B4BF33CF92C05468B93F28
:104D9000D0A0333ECA1B723E6A5A0FBF633ED6BFD5
:104DA000AB7103C0F311523FB49808BEC33FC8BFF4
:104DB000580401BF501FC63FDCBCFB3FEB1ACE3F7F
:104DC0000CEB273F644D15BE20CC64BE3BD58ABE9C
:104DD000424AA13E741ACFBFA280363DAE5281BF77
:104DE000378BD83E57B52140A6042E40D952113DED
:104DF000262B42BF8ED310BFE402D03F83D668403B
:104E0000D761F5BE48EFCE3D0B6D293BAC88103F16
:104E1000D5EEA6BE6ABBD6BF619913C02569163E02
:104E2000AC88603E923E0EBF6874224011DA56BFD5
:104E3000C72B9EBECD701D41B51721C042C13E405B
:104E4000CC89773FD591FCC085120FBF17B4CE40F7
:104E50008B53AFBFFA8F3D4000ED834050E602C058
:104E6000C405F53EC2F005C0104E09BE602D48C015
:104E7000AB433AC0D9B6CE3EB86AA63F2B5D9CBFC5
:104E800026A55C3E0487AE3F3A33323FFFC7E6BEFD
:104E9000B95DBC3F935CC64097993FC02424254030
:104EA00002AB523FB34D87C0BBCC7F3F9F1922401E
:104EB00090C7C8BE25E7A73F530B84401448D4BF12
:104EC000D305C23FF5DABB3F133E833FD7DAECBFD1
:104ED000FCEF3EC028B70B40F2A769BD2C6C253F04
:104EE000394C37BF0DB64FBF0F44873F9455D43F61
:104EF0008421783E4C94AEC0CE80044074CD0140F5
:104F00003EAB5DBF53690F40FED82C4121FAF53E00
:104F10008F40BFBF26615C4056077340D6768A40FB
:104F2000F9007ABE6FED42C0174493BE9E8B15C048
:104F30003DDFC8BF70DD8A3EC43319C0D1EFA63E45
:104F4000F9EA60BF66730C3E2CA0064058058BBF83
:104F50005AEFA03D73ED87BE379578BE3E5501C030
:104F600052BA0EC0CC1E413F9FA8A13DF731C43FAD
:104F7000FBF6313FA62CCE3F0BB6CF3E3E4950400C
:104F80009AD91D3EE36A10404252A13F6A7CE1BFBC
:104F9000A2AA40C0DBDF60BF8DF90E4066FA50BFA9
:104FA00035D416BD7D420ABF511ADCBE678B963ED2
:104FB000AE45713FCD864CC039021540A56D933E7C
:104FC000911485C06124CE3F86BC9940B6CE0C407A
:104FD000FEF433BFA36F3F3E5FE5973FB3CB69401D
:104FE0005A429B3FB50BBF3E1E6D29BE6AAC48C0FE
:104FF000E2FB54C018D7413F74AACABEDE7F193EF7
:105000002436D93EB9EBDDBE416783BFCCAA88BC4C
:10501000AE3F803FEC48DB40BCA4BBBF1FDA7EC084
:1050200007EC18C0B419B63B542691C0B00AED3F46
:105030009B8B4EBFEB554D3FFF607F3EE55E34409E
:10504000EB830B3FDCFC953F373FE6BD64F40BBFC1
:10505000D0F3D73F80AB6B3F059A483F4F5800BF16
:105060000E4EC1BF8E84063F66F8C3BE958A103FC0
:105070003D707A3F3ED3C04064D828BFE19C6EBFEC
:10508000F598A4BFD06B36C03CDEBABEBA7DDB3F1C
:10509000B774D63ED4F62540FD825440674D003F9C
:1050A000816F6FBF8FD504C031599F3DB1FDB4BF33
:1050B000AE5FC93D7B3B42401965BE3F443106BFF0
:1050C000CAA01A3EC61F423EA84F88BF137BC83DE8
:1050D0006C15773FBC6F3E40C563143F77D539C030
:1050E0003BAD64C063ADA1BE9AD0503FBFFD084048
:1050F0001F8EFD3E9C2B5A40630A1240A4244A4056
:10510000818E0D3DB08AB7BE9D4FA33F1BC333C0F8
:105110002A42C7BFF7321E403AD734401292503F5E
:10512000EB76753F89345E3E484DCF3F3DA1B0BE22
:105130002AB88C3DE25ABEC0F5C6954091995F3FB2
:105140007023A8C0A4E0B7BF0024D33F1BEA1F40D0
:10515000313969BFE4F512C0F4032E3FAA26AD40F1
:1051600036235BBE9F8BEDBE4E989C3FCC9D7BBF94
:105170005AD390C01D0566C05A309D3FA2DB37BE92
:10518000F31AC6BEEF79043F1FEBD9BE9728CE3D78
:105190000C88BB3F40469CC02B8F47400026373FC2
:1051A000A0591640A5098F3E38F997BDF21AD83E8E
:1051B0008D6FFCBEC9200FC01291723E3B6703BFCA
:1051C000949EE13EBD6684BFD2D7A93F54061DBE62
:1051D000D90CAE3E1141DCBFB61A993F85B60D3BE6
:1051E000C767653E5C64FEBDA630B4BF7FF9A83FCB
:1051F000FC3CE43EBDA0AA4010E6DE3F6D435EC02D
:105200007BF811C0838357C031099DC04AFE9B4083
:105210004FAAACBF60B558C031C86E3E675B023F55
:105220004396E7BE8351D13FF99A6ABF19972E3F43
:10523000B1E359C09FAD02C062ACAE3FA1F78D3F54
:105240001385BFBE229CA63D2A60E4BEB0577D3DBB
:1052500053D1E8BEE8ECB3BD6D5B713F5BB483BF77
:10526000E58357BF44377A3FC2C545405123463E88
:105270002DD62D3E5F24BCBC4A19F33F9043973F87
:10528000AE6B75BF5AC4DEBE8A51AD3F6BAACFBAB2
:10529000A30789BFB4EF9B3F1AF096BFD2A8123F75
:1052A0005242253F3794133FADFB143FD427843F30
:1052B000EAA49CBFF55F0040A90AF43DE64786C01A
:1052C000DB6689BF221C5EBEB96584BF9C14FABF31
:1052D0003D34833F0F1EA03FE17CD93F162C604038
:1052E0006A5199BF0D6D523E88B5E1BFC5F9664060
:1052F00057074C3FFA8589BF13DEDD3E34129A3FD3
:10530000022BE2BE65FD54BFF60B393F5EA710BF0E
:105310000A8C0E40E25D033E9638F83FFBE4673F9F
:10532000BA7005C0A9E25BBF84A811409837364027
:1053300040B607BF0105C53E7ECF0F40FA772E402D
:10534000CB799A3E81043E401636713FE64921C032
:105350009EA9CFBE9A92003F64F173BEC1BF08BF41
:1053600045F68D3F10B1ABBE42C066BF5585DB3EF2
:10537000A614ECBE04B0A7C02BCF37409FF33A4031
:10538000AA978CC041020B403FD49F401D64613FEF
:10539000ED236C3F7AC7153DC5D535BF1B9BFA3E43
:1053A000ED72A0BFE6DFABBF3E4C3E3F4E339AC02E
:1053B000CC02ABBF059A6F401C941ABED020533E5E
:1053C000EF8F933F33C99F3FA71A20BFD60B523FA1
:1053D00073739F3F218AAC3FFDCCE03E0D7E61C0E0
:1053E000B98C56C036F5CC3F2CC838C065C2A93E32
:1053F000DF83233E45EA973EA37C7ABFAD10204071
:1054000049A2C7BE6BBC013F67F790BFF35780BF8F
:105410007A1C9F3EB4E19D3F64CC004015DB45BE45
:105420008ECDB0BE2536183F1D206A3E65346BBE5A
:10543000B4E8123FF97A9B40C9A133C0B3FAE8BE81
:105440006723A9BFE0F841BF05B79BBFC35902401E
:10545000DB6980BF2A37513F0646BA3EABF65BBFD9
:10546000C99AEB3E30958D3F712CCD3D08CD0CC0D7
:10547000EB6235C023EA0140BA334F3F0A03433F92
:10548000BCFAA73FBA4005C0BE844FBEF8C6C9BF2C
:10549000BA90C83F4BACD03FC890033FA015BDBEEB
:1054A000B492B53F9761073EE1E0C4BE2688F53F60
:1054B0004D9367BEF84411BE19BCA73F30694EBD7D
:1054C0001A9A95BFC07016BEEF05EE3EA4FCC6BF8B
:1054D000BFB7B03F73D5453FAFB0183EADB8D5BDEF
:1054E00009DE423F822C0C3F40C59DBE5E431E3FFD
:1054F00059098D3F4826A6C0E99A6340B6D01C40A2
:105500009244A8C02056023F90C41441522D64BF5B
:1055100018D10ABF54314C3FF2757F3F5F87BF3FC0
:10552000251292BFDEB0863F7D936FBF70EA0ABF3F
:105530006CA73CC0B3A10F40F23337C065F3C0BDC8
:10554000E0BF923FD9FC8C3E03BCEDBE4066C03E3E
:10555000826223BF57ACBD3FEEE4953F2469613FB3
:1055600088D387C027F47E3EB4EB4940FE01FC3F60
:1055700092281DBF540D08BEB6CC2240DAE064402C
:10558000F853A53F9946503F75C2393F3F7522C039
:105590002C4B523977AC2C4020E80BC0053A35BF74
:1055A000D6FEB73F16588ABF7A57B73F7BA4B9BE1D
:1055B000A0D0FA3E6097A940BD4DD1BFBCABB7BFEC
:1055C000489BCABF11ADA63F4E905840B459ACBEDF
:1055D0000F324ABF3578E63F42D54240FB32CA3FE0
:1055E0004A45103FBCAA66BFDA5CD33EC5D161BE56
:1055F0008284BB3F3753884045A84FC007FC373FE4
:10560000A966123F4EDB71BE9D25BEBF2E526EBFF6
:105610007D5779BE539F94C0599C473F6F47483E82
:1056200048B3913E99F998405E6BF2406631723E04
:105630006139CCBD57148D3F4B16F73F4F3E334079
:105640008E8E463E01295E3FCB942ABD8F041AC040
:105650002D9EB1BF18AC5F3F5B7416C0795E5DBF15
:1056600095EE5EBF49FBB23E7B77A1BCA28AA1BF8B
:105670006826FFBE921C79402982F73D4FF922C06F
:105680009CE7B33F214AD93FD79D063F5B5D204051
:105690009841DDBE5F0103C089E20D3F837E04C0F7
:1056A000777CE0BEA9DB923E280D193FDB0AE6BEFF
:1056B000DE64E9BED043E73FD7C607C0CCD4103F75
:1056C0007865483FB3F1A63F5C9D723F949FE6BF6B
:1056D000810DE1BE7F22F6BFDB03AB3F8C29D73FB4
:1056E000387FBBBF9702DE3FADDFA840B7F0E93F90
:1056F000120E304085AED93FF34B3DBEAC7351BF67
:10570000DE19733FD87EDB3F753C553F3AA280C01F
:10571000FDA568BFC9AA37403B8B34BF2B19233F77
:1057200015BD7ABD983C7BBFFDE1273F4FA1D43E1C
:105730001517DB3D2469E3C0A6050340AB3C52BD11
:105740008CB304403F317A40921374BF76A4C6BE36
:10575000010290BD314302C01C82AE3ED16438408C
:1057600081D7D2BE3F3624BF737BBBBF2BEB0AC0B1
:10577000A565B43F8852B4BF1CEF004066BD11BFA1
:10578000E9FDA2BFDB2592BD33F59E3FBB6747BF56
:1057900033EDAABED5E1E83F707931400ED3C33D69
:1057A0009F679BC00FB71AC071EBB9BEF403884066
:1057B000561008C008E699BFF2840240F0925340A8
:1057C0003C9412BFF6C90BBFBC6BA83E500E36C04E
:1057D00080B3F2BF4D71493F5E3B6D3F565702406B
:1057E000A258773F14402ABF1811CABEAA2EB4BDD2
:1057F00023888B3F2FC1BABF6ACE763FC2D23EBF4D
:10580000F8B989C00B451840EA12C7403D49D2BEDD
:10581000358CE7BEF874733F4722CF3FE8BB424068
:105820002247143F8BD857BF70F68F3E715961BF26
:105830004D2526C0ADEE1F40457D0FC00A863BBFFB
:1058400089AF4F3FA5750FBF0934A23FC0984FBF26
:1058500077892DBF9B7704409554D63F854B8FC0E9
:10586000B30459C08F4B5C3D8EEA1840A03998BFF5
:105870005108C3BF9AD32D406DF61740D4B3A3404F
:105880002EE7BF3EF9D8CF3FE1D69BBF21A73D40D1
:10589000DC678C3FA71DB4BD34354FBF30F9233FC3
:1058A000E82C393FE86E84BEFDD5E73D27E55DBEB7
:1058B00012F5EABF4BE5A040375C6FBFE2C41FC0E2
:1058C000A1E5DB3FD8DD8CC0762092BF551551BFD6
:1058D000EE35053FC0AC1540E3A30F40D7AE36BF51
:1058E00055EB8DBFE0466C3E4B4E6B3FE1E2914085
:1058F000FC8A20BF9261EABF4029803F1EB2DCBF14
:10590000FA11A0BFFD7BAABFBADA97BFB02D70BF56
:105910002C51123F5C6D1D4051D7AEBE13100CC010
:10592000C89A593F401746402D7976401B8079BF71
:10593000123DB93EE3D8BCBF9B96E43E36505FC0F3
:105940002ECFE9BE925F94BFD994FE3E6A70A03F0D
:10595000F2ABF4BEF5688640DC047BC02A2B133F13
:105960008613A6BF7BDD363E0809663D14789FBFCF
:10597000C70D4DBD35749C4014D3C9BFD1CFAEC047
:1059800047ABF73F74E070402F0486BD8E86113F11
:10599000A8AEE6BF416329C07178803F609289BF9D
:1059A0005DE70840BC85E5BF284D37BF47FBE63FB4
:1059B0006986A0BFFB6CD83F8B0E37C04C9CADBE38
:1059C000186C123E7F25673F9A4E25BFF60814BF1C
:1059D0003B0B1FBC8BDA66BF556C1D3EBC14A0BFD1
:1059E000BCD20B3FE77A444048F5C03F00F976BE91
:1059F000EEA7F73EA3AA91BFC594463FC57F6D3F72
:105A00000083553FD8763E4090C03E3D021AECBE22
:105A100084887C3E4A8B8B3FD3CCB2BF2BF92CBF02
:105A2000A8BE40BEFF892BBF95D4403FA977823FD7
:105A3000BE15BF3E32ADDB40C20412C0DA0429C03D
:105A4000FA550BBFC32641BFF49B63C0446A04BF31
:105A5000387ECB3E3A6C9BBDEA1831BD1AFE69BF59
:105A60002F2B64BFE8A441BF94AD903E5741F03F57
:105A70005482D03F9EF6E93FBBF549BF2FA193BFAB
:105A8000FF571D407805C1BFD2BF463F1B843F3F33
:105A9000C4FFCABE672A0D408077FD3DDEB947C00E
:105AA000B06854407C0B6640396CFD403F9D3ABE67
:105AB000EC86BBBFC4FB343F6A2A6F40A72802C0F4
:105AC0005A10FEBFC1A0E03F985792BF41288E3FB9
:105AD00057545CBFA21169409AF088C02015A93FB5
:105AE000CD0CE03F7B836A3F0358013B183242BD37
:105AF0009A50483F0D7BF13FCB89E83E7BFE70C05A
:105B0000CBF010C014EA11BED643EE3F1BAFCBBEA4
:105B1000549F253F867E5640E190E63F16E73D4084
:105B2000740C9DBE0B2659BF4794D2BF8E59913F2E
:105B3000C1168DBF1624C93E73AE933F211381BE9B
:105B4000CF31BE3E04F7BE3D0F5E4C3E567B6C3FF0
:105B50008780A13F9C986FC0EA0E6E40898ACBBDBA
:105B6000408C0CC0B383D7BC5B1F04BF2A28D3BFB3
:105B700000AC6ABFBC4584C0CFE80AC02B8B58C0BC
:105B80005EDBB2BFF4D0C2BE10232C3E7EA8C83F5D
:105B900006C2B4BF9D90E43FB3EDBE3E0F4F44BE7E
:105BA000B2245F3F20C633BF30BB913FB4092ABF48
:105BB000D35400C0543A2041EBF76DC090688A3F3F
:105BC000F8CFB83F05F996C0816B9DC0611E60405B
:105BD00012FF1D3FCCE89EBF8E8E3940EAF1ABC06C
:105BE000B511AABDD37BD5BD8C29173F343633C040
:105BF000BEE930C03E4998401A550940FFFF19BF21
:105C0000E6CD29BF18D22DBFF7980C3F499D2FBF75
:105C1000AD60D0BE705DA6404EAC49BE377312C0B9
:105C2000F413E6BF5014B1BF665EC6C0A5E2A33F41
:105C300046B8B63F4BE6F7BEE4B725C0F9991FBF9B
:105C4000E5B0083FC50948BF9C81A03D47EDBC3E7B
:105C500052D03240F606803E16658F3F9B85F9BED6
:105C60005002BCBD442914BF59A2403FFD20D4BFFF
:105C7000A1291A3F8941A640860885BFCE4217BF99
:105C8000C1C186BFFA9034C0C65A203F3EB6A83F75
:105C9000AD1BBD3F0C58EC3F89994440E3B0853FB4
:105CA0005DB7693FE09FBC3F88BA6BBFC5231F3E0D
:105CB0005C6173BFC72B8C3FCA3FB5BDDA11B23FE1
:105CC000D6CCDDBFD8FE4BBF19BA8DBD82D4383FCC
:105CD0007B20A6BFB65A583FC17C813F155E36C0B7
:105CE0000DDA0F3FA1CF4240398FE5409783164030
:105CF0004DB3C3BFFA7A04BF9E4B784030D8004002
:105D000087DC8FBF8362463F0B3AE9BE72D55BBE2C
:105D100020AD57C055EB493F76DB6FC05DD114BE57
:105D2000B89A9FBFA93B9BBE31AD183F703B153D54
:105D3000F5ECBB3E1A3A1D4144D934C0F709B0C056
:105D400077606940B7C30B4079446CC09DFF1E402B
:105D5000416EB6BF0A1E26C064DBD03FAB1BF5BF49
:105D6000ED34A13F9E111CBFD1E5C63E253B613FEE
:105D7000E0F0BB3F1BCA0B4043801FC02C5EDFBF5F
:105D8000D409AE3F37F898BEED2B5F3F9D39B6BEC4
:105D900035B2BEBE77CB1D40E185CBBFDE49CBBF60
:105DA0004B0E83BF62C024BE143C17405A5012BE33
:105DB0005D67943F05A535406740F23FEAA9114071
:105DC000FD4D05BF8C2439BFEF557BBF0093243FA9
:105DD000F00AC5BFCD14043DCD32F3BEF8884DBFE7
:105DE000A6A7263F979BEBBBA7A6E8BF6CBDB23F1B
:105DF000A35B3BBF953C3F405584113FDCB6E7BFFA
:105E000081288EC002ED9C3DD9219A3F5238064030
:105E1000AEC4FEBE2E5C12402968CB3FFEE7474071
:105E2000B333273F3D5D52BFAF3A043F4FEA33C023
:105E30004EFE4BBFE23A3440B05A793F33DE83BF67
:105E4000F9B4863FF98214BD78E8C5BDBC1418C00A
:105E50002F8C623ED29198406696CBBF85A9133FA6
:105E6000B8467B3FEBB28FC062565BBFB95B583F11
:105E7000DA005CBFACC708402648FB3FE8B6CBBEA3
:105E800079E98C3EF486DE3FF6FF0FBFABD4C33F0B
:105E90002F209EBE3E7D9FBF2FFBCE3E549C943E46
:105EA00039C483BF57EC2EC0463E6A3FA26D853E83
:105EB0000072B63FA2E8B040F19959BF8064C1BFFB
:105EC000578A09C06CD28ABFA6F345C01A7704402E
:105ED000577F7EBFAC99A8BDFAD00A404165853F87
:105EE0002FC72F3F0452803EBECFD0BE55D618C01C
:105EF000335990BDBA945740175DD53F6DB623BF57
:105F000053F5CC3FB87CA9BE2B0BBABFE00EC6BF81
:105F1000A01F85BFDFF67B3E53F8F63F1258B5BF92
:105F20002A3D02C09433773FAB6C3240D0F3364009
:105F3000F4A5C53F0CD813C073D9CE3F8BA4EB3F5B
:105F4000E5B1FEBEF9E75C3F4C30CB3F144150BF9A
:105F500097504CC01F8C013EFD0BF0BFFD20EABFE7
:105F600006BD853FAACBE63F175F1A3FE769953F1D
:105F700075F8103F50192DBF380CAEBEB08CB23E34
:105F8000819A843F91DF7540B9415740756BAC3FB2
:105F900029E234BFE54F6C3EB1E55A3D88C931BFB7
:105FA0002FECA13EF1D242BED54463BFB74B5AC0DD
:105FB0005E0A023F53232840856CDABFAFF0003FF2
:105FC000EE9C0EBFCD2612BFF484F2BE1F0DB53F6E
:105FD000C400E73E70D311410CE48DBF697B92C0D1
:105FE0009AD5733EE95404BFA44204C16ED1024065
:105FF0005C2E67BE0738A5C080E014C082C4A8C06C
:1060000063ED893F723D243EF23721BFA6C1C33FF5
:10601000270ABD3ED06F2D4011187CBE01A2C43CA2
:1060200046854FBE09FABEBF68845F3C6988D43F8D
:10603000F92D7B3E58F2CEC018F1C43F59DEEC3D3D
:10604000625B3140F056EB404CF3B1408B42BEBE38
:106050000C0487BEBE25C1BF87D10CBF8A6B0EC0A2
:106060008183B4BF6654FEBE0AC6E0BD9A7670C096
:106070004886D03C54C367408419BDBF142FA1BDCE
:10608000B9AC943F4AAA8E3EBC7F75BFEF43913FA7
:1060900045518B3E591188BFED981F40901201C0A9
:1060A000AA5FC3C0D68B3DBEFDDBE540BB4DAB3F19
:1060B000AAFF953FCA2322BFBC3A024063F883403F
:1060C000BB1C66BFE9685ABFE3CEC03E5832E73F0B
:1060D0004E52E6C0D14F82BF7E7E3FC021BE5DBE24
:1060E0001C0FE3BDBAF1933E62B9A2BEDC1DD9BF5D
:1060F000BCF808BF0AC49BC0B05F2D40D58BCEBE94
:1061000056B5F83FA9B71F408331E940F1493A3FFE
:10611000FE39B4BE867EB43E6D81B53F53D432BFE6
:10612000C0C3373F0EA87F3E2FCCEE3E0F0E14BFEC
:10613000AF8B30C0688008BEE0769ABF5A5B83BFE1
:10614000EC30B23F49D20BC001B0A6BF461CEE3EB8
:106150007E3ECB3FCC9FF440961CE9C027E26DBF4A
:1061600016B20A404BFEAF3E62480EC17DBCF73FFF
:106170006310D8BE92EC5FBF0C70ABBF6ABA85C02B
:10618000B0DE7A3F258430BFB5DD30BFD4C082C0D9
:10619000EDF53BC0437546401A7E8140FADAA1BF57
:1061A000D1B5F6BE75872CBEA1EBEABEABECE53DE2
:1061B00095C0703FD37A5C408220853C04D85CC097
:1061C000EE13343F6AEEE93FBA264E3FF36B674069
:1061D000103CF7BE3699A5BF896E653F3FA8A6BEA5
:1061E000575D5F3F6CDB99BF3EE308409E1498BF4C
:1061F000ABD824C0193B093F46F07CBF80E81D3F67
:10620000FD93C73F4EF2F13E8D3DCC3F86C98ABF1C
:1062100074140BBFB79008C024911740BB5429C019
:106220002EEB4540ECA22940FD6FCF40CF388C3D8E
:10623000B6DA253F942B18C022138B3FECA647C03B
:1062400003DF0A3F941540BFCE119D3E3087354095
:10625000B3E05EC0642DF3BD79D05FC04193F93ED9
:10626000B8E5253F71D288BF0183D03F809D013FB3
:10627000CD80AD3F7E771140DB4FCDBF0FFE9FBF7E
:10628000FBD303C00D4A803F25A9B4BEE96CA0BF73
:10629000D8C040BDE445B63FE448683F244B693D63
:1062A00065CB90BF395C6BBF30A2C4BEE388B6BF7C
:1062B00012CBFABEE5BF87405EBBA83F1508563E2D
:1062C00000B8003F28CB233EFCC3F83CD17D5ABF29
:1062D00024FCF33C336CE33F466E06BFD9CF62BE6D
:1062E00067BB25BF8273E3BFABCA38BF4D14353FD0
:1062F000246256BE2E54A83F0F38B23F579635BE83
:106300002892C53E895D5D3FE9D0BA3E3DEB88BF2E
:1063100029F6DABF7A77933F9A9512401986743F2F
:106320007CDEE83F087208BF5E2D2EBFCB1F033F07
:106330004CBB1CBC7E8DD33EE047A83FA16038BF5C
:10634000298018C0546EE53E0599DF3F5F2B07BFDB
:10635000B0AB273E00439ABF6B985B3F6ED538BE0B
:10636000540BF33E0697064041F701BE1368A43E66
:10637000CBB947BF014B2F406E2895BFDCFA24BF35
:1063800087050A3E5184573E38AB923FCE4E3CBF04
:10639000A83C953C24E0034198027ABF55F43EC0E6
:1063A000589ECFBE92D5313F51A422C03FEBA53FAE
:1063B0003906EB3FA80530C002FEFA3E2BC262C090
:1063C0002D9A87BF1C0595BFA7B51BC001D7593BA8
:1063D000E45BB43FAECDAD40C0310DC0E86DCC3E06
:1063E0005154BEBE2BF51BBF29EF763F1ACAC83EDB
:1063F0008533623DF731B3400E754ABE06A62B3F8A
:1064000018DF8DBFF83F8CC091D0183F13152F4077
:10641000E75458BFA93E1B40F3A70940024F163F5F
:10642000CEBE09BF1CD242BF754A633E032147BEA0
:10643000D1205B3E6C8AA6BD183FCABE20A364BFB4
:10644000B3E18BBE28FACFBFC7873A3FBAAA8A3FCB
:106450002A0B93BF9F5CB7402F2493C02251A43DC9
:10646000DBC18F3F881098BFBD6555C0F2479F3F85
:106470003B012F40D52B303F54BD15405300C5BFC5
:106480007350DE3FA50A43BC1EF42EBE1E2E35C03F
:1064900057CB2AC0B9ED47408A4E2440294601BF58
:1064A000338287BF5258F6BE1FC785BE66E25B3F88
:1064B00006CB383F452D6E4017204ABF289A3DC075
:1064C000283B473F95B529403C7CC44001550440DA
:1064D0006FB125BF6E587D3FD8355D402CA0C83FB9
:1064E000939EB53EE4E891BFDC17813F3291E3BD56
:1064F000CD56F2BF80A9B13F67B480C0F8F08A3EA4
:106500004456F53EABCF13BE08A79BBF7C8E1DBF84
:10651000FC7BDE3F5181F53F8442CEBE3B2B39C030
:106520009B7F52C01EAAD33F39B9803F2118B7BF05
:10653000DB27BD3DC9FF06400029E83D78AD164088
:10654000D460693E6C5243BDAB347EBDDB34FE3E4D
:10655000E9CF2C3F4C8F0C400322B8BE4D05C9BF7C
:106560000D47053EFFF88EBFC627B0BEA8E948BE5E
:1065700087102E3FC01B803F96AF89BFA7BB2DC0A1
:1065800095F996BF3E43883F847454C0010E42BFC4
:106590000418383FE7A0F3BED11A65BF42FF703E32
:1065A000009CB03DC21D3DBE1EF34CBF0234933D66
:1065B00013EBB6BF03C64E3FCAE20F40DC9322BEC8
:1065C00079AC603DFB6A82BF8C4B94BFC4FF083D31
:1065D0001237283FB319B7BF1C34ED3F59A0E63E30
:1065E000E7DD27C03C5F3EBF4C9923C03B6625BF1B
:1065F000A5E706BFAEBFD2BF349206BFC649D43EA0
:1066000084DF13BFC7D1A1BF26AC1CBF5C5B11BF29
:106610007F4C3C3F1C25B23FD89ADE3F80A21A3FF8
:10662000267D84BD532C1FBF435B9CBF900ED4BFFF
:106630002327C6BF060B8D40DA05D8BF7FC5F4BF40
:10664000B381C2BFC17899BEE016D3BEAB07463F47
:10665000887E53BFAD26B33F395B344011A9D23F8A
:10666000184CB13FAF4DB2BD8AE4D2BB74F7A6BFA0
:10667000D892B2BF200F2D4012738A3F04C058BE7B
:1066800015033C3F94EBF13E86958EBE1F35D5BF7A
:10669000F8D1FB3E824BD440BBCB26C0BFE048C004
:1066A0002A3038BE1DFE70BF4C3237C0B8C0B1BFF3
:1066B0008FC7353EE3FF5B3FC64B8A3FFAD3323B81
:1066C0005F4F433F4FEA3B3EA62DB3BF6B042D40C7
:1066D000C2DC9D3F1543B93FAC84DABE9A9045BDFC
:1066E0006B822BBFF62AA73F7C1C31BF584FA5BF3A
:1066F000BF00D1BF78E9DB40C36EF53E972723C0CA
:1067000062BE66BFFF2B90C04190EBC02857584037
:1067100098CEA8BEE4E01EBFB0F7CA3E329B223F2F
:10672000D8B4FD3E47F9B53FE49A7B3F37F8F23ED7
:106730007E939B3F6EA1B3BF30023740C722C5BDD9
:10674000362DCC3E068CC83E13D3AEBE3AE7C23FD0
:10675000C11EC2BE89060FC147463840338402407D
:106760003AA836C0E0DB004018A5044064AFD3BFB0
:10677000AD87E73D4918A13E190276BF4D2842403A
:1067800072FBF7BEB22BF3BE44CA8A3D59EB15C06B
:106790001C7D24BF851A88BE5D3A18403FE44FBF78
:1067A000CCD293BF3047CF3EF1A24EBF8120B3BFC2
:1067B000A27D1C3FE477D63FF2DA703FD41C9FBF26
:1067C00094FAABBF1E2C1F406CDF8240B40D3440E6
:1067D000BE599EBF37D0DBBF08B38F3F299B9C3E7D
:1067E000887F0DC0A12194BFC18AF7BAE9C5D7BF80
:1067F00031CEECBFABF4094030205CC097D7E5BE8A
:10680000AA9401BF1A4D603D16A061BFA76CEE3E71
:10681000DE2D5BBE1E6FA1C01F084E4065A0F13F7C
:10682000A35E38C02018903FE193C84026F3343F60
:10683000DA4F76BFF788003F32BDE23FB8572B40B2
:106840005148FCBFE46F9CBE88B620BFAB321AC073
:106850004AA4CDBF3AB6963F7B9B57BF409481BFB9
:10686000B0DF0BBF4043A6BFD15AC8BFFF0C60BF0B
:106870009BC1FFBF691A11C0E978F33F3829393F3E
:10688000476E5DBCE6B0253F92AE78C06FD9104030
:10689000C602573F171A40C07D57F7BF9F0E0DBF66
:1068A000DC6ADEBFFAB5143F6F64D4BE540735C04E
:1068B000DB5A333F19D6D4BEA95503406808483E79
:1068C00061861A3FE4AD2C3F118328BF8E52923F60
:1068D000C55F3EBE09DD47C14C6F3540DB432C40F0
:1068E000505E043FF623B040D4DC2A405099FFBFED
:1068F000FAEA06BF82F2C4BF20FA4DBF20CF68403B
:10690000EA0714BE6B44143FB751AABEF08F4CC0C7
:106910005DC0843FC5D19CBF8AC18F3FB75C6B3FD0
:10692000C14F0F401D7EC93FF89EC9BF9B32DC3E60
:106930001DD1B33EFAC3E640C4E781BFD4EECBBF5E
:1069400039DB0FBFB2C464C0F2FE3DC0B5A09F3FAB
:106950003520003FB420823F30C7A23F0AA17FBF4D
:10696000C7F28EBFB63774BFA7B7C0BE65EB8C3F0A
:106970001D12483FF932973F6CC11F3F71F2C1BEF3
:1069800097F23B3F747B4F3F50A7113FF0C3F2BFDC
:10699000A6AB8CBD9D069B408D103F3F082D5CC073
:1069A000ABD263C0746DB9BF6911F43F007106408A
:1069B00057CBCA3FCFD68D40CAEDCA3F8B8B8A409A
:1069C00012036DBF94B2A73F30F56A3E75129D3E2B
:1069D00001D60D3F3078D2BE02ADEABD199BB2BFE1
:1069E000FC201ABF5CC586BFD084C63F0232B53ECC
:1069F0005AE17BBF085D2541A511BBBF008BA4C038
:106A0000B2D3063F8B79033F866E8F3F01673A40D2
:106A10001E94B93FBD6218C099C6B33FC87B68C019
:106A20001540D73C7A00D2BF5A62423F40390F40EE
:106A3000423D18C066CC4640E9D294C0F49FCBBF1B
:106A4000235C94BD374E9F3FD069D8BFABB66A3F39
:106A50000AC0843F322E1441AB7615C079B6F6BF1A
:106A60000DE9843FFD1583C095FAA3C02085D13F71
:106A7000A6D8B23F343CE83E74195C3ECBE838BD42
:106A80009CD2AB3E07C4D63E9EAC0C3F18D15540BD
:106A9000E92131408ACF17C09E50AABFA555043FB7
:106AA000134781BFE1751F3FDCFCB73F14ACD43DF9
:106AB000DC28723F0889394074AFBCBEB38A00C07D
:106AC000732C5FC05BD7053EDB44263EF7724A401D
:106AD000BBFA07C0B546C43FEAFBEF3F22171D4093
:106AE0001B56D83EB6F499BFDEF1CBBF5E6A79C0C3
:106AF0001BB364C0727D1A40C7C61D40526E81BF71
:106B0000E7F9763F9F3C0C3F1CF45BBFCC7D2EBF6A
:106B10004A04A2BFCED0A0BFC812233FF0106EC05F
:106B2000C85DBCC0C73D4940D2432FC09773A3BEC8
:106B3000E7A923BE55803BBF848E94C04A37D2BE9E
:106B4000C4ED04BD90C6F2BF6F8F25BEEE3EF9BF07
:106B5000706359C0A6712F4098EA4A40FDEB094086
:106B6000E041303F77AAC1BE4B4CC53F3D6849BFAD
:106B70005068803F01D9E93F3A1D7BBF7F8B2FC012
:106B8000E69FB13D8F926B40248C08408899843FEA
:106B900087C956BF747899BFB77727BE876BAFBEDA
:106BA0009E9508BFAC627E3FA24650BF3E13C9BE51
:106BB000541AE2BFF28FB93F761E25C00A0ACB3DB8
:106BC0006BEAC73FB14E413FE4FD0A3E19BBE53FCA
:106BD000E1BD63BF6458CF3FB318083FCA8C2EBFD6
:106BE0006200ADBB58740340E7629F40CD23F93E7D
:106BF000F82FEEBFB5AA5BBD506EB43FCE9EFABF74
:106C0000F7FD3C3F10AFE43F4BCA6D3DD8654FBF29
:106C10006BF2C4BE2CB180404CAC3FC0F98C9F3E9F
:106C200000F46C4069F10E3F3F70CFBD2BFF4A3F2F
:106C300060F4473FFD576C40570824C095E4333C4F
:106C4000D81CCABFFFDE0D3F4A87BB3E9C9D7ABE63
:106C500026D6C23F51A3D8BE9D91D13F8B1DD6BF32
:106C60008C8A85BEAC0F8CBC9BC6C6BD0851EEBFDE
:106C70008A9B21C040AEA440A8BD42BE43C5D13DC1
:106C8000F44501BF47D943BFFCF0A2BE2FC037BFB8
:106C900023E8F0BE1AB4AD3FA18DABBEE3336DC0A7
:106CA0001A5A0F3EF4A93A40FD054E4050438ABFA0
:106CB0009D0F0340B71525BFE4751C4045DEFD3F21
:106CC000E9264B3F52DC393B105916C03D191140A3
:106CD00089C790BF6A7E613F179435C07A97B6BE68
:106CE000B382DBBD23DC733F1B6994BEDB9E7A3E1F
:106CF00008AAF03E6DED82C0E2133840A98A743EC6
:106D0000A7FC43C04C140140FA4D6E408280C03E47
:106D10005F50853FF0BEEABFC9BE32BF5E9DB83E40
:106D20000FC805BE9DC5B4BFA9D7863E7FDB94BF03
:106D3000542A19C0EF22AB3F81FB8EBFEF024C3FBC
:106D4000E0E37B3F849E9B3F4E102F3F0BBD8EBEEA
:106D5000E8508A3ED5543040719DD13F484491C09F
:106D6000521E88C0EB273B3F0A20B4400F563FC05D
:106D700024D00D3FD6498540ED7A534022A790405C
:106D8000DA7C77BF72CA163E0D065A3FF4FD6340A7
:106D900077DB004001CD3340001B19C0AF8F68BFC7
:106DA000E03A593F0FEEDCBF14CA6FBF5AA140BF93
:106DB000F8BBC2BE36723340A271FFBE16F4C9BF23
:106DC0002BB566C01921A13E6E22A23ED50F2540EB
:106DD000C22CF53E0313F53FC961EB3FB2B6A43FA9
:106DE0005390613F665C14C089E83A3F195B95C0D7
:106DF0001F1958C0B7A98640B13E44406239C23E0F
:106E000043DB7DBF4FD6E73F2E1B2F3FD57038BDEC
:106E1000C0FE95BEE4DDC6BFEFCD98BE56EF773F0E
:106E200089E030C0E36C093F6DF8ED3FFD62114031
:106E300092C9E23ADC770D40386E663F6B9CEB3FBF
:106E4000A62F6A3FB646B73DCC27F93E068FA4C0B1
:106E5000CCF37BC0DA45DF3FEEC64140C1AD084010
:106E6000E6F485BF0B31B6BE494E5EBFF35DBEBFD3
:106E70008B28C53F349104403D96DE3FB0E24C3D47
:106E800003708CC0A4A405C06130DDC08CBEFC3F83
:106E9000E704C8BE51EA3CC06EA2ADBFC312F33EC8
:106EA000A624AA3F5A8B2C3F2A6C90BE9A0E18C07B
:106EB000282E8A3F300BFA3F1E993E40852E903F88
:106EC000EDFB93BEEFF5EDBEC02BF3BE6C9198BD0C
:106ED0007F81833F70379FC0540A0C40272D573F56
:106EE000AEE6ABBF051B694086E9F540AC70B83F24
:106EF000AD8FCE3E83A4593F419D0640CD394440DD
:106F000035B513BF919819BF625ED6BEF0B45FC0AD
:106F1000461603C099B1A23F0420CFBF205F7ABFBD
:106F2000AE2DD2BD25BBA03FEAFD96BEAD61343F7C
:106F300008262A3ECEAC90403A1C30C082D1D73EC3
:106F4000109333BF1EF184BF4B3BA1BFE8B9EE3FA6
:106F50001A1C873E7A6A203F23F9ED3FC5B0BFBFB8
:106F600026D61C3EF18EB13F983C453F5CA35BC0EA
:106F7000B7D13CC0D27673404B52F43F52B0D03EB2
:106F8000E56883BF9CC26F3F71DBAE3DCA799E3F0F
:106F90008FDE044088D96B3E2AE1DE3E9435B8BFCF
:106FA000F63BB43B450190403B3F11410AC0823F54
:106FB000AFE81A3F5550693F14514E40C2C1EE3EF2
:106FC00024BB813DCC74303F2E82963F4494F7BF62
:106FD000BC57F8BF93148540689085C061CFFF3ED1
:106FE0003740D03E148B4F3FC9F3EF3CC86B97BF7F
:106FF0006EBB7BBFF78A4A40BA5BFF3F62755AC0DF
:1070000093E7D7BFC29CC3BF00BB48C09435F13FD4
:10701000E8B292BD57CE60C0DF5C293EDCFD89BF7F
:10702000C740D53E3ADE5B3E1E60103F9D7EC73FA7
:10703000454D1BC03792A83ECEFE413F8AB5D63F94
:10704000715735BFC0D420BF6C0D5ABF9BA031BE55
:10705000A65B363F0DFE17402FF05DBB7C35A2BF0F
:10706000784D16C0030686BF3B45854011D408BE47
:10707000AAF307BF98244440B2357740A81E2E409B
:10708000C21D983F14C27CBF8B9E6FBF5A474C3EB7
:10709000CBC0D2BF8355FC3F8B5FA5BE94219A3EE7
:1070A00093CFD23E2F3E7A3E67716ABFDDED06BFB9
:1070B000B2B7A2BE7AF31040B077BEBE0B4034C068
:1070C000ACBFE0BF3EDAB53E0A43A3BF615044BF48
:1070D000E6809EBF38E08B3FCF87AC3F68710240AF
:1070E000C5DEEC3E84455BBDB43ABA3D76F8963ECB
:1070F0003486323EE67FD03FFB8CAF3F87DB89BED4
:1071000057702E3D4A508CBD62C610C052B7EFBFBB
:107110001988103E4AF8674055ED96BFB910C83D32
:1071200054A4C93EBAC020C0BFC74CC0693436BEE3
:10713000893A893E6147FFBEB8AF9C3F08743BC0A7
:10714000191F6A3D19C7F33E481EF43F4D6291BEB8
:107150006CA547BF2EF635402FFC0E40DFD2FEBF98
:107160008CF182BD2249843E7BA0A03FE68D23BEE8
:10717000CDFFFF3B72C5B540978326C05AF6EEBFE0
:10718000FD25AC3DB9D306C0CF617C3F853FAE3F06
:10719000327410C07A8246407DDC3D40F4350A40AE
:1071A00035F0DEBFB92D263E04FE0F3F0114803FAF
:1071B000C57CFABF91D082BFBE2F8EBE0B0DEC3FB7
:1071C0001A68703FAB38C13E19ECC53FB162DC3E76
:1071D000A3B1BE3FA70A3CBE832119BEA51AF9BFC1
:1071E0008875063F901BAFBF5F8508C154B5AB3FA4
:1071F000A07CB23F9A99E4BF926008C0E740034088
:107200002588993F4E5A8C3EBACF5E3E2D0CFC3EEF
:10721000D0E568BC25869DC020C889404B3A793EA0
:10722000BCC777BFA5154E3E80891D3F355B84BF27
:10723000D381C63E3E3B9FC0A1F539406DDAE2BD29
:10724000766C42BFA6011A4053DC7D40DF126F3ED0
:107250005F5885BF690CC7BFA02C9D3F3C6FBE3FE8
:1072600086087F3EB10FA03F696394BFB0C48ABF58
:10727000C8E7EABF4940FB3E30AE04BF22FFC5BFAE
:1072800065AD4DBF1F75D03F159B8EBE5D2BB03FCA
:1072900061E7B6BEB0E29F4069E5BABE0E28CDBF39
:1072A000335F01C0A54CB2BF28937FBF5EF062BEC2
:1072B000FD6FB83E1C9F9C3F9365D83FAF29D23EDF
:1072C000EA1A68BFE1F29FBE1DB583BFA84EA93E72
:1072D000C7D2BF3F6DF2474015C80C3EB682A33FF0
:1072E00006F9123FD1713C3F6865093FA21D67BF97
:1072F000744ADB3F22136B40386165BE9F8A01BF31
:107300004E1285C0E66039BF5037C640D3361C40A8
:107310000EA34CBFB01E8E400A86744003A42240C8
:10732000BAEB20BF57B556BD25F40340C48A53C0FD
:10733000006F49C0306E7D40E02888BEB542893E6E
:107340002A1F353FE167A53F3520383FB891A03F60
:10735000F66F13BFFFE6CC4031ECD03F2CC644C0E3
:10736000BE1B32C09D3B08C058E1493F207A3140E6
:107370006E0C053F33B6D9BFC0CA3240CFBE5DBF29
:1073800014EC103F772D9A3FE5AF6E3BAC7C223F6B
:10739000D1A52BC0047D4D40B1AB91BF459EEC3EC5
:1073A0007FC1213F0E9DCABF3C530F3FAF3445BE46
:1073B00067A5873FF959DB3FDAAF0BBF14DC4BC041
:1073C000523C4DC06501BD3FD42091407EFB763ECE
:1073D00019A787BF8E4881409F3100405D289140AA
:1073E0002A63833D71CFF1BE22CDCBBFC51A10BE3B
:1073F000570EF9BFF901143F69B526BF14F240BF1B
:107400001CC30EBF689D9E3E9EE4893E188AA13E25
:107410008FE70F3F0B61AEBF9F4A1040A03B54BFA8
:1074200079B185BF9964A43F8831BD3F85B43B3FA6
:1074300044D79E3E97F33FC013E3BA3FEC939D3F82
:10744000098D333F181279BF448E97BF15CC573C36
:1074500059D37CBF532D383F15CBB7BF477BC2BD37
:1074600041ACBD3D6464A73E75FF8EBF96F4E9BE96
:1074700054A531BFE574543FAFA1A83F97761FC014
:1074800029C2D93FDC52F53F8E259ABFA670134022
:10749000D1036ABEBC6860C0EC8AD4BE46900AC004
:1074A0004DF1853F63F135BE4585143FAEBE0CBF3F
:1074B0004A7E8FBF38470D3F9D3AB7BE47EDA23F8A
:1074C0003B8DF43F8AC3D4BD245910BF0C4176BD17
:1074D0004B4C633FD2B60041AB4933BFD598AFC0E8
:1074E000F7A0B93D125E40BF58AC67C0CC208040C9
:1074F0002892373F05040CC0262BCB3F4B43553F0A
:10750000D4A8643E6183963F9D9F20BE9B729F3F9F
:10751000587902C05ED55DBFAFF602BFEFEC35BF54
:10752000AEEC523F1DCC123FB6CCDA3E932E6EBF6E
:107530004D1ED63FF2E7B840D91ECDBF68E264BF0A
:107540006038B3BF34FC1AC0B591BE4092E8783FB2
:107550006106A93E287E9D4081DB9140347FB43F87
:10756000CFEA213FA5293DBFCD1793BF414ABA3E7F
:10757000573F19C0A1D8034064D0C7BF5C01333F57
:10758000C988EDBF9FD69A3D871F623EE05889BFEC
:107590005726DA3F17138D40C9DFF2BEB3532BC015
:1075A000C9F3F9BE96CCB5BE13568A40D5C5AFBD5A
:1075B0006918B1BE00223140992C7B3FA59600BFCF
:1075C00066BFB33F553985BF532A533F4F9E28406E
:1075D000FE0902BF1F57423F396237C07624D13EB1
:1075E000214A853E8D88D7BD7F4E403F77D40ABE65
:1075F000A12E9F3FE6AED43F3C5A82BF01EB12BEA4
:10760000B46A7AC02E1B313F4C051840676A12409D
:10761000BA556A3FB7EC4C409A3CF63FEBA6E53FC3
:107620003DACDABF14D2563F8E7D88BE5DB2B1C08C
:107630000FDB5FC096008D40E92423409E3FF53F5D
:1076400070EA723F345B80BFB761D93E9F6AC43F26
:107650006AE7DBBF6152153FFAC80E3E22F444C010
:1076600007E11FC0BF4BCC3F8647CCC03BB9613F51
:1076700015D042BFB9689DBFE59B8BBF0100064096
:10768000C44D9EBF98DFD8BE3D570D3FA25C2AC0B7
:107690003799073C2A1AB03F6D1D8E405E326B3F12
:1076A000C6068D3F518833BF40AA1B405B1CA1BF5B
:1076B000230B1340C40BA4408D4203C0B82A223FC1
:1076C00081BD4EC0A76073BF01E11C4048D7864012
:1076D00093BCCEBF37CB16407B4308401F468A3F42
:1076E00081F719BF0B9FB43F67017BBE473E98C02F
:1076F000C84B75C08AA44540B5AE893D509CD23E6A
:10770000440FDC3F93691F3FE1E6093F8232EE3FC1
:107710003DFA66BFFA7EADBE358A953FBF2C64BF89
:107720009C76AE3F33826D4056521441785E793F6D
:1077300044C3BABF7142FA3EB9223B40B9BFA1BFB0
:10774000DEEB74BFB5556DBF3F08013FF94696BFEC
:107750000F80D4BF26A56940EBF788C0A3568E3FA3
:10776000720F50BF7CB3A33F385D95BFE05B0D3E09
:107770002887873FE07A4E402562C03FAF451CC056
:107780000897C2BF7CC013C04EE74F3F498095BFEA
:107790001335863F899CC13FEEFC3F40008B993FEB
:1077A000C4F5D1BE078FB43FAC45253FC85A2A4027
:1077B00025CA8B3F9A06D13F19A52F3EAC90B93F01
:1077C000D4649B3F1A28B93E2ACB9ABF65AB053FCC
:1077D000F8BEAFBEB6F857407FA8A4BFD9834CC04F
:1077E0006AFD2C4015863F4043DA754079479BBFC0
:1077F00097724E3F162B0ABE865620405F0D71BF12
:10780000772693BE5EA4573F144201BE6C341740E6
:10781000C619153FD10C1340E42B80C0F07077BF20
:10782000CFE46E3F69F5D03E68ACF7BEDCCEB63E25
:10783000D436F93F47A5EE40B1DB00C06B06FEBE73
:10784000A6C51EBF4F2954C0B58577406ADE0ABE63
:10785000E8C9BB3F055467403D7A8240742EEFBEB5
:10786000F9C03FBF8F3E303F7AEF56BF6921F03FEE
:107870004379F3BEF47C3140634015C05C2F6D3E0C
:10788000B216CF3E3BCFDFBF42F27B3D7E2A9A3F0E
:10789000696D8F3E294E0E4168FC56BFAE728BC09B
:1078A000383EDB3FCCCB853D2761D6C007B5FD3FD9
:1078B000D9050CBF42029BC01A55B63E994764C019
:1078C00070F7C83F3D6A05BEFB017B3EE39C9B3FD2
:1078D000037FF13F6DDF4440284C80BF4C3A733E3C
:1078E00011444E3F9880403E8AA996BF1554C43E2D
:1078F00019FC4B3FC8FCA54055052BC0834F14BF56
:10790000C97E4FBE86A6B4BF33CF92C05468B93F7C
:10791000D0A0333ECA1B723E6A5A0FBF633ED6BF29
:10792000AB7103C0F311523FB49808BEC33FC8BF48
:10793000580401BF501FC63FDCBCFB3FEB1ACE3FD3
:107940000CEB273F644D15BE20CC64BE3BD58ABEF0
:10795000424AA13E741ACFBFA280363DAE5281BFCB
:10796000378BD83E57B52140A6042E40D952113D41
:10797000262B42BF8ED310BFE402D03F83D668408F
:10798000D761F5BE48EFCE3D0B6D293BAC88103F6B
:10799000D5EEA6BE6ABBD6BF619913C02569163E57
:1079A000AC88603E923E0EBF6874224011DA56BF2A
:1079B000C72B9EBECD701D41B51721C042C13E40B0
:1079C000CC89773FD591FCC085120FBF17B4CE404C
:1079D0008B53AFBFFA8F3D4000ED834050E602C0AD
:1079E000C405F53EC2F005C0104E09BE602D48C06A
:1079F000AB433AC0D9B6CE3EB86AA63F2B5D9CBF1A
:107A000026A55C3E0487AE3F3A33323FFFC7E6BE51
:107A1000B95DBC3F935CC64097993FC02424254084
:107A200002AB523FB34D87C0BBCC7F3F9F19224072
:107A300090C7C8BE25E7A73F530B84401448D4BF66
:107A4000D305C23FF5DABB3F133E833FD7DAECBF25
:107A5000FCEF3EC028B70B40F2A769BD2C6C253F58
:107A6000394C37BF0DB64FBF0F44873F9455D43FB5
:107A70008421783E4C94AEC0CE80044074CD014049
:107A80003EAB5DBF53690F40FED82C4121FAF53E55
:107A90008F40BFBF26615C4056077340D6768A4050
:107AA000F9007ABE6FED42C0174493BE9E8B15C09D
:107AB0003DDFC8BF70DD8A3EC43319C0D1EFA63E9A
:107AC000F9EA60BF66730C3E2CA0064058058BBFD8
:107AD0005AEFA03D73ED87BE379578BE3E5501C085
:107AE00052BA0EC0CC1E413F9FA8A13DF731C43F02
:107AF000FBF6313FA62CCE3F0BB6CF3E3E49504061
:107B00009AD91D3EE36A10404252A13F6A7CE1BF10
:107B1000A2AA40C0DBDF60BF8DF90E4066FA50BFFD
:107B200035D416BD7D420ABF511ADCBE678B963E26
:107B3000AE45713FCD864CC039021540A56D933ED0
:107B4000911485C06124CE3F86BC9940B6CE0C40CE
:107B5000FEF433BFA36F3F3E5FE5973FB3CB694071
:107B60005A429B3FB50BBF3E1E6D29BE6AAC48C052
:107B7000E2FB54C018D7413F74AACABEDE7F193E4B
:107B80002436D93EB9EBDDBE416783BFCCAA88BCA1
:107B9000AE3F803FEC48DB40BCA4BBBF1FDA7EC0D9
:107BA00007EC18C0B419B63B542691C0B00AED3F9B
:107BB0009B8B4EBFEB554D3FFF607F3EE55E3440F3
:107BC000EB830B3FDCFC953F373FE6BD64F40BBF16
:107BD000D0F3D73F80AB6B3F059A483F4F5800BF6B
:107BE0000E4EC1BF8E84063F66F8C3BE958A103F15
:107BF0003D707A3F3ED3C04064D828BFE19C6EBF41
:107C0000F598A4BFD06B36C03CDEBABEBA7DDB3F70
:107C1000B774D63ED4F62540FD825440674D003FF0
:107C2000816F6FBF8FD504C031599F3DB1FDB4BF87
:107C3000AE5FC93D7B3B42401965BE3F443106BF44
:107C4000CAA01A3EC61F423EA84F88BF137BC83D3C
:107C50006C15773FBC6F3E40C563143F77D539C084
:107C60003BAD64C063ADA1BE9AD0503FBFFD08409C
:107C70001F8EFD3E9C2B5A40630A1240A4244A40AA
:107C8000818E0D3DB08AB7BE9D4FA33F1BC333C04D
:107C90002A42C7BFF7321E403AD734401292503FB3
:107CA000EB76753F89345E3E484DCF3F3DA1B0BE77
:107CB0002AB88C3DE25ABEC0F5C6954091995F3F07
:107CC0007023A8C0A4E0B7BF0024D33F1BEA1F4025
:107CD000313969BFE4F512C0F4032E3FAA26AD4046
:107CE00036235BBE9F8BEDBE4E989C3FCC9D7BBFE9
:107CF0005AD390C01D0566C05A309D3FA2DB37BEE7
:107D0000F31AC6BEEF79043F1FEBD9BE9728CE3DCC
:107D10000C88BB3F000031006A00A100E20017019F
:107D20006001AD01FE013B028E02C7020E03570344
:107D30009403CF0316045B049604D704140561056D
:107D40009A05C905160649067606A906D80601074A
:107D500048076107B207C907020829083C085F08FD
:107D60009208B508E0081D0948096909A809C7096A
:107D7000E009F909260A3B0A640A8F0AC60A010BC0
:107D80002C0B450B680B890BC20BD50BFE0B1F0C84
:107D9000420C5F0C7C0CA30CC40CE50C0C0D310DDB
:107DA000480D630D8C0DBF0DD60D0F0E380E690EEC
:107DB000840EB10ECC0E010F1C0F3B0F6A0F8D0FFE
:107DC000B80FD90FEE0F1110321063109210A310DC
:107DD000E81011113A115F119611BD11DE11F71162
:107DE0001E123B1260129312C012F7121A134B1399
:107DF000601375139213B713DA13031418143B149A
:107E00005C147B149414BD14EA14131536154F1525
:107E100072159315B215C915EE151D164C1665167B
:107E20008416A516BE16E3160C172B1752176D17DE
:107E30009217B917E61707182C18511868188918DF
:107E4000A818BF18DC18031920193F1962197B19EB
:107E50009819BD19D219ED190E1A251A461A651A64
:107E6000821AA51AC41AE31AFC1A111B2E1B4B1BEB
:107E70006C1B811BA21BC11BE21B011C181C371CA5
:107E8000521C6B1C7E1C991CB81CCF1CEC1C051DC5
:107E9000201D3D1D5A1D731D901DA51DC01DDB1D00
:107EA000F61D0D1EF2FF6C4371CD31411BE36143A2
:107EB0009D7F43408AED0041E7EE084261A73F43C2
:107EC00081DEC6404BF2EB3F3C0CE6414646AF40FC
:107ED000407E3B432724854098D30640B5748340B9
:107EE00089FCD8412CFBD03FD6C13C40B7CA2140C9
:107EF00060918D4114CC2943B7CA21402CFBD03F5F
:107F00002CFBD03FD36B1E409C54B441B69F924093
:107F1000D115803FDA6DF93F9D7FC33FD115803F7A
:107F20000E04B63F1F318241DE421B425DFB02431D
:107F3000D115803F9D7FC33F98D3863F0E04B63F47
:107F4000E9537F419EAAD240EF0C1B407C320A408D
:107F5000B574034011856341B5AEEA410CAE1741DB
:107F6000EF0C9B3F43C50143252C6C434BE5F0418F
:107F70007B0F4E43C9589B4103192B41CB644843A7
:107F8000FE55B5403364704086987A41B2CACD3F01
:107F9000AD5F11410459CD41ABB92E43DBD71B4036
:107FA00020D44E4009F41F4055E0A03FF4723941FF
:107FB000244B82402A2B014117A4813F088CB441F5
:107FC000E1674640DAC98C4170201D43ED33B63F6E
:107FD000C97B813F2EFBA43F12ADF83F212E2841E3
:107FE00098268A3F72193C40ACF9903F32719A4111
:107FF000AED650402954923F997BFA3F13C80340B4
:10800000B0A17841BB3C8F408AA61843A3EDF9404C
:108010003EDD2C408DFFF73F5733803F89F46041B0
:10802000B6DBA7402DBFB73F2EEEE93F13C8833F15
:1080300013C8833F9EFC784088623A41B2BE813FBC
:108040001D9A5D40BE5C1743ECE5A43FB2D3684384
:1080500081E90F4252D944433CB18A41C62195413E
:1080600014783E43BD27CC40E47410403F45714135
:10807000F3623A40D0AA7B41CF20864259CFF642E4
:1080800037B81640A2CB80402A8D01412B70DF40CB
:108090003CE4803FA9E1F33F31836541FA3CB13FC5
:1080A000DF10834213FCC33FF190AC3F151DF44237
:1080B00039E2AC3F348E803F1A1419405206D13F4A
:1080C0005092B040071025404CF48140BFF73A4031
:1080D000DB165341B062933F33E361422BFA104108
:1080E00081A49341F533CF423EEE913FD031B83F6A
:1080F000F0C8C63F1F84204078CFEF3F0520863F61
:10810000E5853F41B1879C3FFF9B454073895542C0
:1081100051B422402D9AD040A6CA8041D4CE1640F8
:10812000CA9CD93F82CDCB4223E464436E8A3D4250
:10813000878135431C6CF641C0A884411C8CFF41EB
:108140000490154334406C41024C80415D5B6240B9
:10815000A8BA5041ED58CF40E0B5CB411B60124268
:10816000FAEFE1425E4A3C409C2D3D4131354141B0
:108170004D8B7D4056E412400EEE9E3F30CF87403F
:1081800010D30C41C540484015715640EB2D5D4061
:108190002310B041207FF83F229C0A428E3DDF42EF
:1081A000EB9AAC3F76B0E43F45E4933F944C2941D1
:1081B000EF44BF3F166B813FC2D53C409251A23F76
:1081C00097753E40F7AFE83F227ADF4066000D40EA
:1081D0005DE1923FEFA9F63FE8B1C33F262EA141F2
:1081E000C91FEE3F48AAC241FA1B2541133F9E3FDB
:1081F00092C4DC42254C17417303903FE0CF9A3F75
:108200004D1BE23FA1DF813F3A02BF4030C85340DF
:1082100020B5864172BC3C40BA12AB418EBF0740CC
:10822000162C03416DD73440D71DD74224706043CC
:1082300064D08942F2871B437D199A410A944642D1
:108240007479DC4186F1FF42B0237D41263D5C40DC
:1082500014659C41FFC2F04114C78540AF07BB4184
:10826000E768FD42ED27A23F76926941D3899C3FA2
:1082700091F2813FDE431B404357BD3F9F8F9041AA
:108280006C66C5414F72AD40E6ECC23FB5172A405F
:10829000D8790E407438A9419167FA427A55C03FA7
:1082A0001FB681410B98ED3FE8C485410E86FE4024
:1082B000AC368D408BEE803FDBDDA04188A9853F49
:1082C0006EE8334183EAE3425E9C4541803F77405C
:1082D00046FF4141151593400E7B4D4087C897409E
:1082E00083A4813F179B59401AFD9041170CFE3F14
:1082F000E440E540F78F82409959BD3F1DF5E042CB
:1083000006975B4323AF8F4275BF1343FC509541E3
:10831000C8B55442BC1B00420B71E742BF668C419A
:10832000CEA38E3F85F8B2410B73F641E302BF4105
:1083300029690241AD1B364196ADD04275D8A83FA0
:1083400037D98141D6B7F54020156B4173BDC14186
:1083500061D6D2408CE5AA41BBEA2040E63E4940C6
:10836000DF32A040B5091441DF4708401682A03F24
:108370008D2BCE42D8636A41B474CA3F483D9D3FBD
:108380008468CE408CB4CA40DABA0541B91C4C406E
:10839000DC39A841056224405FA580400B3DD03FF9
:1083A000BBE19D41F2E5BF3F85EF813F6986C63F56
:1083B0008A225D40894A03415CF9853FDDAF813FF8
:1083C000E0DF8E3FE5198B42512306423284A940FB
:1083D0004791933FF0B20C40145B84401C06E6408A
:1083E0005EBE953F3137913F21810340CA6BE53F27
:1083F0001FE399419922B43F71A1943F38C91F40AE
:108400000B03C33F72138B414A721640AA9CCE3FA6
:10841000E8EDD24016518842C133B23F4E6FFA4167
:10842000A2BA0E4041DF5543ABD09242EC760C43EA
:1084300056719B41ACE8574290F4FE41B330D942AB
:1084400026F49241F1D2873FEA5FD4416D71DB415E
:108450008C28E73F0782F041370C39422F5579428B
:10846000ECCAA53F789788416CF1314168CE7641DE
:10847000B14DCC41B93BF23F6118D640EFFBBA4158
:10848000D47E88419B99E9419D00754248928A3F7C
:108490007CBE76419D83D33F00F50641AFF12B4072
:1084A000208404419094E44089E29D41A0ACB9400D
:1084B0003406174047958A4085A7074159506E41B9
:1084C000C5C1F440C59C1641ED59E141D3FA833F43
:1084D00065EE67428923514061116541D7688D3F40
:1084E000DCA9E9409200913F03C1823F5A22D53F67
:1084F000AE9D11406A39C04036C2194075B39740ED
:10850000EC9915404C2F8B418C77744068C3FD3F2C
:108510000C4EAC3F5DBE813F34884440B444A13F23
:1085200066A22140D67DBE4057B750410FC8EC3FF0
:10853000DA009F40D6812B40BA1803402DADEB40A6
:10854000C46CCE414769174044D1314050D15C42A0
:108550000B7F1040FD48813F2F55504399C69442F0
:10856000E3F105430C6E9E412C565A424DDD02420A
:108570001F75CA42C0569641BE74813F70DAF641FB
:10858000E9D1BD41F6A5BA414829164166F9304204
:10859000D8F06342CDE9A23F23288C4130699F4146
:1085A0007FE22E415E7A1A417429614140A7A441BD
:1085B000B2F52F40E51640401D47CC401E25AC418A
:1085C000ADCDB54119145742F9CB4D4035D17C4161
:1085D0008FF8DB3F93C467419B1BAE404409B54015
:1085E000BABBA840A1870140EB30F440F2DD39412D
:1085F000052E1D4020E9873FAE289C41904C803FCE
:10860000D49EDF3F17C2694023CC2E40E265D03FA5
:10861000C01E9F415119AC41C7459B3FF4B0044077
:108620000AC94E4218A4803FED790D409ED96A4197
:10863000BBBC8F3F3E234E41AB0ACD3F662A9E3FD7
:108640000191864051B6823FB05B94401E833D400D
:1086500056F413401F72A63F6394CA40B2D7B43F8A
:10866000FC42234136D5813FD586B83F5A788441B4
:10867000A2823D40C056C13F86419C3FD3AF883F58
:10868000C3939641512A4041510818410F6E803FD3
:10869000D8F3883F8FEF2840113A44422CD04A4308
:1086A000EEF0954269AFFF423A1251414D9D77423B
:1086B000E2D8E640DB41F1426C0E3B41711EB03F17
:1086C00022FB14425744C5419C3B264014BB9340B7
:1086D0001E02E942DDFB83404018F93F64EB1B4179
:1086E000940FC4415FCD4B41A5844C4109043E41E8
:1086F0008EDB42403535C93FBBF0C341EF05B84280
:10870000E53D4140A9738D3FA355084104AE9C3F10
:1087100070E8084086F2B241BAF5A04003A5F640E1
:108720004899F63F7CB12D41FA0918413EE81740BF
:108730006AB9A64061429A41380B883FC2E5B5420A
:108740008AC4D23F40B7AF3FF36C863FED638B3FA7
:10875000461B5341C5C9124142CFDE3F33F1BE40F3
:10876000F2C0AA4007A2B040CFFE9F3F200A0441BA
:108770004B0CA93F31C4863FBABC6040346CD93F32
:10878000A6DC8841D22D0B400B02CA413F658342D3
:108790004B00454361A795423559F442B7D2514148
:1087A00014DA76428EFF03426E59B2423C75843F22
:1087B0001044414161E1124266F1C7413A725B41A6
:1087C000FF459A41844A224259684242DC4B2E417D
:1087D0009FC1973FBE51BE4108E24E4189C27241DE
:1087E00043201D41F595A73F7B7F4641D7070441B4
:1087F0002784304110A28041F8F2C341E5AA3642F5
:1088000046D73B40B130EF3FC665104149F20F40BB
:108810007553AC418842AD408881F040EA604741E1
:108820007D862D40E55F863F46540C41B48435413A
:1088300037D6873F1091C4403EFD06405C3BBC40AC
:10884000F2CCA4407576FF40E588014109D3BA41D6
:10885000E9FE913F4FDAF83F12E42E424AC1F43F5D
:1088600041ED823F25FF873F6DE5973F6BF051411A
:108870007FB6064169E57B404F3FBD3FDAD6EE3F0C
:10888000D1CBB4402A6DDE40AA54B04060BD803FD9
:108890009A4FDA3F0AC2A33F0AB8EF40639E823F75
:1088A000E8302541744C8C3F08AE813F036E284070
:1088B000B5085040F6887E40DD21963FEFD17440E8
:1088C0007D0D854056DBEF3FF41AC7408CA3A941CC
:1088D000EC7B0940C1CA184066572542FA443F4321
:1088E00008F89742EC91E64233E19C41777F614280
:1088F000581AE1404680D8425030B73F2E6E914121
:10890000FC7C3342EE09384183900F401752994066
:1089100065E3CF4212CE894019D4884153A1893FE3
:10892000A3782042C322984039C5E540A34E8A402F
:108930003A995540E815BA3F138B694103B2B242E8
:1089400057C5DE3F78392440C0156540C2625841A2
:108950009252B940514E0942E343A7405605FA3FAF
:10896000926A50406965883FDE3B9840246D1D4106
:10897000DAC9B83FDBCEAF426B3BC83F8437803F9C
:1089800065041640B6229E3FE1AE284185CF3E40A9
:10899000106C803F8E379940E8F68641BAA58B412E
:1089A000B0291040C381803F06A658406CA3AF3F5A
:1089B00051601740202AEF404EDE244269BF3A4200
:1089C000748F3A43129E9442D580E04284254B41F5
:1089D000C3727642AFC7FB41EA8EA1424BAC803FE7
:1089E000FB0F3B41F5B061426E0EA640C2DF18415D
:1089F000CE57AF41CFB11742046C2B42EFED274168
:108A00005A10993F8AF5894131B61C42E36C5640B1
:108A10001389C64079689040AF3D8B41570B884120
:108A20004758A741145B2042060F3140BE22D33F76
:108A300098890D41842381415F208D3F920C0A4229
:108A4000F34C9540C0EE8B3F83751040A35EA6406B
:108A5000BFA9803F6207A43F42CD4E40E9D7704195
:108A6000D78D164058D5BE3F033C7841775BDC403C
:108A7000D282604199EB184258EFED3F8497E03F76
:108A80008886813FB71C2540D9FF5841C4E8014280
:108A9000E03C0240B2E7823F0E2669407147A63FA4
:108AA0008E99794070E78A3F8A5909407324AD3F17
:108AB0005B335B411B4BA83F94D0843FBC096841AA
:108AC0003992813FEA13AC3F7D56B1406F858A40B1
:108AD0001B401B41437F813F9FDF14427499354304
:108AE00092419A4257F1D042AF427D42D2015D415C
:108AF000AD82EC41ACD0954219D5C2400CE864423D
:108B00008F1C0C4186CAA1403B2E2F418FEB944114
:108B10000C5B19414AA58242CC999C4034ED983FA8
:108B2000596FF340217A464217E19D3FD9C0F0408A
:108B3000783A2640955A1D40DA5E0641863D23402C
:108B400022EEE8400D6035418206B7402A5F77404B
:108B500011F1294208B3B6417C29873FFAA4D140DC
:108B600002E43142F8B0A440C725C43F67B7BF4014
:108B7000D0A9B43F5A0B863F0568EC40B956813FF7
:108B800075A09B3F96DAAA3FE677A54079EC0640B0
:108B9000B8B80F40DF711141C3BA004041526D4077
:108BA00007B6813F278436400442254290E1953F35
:108BB0005807A241805D2540C8880642E86C2D41D7
:108BC000E65783404664853F1414813FDEC48C3FE2
:108BD000702D9C3F0044833F3A05EB40117ADF3F04
:108BE0001B77E73F672DF33F7A861C429EB80B4008
:108BF0006663D73F229194418691AB3F7A299F3F8C
:108C0000ABFF30430303DC4253FC8542FCE9CD4219
:108C10006E90E14081907B4186144D42F7F71642F9
:108C2000016E82428269AB40B09BD83F59049540A7
:108C3000550E3141EAE346427F13C63F9A3C034159
:108C4000A151EC412FAB1042A461E84121E02D403D
:108C50002051F83F7FEF394075920241D1CA983FC9
:108C6000931D4242A381544063389C408BF0E24103
:108C70005511963F6178A141FABB7F41E1E03E4149
:108C800033F188416AC5AB3FD7FAAF3FBD5AA03F29
:108C90004284D33F3968A83FDC0ADB40BE0624404B
:108CA00027DD3742F6FCB03F5106F83F3298494085
:108CB00028B1DD3FA5E7AD40A276B7418A51084112
:108CC000399F3A414667CE40578818416473B8408F
:108CD0005F4EC540AF5A893F885B80414EB8803FA8
:108CE000C8DCBA403C06803F4007C83F45C3EA4065
:108CF000BF841A42BD392C433EFCD84278EE7E42F6
:108D0000B507C9428348FF40A1827741CF0D414258
:108D1000C1371542AAD77C42530FC540BFE4E83F94
:108D20004821FB40FBE3F340C2953A429B01CF3F11
:108D300036CD0241E808E941AD3C2542F935AF4165
:108D400024B4954047DA4A403E6C3F40DC2D9440C5
:108D50005EC0803FBF8F364298295F40A005964095
:108D6000CED7DE41A211A33F1935F24183883041AD
:108D7000B87B05413AF05841D97DF43FB536A13F63
:108D80003131803F4BA7FE3F138A384049A3DF3F74
:108D9000CD52264295E781404DD6BC3F72BE004081
:108DA000144137405594E93F93E19F4069DFB64154
:108DB00000315941989C854185A01241F73FEF3F12
:108DC0006D735840BABD9E40ECE62E4134252840D4
:108DD0004657AA3F13002142B499CA3F4F821E4012
:108DE0004ABE274316FD324209FEF54280F2234275
:108DF00059A97040AAC5CC427EE1A44147631842FC
:108E00008EF3384088E3A23F95371F402646114233
:108E100097228442B3781B41484A2E41002B93414C
:108E20008F9B9D413049803FEC9DF13F63D0C34112
:108E3000D1773D413D1377428B8F89407532E540B4
:108E4000E37D2340848CEE401B105C4036CE4741CE
:108E5000960FBD40FD077341405E9040B36E4840A1
:108E60008DC2AA417A7CD7402873A34037E95E427D
:108E70002C50C14084D13540249BBA3FA6B4B640A3
:108E80003DF7B93F9604A33F31F7A33F45ECCD40F2
:108E9000FA80823F55D2CF3FE14DE83FC3213C40AD
:108EA000C5C5184184AF954045809D3FD2462441B9
:108EB00056829D4001C3823F005B5F40C853AF3F75
:108EC0009E89E13FAC079A410BD705408008A74037
:108ED000E6CFC13F97CE6F40732FAE3F48C2584296
:108EE000E5DDC43F2FFB7B4029A506404325E33F3A
:108EF000C47D883FD992823F8F47AD40FDDC22433D
:108F0000510CD142515B6942D2D633417791BA427A
:108F1000EF196C41D6542E427F5E1E4193C2AB3F87
:108F2000A10392425737A241C69B96400CCC2041E8
:108F3000D1AA2742A540D53F5C7E983FB44E0B4155
:108F4000080C604273F687416213B740FEE4684143
:108F50009E853640DA63ED3F035032401670E8409C
:108F60009E97874103BEC741391FA3405BFC664003
:108F7000C3CBCB414D4CF441EB643241F50FBB40C8
:108F80003D80EF3FA56676405017AD4056591241DF
:108F9000C4FB883F780FE43FFBAD923F0BF2D13F1B
:108FA0005652A83F815BBE401423E240B21D1E41D1
:108FB0003240BD411BDDA73F6D052140DDED8B3FFC
:108FC000C8D5DC405196944185A6E1413F2E15401D
:108FD000C73C1A411E41C13FC259CE3F84798740E8
:108FE0008FBB704020E6D23FB453E940E17BED3FB8
:108FF000DF7B843F893C9D408937AB402DAEDB3F12
:109000008FDD05411701C23F9C39B5415B69803F47
:10901000F43B1E43C88DD84241D44742B7CEC0422C
:1090200085F83D41E1E2A641A2C5E8412114C040D6
:1090300075CDB44282B59C40883BDF4017C86D4176
:1090400058FBBF40E2CE014130DEA7413E2A8E40B0
:109050008EA7C73F25B68D42435D9C41B4DA5A4086
:109060009F20BD3FBD1417402AB193407EDD9B4039
:1090700058D91F41ACC18F40ADE6C03F0B1DA24087
:10908000720143402CE578416BAEAD40F9A58242B8
:10909000B402B140588752415C66CC40EC75F63F53
:1090A0005E272C406D393D401F03F53F3E67EA4087
:1090B000E2962A40BD96344037D9D53FAFE981408A
:1090C00071CD803FD5D0F53F0E32903F6465F23FC1
:1090D000232A6240B1345E41C7BE4D42B95C28418B
:1090E0007AAA2840F63AEA3F9ED79140F9959D3FEB
:1090F000E1DCDC3F4A39803F7BF4D43FBD871A4333
:10910000C0A428421ABDE04213E21A42CB2A5C40B6
:10911000FF21AE426A6CCA4141D80F42249D3040C3
:109120000E00983FC32A1040A9067E42A97ABC418E
:1091300039138C3F37ABC14185C68241FDE99C4163
:10914000219B853F289FDB3F0D19464271B65F4149
:109150004A8D4D4108682B41319EAC412E68284014
:1091600086FE6E412074B43F091CD340F545504142
:1091700037CF204259271541E499EF40FED2CF4026
:10918000A9791D41874E404082E00F40E86F0741BA
:10919000B003A34110A8993F4E039E3F0DCDB23FAF
:1091A000D1105041A56DF73F6EB5923FAD6EAE4008
:1091B0001D2C0D40EDFA2C4100C71B41EEBAF341C6
:1091C0004DE0A040656E8940E8A5C13F6A30BF40D0
:1091D000AAC36C4052E23240DEBD61406214CA4014
:1091E000C0FFF83F4D9D873F0CF89E3FF8C8803F79
:1091F0003BDD2A403371B940CD94F93F636A934116
:1092000026D71643A8EFD142477D3742F1EBBA4249
:10921000BA1D38417F359D4110C5D1413739B6401F
:109220005D88AF429E419B40D7F9D4403B795A417B
:1092300086E3BF40B025F440A4BB94419D318640F5
:10924000681EC03F4509A24286F1D7403ADB953FF0
:109250009E956B40254E1140C5528C40D26499407A
:10926000D2C60D41A483E53F9D82864063B58F4001
:1092700099E0484010D958416F3CA140E1987E42A6
:1092800052F38A41FEB5B7401FEE803FB3E30E4074
:10929000D663B93F691AF93F54181C40B5DC404009
:1092A000DED9E33F6828CC4078CA1E40278F0E40A5
:1092B00028ECFC3FBF4D5F40103A803FF4148C3FD8
:1092C0001FD60240D8874C400BE2EB3F08D56341E4
:1092D0009FA34542AE0B3F41E9B5AD402D54993FA8
:1092E0003E65E83FD15E813F1F36BC3FD89C853F3D
:1092F000660F803F40CE13439B5E8642E53DA14210
:109300009B12A941E9333842FE75B54085E6954286
:10931000833865408B6B8C4120F0C241B277AD4100
:10932000F5F7BB3F0178864026D13541C1587E42D2
:10933000DE081240495FA63F23EE6841CAA33F40C2
:10934000D11E8A413B45E34094E3E7409AFD6641E4
:109350002D904240A9BF943F4B48384013BF07416E
:1093600065CBD3410F7314420FDA56419CA0903F56
:10937000F5B6CE3FA090B03F9C7B3440BB1E67410A
:1093800054E08540CEC93A40144DB840035ABE3F20
:10939000AD3F3F40AF2D3741D72D9E3FBF62D23FFB
:1093A000309C36400E30B44029710140409DC3418D
:1093B00002C033411C06CF41C6DB3B414FF2D73FD1
:1093C0004484CE3FF3729A3F4915AA4017141241C4
:1093D000AE20833F51304A40CE17DA3FCE7B9B3FD1
:1093E000A2AC234085ED4C402568BB3F3417C33FFA
:1093F000FD63A53F3081224168E7E23FF9508A3F93
:10940000E9ED893F94B49140E3F9803F6FE8813FF3
:10941000BD60B24117E409406AD0E33FF54517410A
:1094200021E615410C138441BEF90F430D6FEA424A
:10943000BD11D6418ECECD42FD0365419173CB4126
:10944000BBE2A93FC4FA004135AFBD42B1F40A41C5
:10945000981EB440222AB24009E99E41A1900140E1
:10946000382DC140B35AA54212A44241D1D3B93FCD
:109470006D74E7405865C13F42C583400B1DE43F12
:10948000BF4572408328964152088C3F3B0D823F76
:109490000714813FF9BAA040FBC8813F808DF2419B
:1094A000A66E51426A6FD040BAD8B440AE3F774002
:1094B0002CA957402E09E53FEE0515408265224054
:1094C0007AC09F3F467805407B798541D0BD5741A2
:1094D00099AE864112BF40429E7C85403E66C23FA7
:1094E000DAD59F406967823FE03E9440C0DD2D4061
:1094F000DCC3923FC8AF813F3C1BC33F74ED8A3F42
:109500001703803FD1ED78412529903F37FF0C4369
:10951000BABAC742678724420388B842772BF34020
:10952000F7F9AE41D8149A41AF7CAD423DB5B04099
:1095300004CCC53F76B8C1403B6DA840A8DE84414D
:1095400036662C4011888441E0DE9840C1EEA3428B
:10955000F37A874027E9A43F52E58540914CEF3FDD
:10956000484E8840CA7B803F737D1D40F35D624159
:1095700039039E3F34C9BA3FBECF4940339C564160
:1095800058F96440CE88993FCAD68042DB5F8C414F
:109590002FA49A3F8C783E40EFCE9C3FF82B9E3F05
:1095A000840148417EE3D23F83F1803FFD5609406C
:1095B00055216F413FE54542EC2E40419321B1409A
:1095C0002DB4F43FFE6A2941A1940A43A6D67F42F6
:1095D000EF3D9542EF157242720B5C40C5ACAC4159
:1095E0007C2554426441F74179EAEC413475843F6B
:1095F000D8D019400931F34006C15F41F943134205
:1096000006C38141235F4341D391954112F4DF406A
:1096100074EDB44132109940AE413440B53DE13F64
:109620004F99434145F2F441B756C640A58B0A41D4
:10963000CDF4F140E4482841FAB1D83FEC9EEE4029
:1096400030D43341C7100C40AFEB994053DDAA41F1
:109650001202A13FDA4C803FF6F97140D18EB23F41
:109660008BF4B53F0A31104114A14D40584F3E4193
:1096700099CA95419E097440D0A318401125EF4026
:10968000E5C8973F1517754085D26E403166034196
:10969000CD8A1340501AC73F58D8BC4002EAED406B
:1096A000BC7C7340C73F963FC8E1813FE8B64F405E
:1096B000EA40C83F98CAF6405B555A4173FB704078
:1096C0005BE4A7403FFF983F75210140DB462E41F8
:1096D000E743803FD41B813FDCB88D41D05F084019
:1096E0009C53D73F3E09CF404B6F803F6C86034071
:1096F0005221E33FD51AEB3F368AF23F64B5074368
:1097000094C82941B531FA424B10194149C2853FED
:1097100046C8C842BBA5C541C2270340B48CF0402F
:109720002D248F413BFFA4427E7EF8401B8687415B
:10973000D22E863FB220803F95F5C1407C5CBA3F77
:1097400096857940F5E65F41F3603542839D14428A
:1097500074AE1F4044A7A840D7C8813F1CD37E41A8
:10976000CAA4A14090140F41DA23B0410C9EBA4123
:1097700069A00B42A2D10F40EB940E409DB942402C
:109780003A5986407FA63B41D43559408027D43F83
:109790000B9DF74056309A3F5CDE8A41F9159540A3
:1097A0005D2D9140B5529641449A8F418EA68741D6
:1097B0008C2A923FB9788D3F44E09C3F9349803F8B
:1097C0004F7C0740253605408196044308BCDA42A9
:1097D000E6C3B941D05DCE4281E3C54034C91441EE
:1097E00099BE5E41A8E9B74242A13341E386A54054
:1097F0007872813FD0F38E3FBAEA02410B78D340B2
:109800002805EA4040A6E44130807D42140720410B
:1098100074D19C3F3F1C85408DAA813F82CF9740E9
:1098200023A2EE3F33A9BE40D56FAD3F8900C941A9
:10983000BD2D5D4037B4D54114A6124291B4FF3F0F
:10984000821000416CF6813FCDA36E40A47BC041E5
:10985000424E883F2C2BD23F4E30E83F9800AB4120
:109860007ACEAA404F70BC401530F64183B1D03F4C
:10987000A3F4CB409909F63F013EE73F86D002436F
:10988000BE6B20419493F1425E6A0B41FF0AA83FF0
:10989000964FC342FB0FB941B660DA4015D0F13F95
:1098A0001D5E88410E38A142345D88411FCBC24005
:1098B0008775863F54C3B840A2A3634052D3574133
:1098C000C2E732425B880F42094C7F41F1728B3F05
:1098D0009DB8B73FF8DC9440839E9F401004084138
:1098E0005083CF41344C96419CA8EA4169A0D140B5
:1098F00066F625406FCE55414435E73F4D1F364053
:10990000D3345C406710C63F8912A23F7E83E74094
:10991000CC0CAB410DDA914017BC8E405C3A6541EE
:10992000FD168C413E233D419D9E90409803024090
:109930005D458D3F70A7BE3F37930A40A229334152
:109940002ECC8B3F6D72E03F23C7FF42C7FF8F4095
:1099500027C7F64246C653409172983FDC53C8422F
:109960002CCDB941C02295412C0BA3421C4402418D
:109970003D567141A71C664057BE704127B8394219
:10998000305E0C420E8828403044B04081BA4641D7
:10999000ED6E2A40AA42BF40021D1141DF945D4195
:1099A000EF520242A4DBE241F582D7403566234004
:1099B0002B223D401F7B813F1D8B3641C1ECD23FA6
:1099C0001AF1813F058B4E404FFA2F40270AFC4089
:1099D00071BF983FA13DD3401CECE740E4A5D341C3
:1099E000E9FFC340AAAE8A41F4593041B3A881408F
:1099F00085B42B403766823F3366C43F12C5803F33
:109A00007B7226416815FA42BFCC1641D13BE74232
:109A1000F82E8C3FE0460541F1EF2941D2FDD142BD
:109A200095E7A840564C434052771341F6C4B33FE4
:109A30007F8F9240DBD4C8420F707D4036BEA83F76
:109A40002185A03F8C13E63F1A5A1B409741D9400D
:109A5000F60B34401026E23FBE70C042CC41864037
:109A60007167813FC44CB53F47B8B8404025823F3D
:109A7000C803943F2414D43F9A26BC42734409403F
:109A8000C5FB0140D4870A40A868C1401010B0420D
:109A9000036C913FE41C813F2E6B803F5C8C833FC5
:109AA0003855933F70BA813F63ACF742FC18AA4126
:109AB0002426CD42DDDD88417DEC8440A3EF344295
:109AC000A65C6542B29A63411B843840B933853F36
:109AD0001D3F47405D29A641EAB5C341DC3C214218
:109AE000943F8841C21246417E3FEC3FF682813F5F
:109AF0004085EF3F48042B41724E2141E9F58141F9
:109B0000028003415682BE4162F78341458F604126
:109B100089BF3F40BDAE2E412F20BB3F4DFE2F40A1
:109B20006909FE40EF3F5240EB7CD9401048833F2B
:109B3000D0827341B5854A402ABDA1407F07C2400B
:109B400076008E4119F39A4037753A4189EC1440FA
:109B500023543B41ED38D43F2546AB3F30BBCF408B
:109B600049A28D40203ADA3F79C2853FB2FBC1401D
:109B7000DA36F03F3BE4DF3FDD83A140E7204B4195
:109B8000A58721400C44B43F5FC7E03FB7CF7E407C
:109B90003955893F43DE9D40F2A4903F9FA13C414F
:109BA0009BBEBE4031881740005E1E40AA2C2A4151
:109BB0006A44823FE744803F2A94A93FF2EE8A3FFD
:109BC00045F62941928FF1427BADE6427721AE40C6
:109BD00070B7DF4259C15E4058AF84407CC8A53F92
:109BE000D321814053A5D74281B6C33F30CCF93F42
:109BF000AF0E3D40F0698A3F26171E416EE2C34218
:109C0000EA8C823F88C50D413F39B942FC92AA4097
:109C1000EB4CB83FD677ED406919674111569C422D
:109C20006CDF50408C460440AB6DEF4263F43F4222
:109C30007A738F42F9BE8141CD29FE41AAC966429D
:109C4000237560414E5F46418F7A7440C51CCB40FE
:109C50009C62CB41D1EDD24184A5FA41DEDB2841A3
:109C600015655E4087A3A640141BE6405E19294097
:109C700061C2963FA74E6640E4EA2F406564924178
:109C8000DDF8E3406BAE7D400438B341DA3F184164
:109C90009785AE41E949CC3FA1520F4184C7ED3FC2
:109CA000A602CF3FC47D81400C97943F3C540440B2
:109CB000F7F0A340497EC83F73B4893FFA132640AA
:109CC0005A75803F6983833F5E52DC3F87C21840EC
:109CD00027987E41B285A24054E6024058CB2641E7
:109CE000AFA43F411A1A84409A65AC40EE9E1E41D3
:109CF0003F6C3E41F9F6D740915C0D406D9E973F19
:109D0000512C3740E562873F9245813F2C81803F4F
:109D1000ACD0834077E1A53F98A38B3FA37F214040
:109D20003F3856412E0E814012DE853FB057823FAC
:109D3000F874833FA5EE99400CA8B3403F7BEF40F9
:109D40001FCE8F4034DA2D40FFB3B43FD5A06E4014
:109D5000BD54D43F0749BA40D6F482406F332B41FB
:109D600081C6993F8E2F813F9489993FDCF9E84263
:109D70002206DF42A83B9F40FD30D84292A45A40C1
:109D800075836D40B7E7A13F4005D3429F772540DB
:109D9000E57FBD3F3FC9F73F2813CC400E44C64284
:109DA00031D0A840DC0B8D3FF519A842C950714154
:109DB00084D47040BE97C13F07108D426D4F58410B
:109DC000BAA9A640ECFB1D417518E7428EA91E41B9
:109DD0004343D34286FE0C413D588D3F4F3AB34139
:109DE000AF74A64266122240DAF3C840328327419C
:109DF0006CF13E41915EEF41163A554230E5853FA8
:109E00009C3FBE3FDBDBA040FC5FA03F1ABAA83FEF
:109E1000EE6B12414C425640D9600941742DCE413F
:109E200072C48440DBB351411FCD2042DA19B140E6
:109E3000067C67406797D23F31EDD93F4CBB41402C
:109E40000CE4B14041A67141A8B42A4191B1484007
:109E5000A8AE813FF304BB40C462E8408F41E041BB
:109E60005FB14241BA037F40F45FC63F1F8ACD3FD6
:109E7000F7B60040C80AFD3FCF6B863F2DBD3B4083
:109E8000F5B6424155C860402505E540FBE4CC3FAE
:109E9000B4CB8740F8D8CD3F86ECB440E1F2034123
:109EA0001F489E41509411413B744440B4D3E34257
:109EB000D3BB6D40D665DC42B620903F78AB2540E1
:109EC000846C144145D8C9424EA50041AD399E3F2E
:109ED0003EE1AC41F69F9E420F6E26409413AE4089
:109EE00039E4234142DE354151939742AB946140BE
:109EF000E4AECA3F3B2D823FF1F78D408E6E803F2E
:109F000001D1A63F190A0F41E0845D4015FAFC40DB
:109F10000FBEE04199C73E42B44C0440EE8FBA3FB9
:109F200085B0E13F11A8E540567ED23F6A8BE83FFD
:109F300001D83240148EA340B2B7F0402390A44120
:109F4000DF0D85415481F841B8B4E142319CD842DB
:109F500073889140D3EFD142AB8B5540C2FE534042
:109F600047249E3FA5D0CB42CCE54340B273B63FD9
:109F7000A3A3F43FC53CC742F17B12405B59E440C8
:109F800030F7B8422598B040D704CF3F6461E24033
:109F900019D1AA420682E042A5D25E40718BD94215
:109FA000FB841D40539B823F83F9444140ECC042F7
:109FB000D0272241CC460B40B6BFD7404570B342B4
:109FC0004AB91A40FBF2F640C280813FD60C953F59
:109FD000754D823F592CB7406561754118C4944254
:109FE000CD54843FC71DB13FB57DB83F8DD3C84028
:109FF000540F54414548054002CA00422FBE284232
:10A000009D74904005D50B41B97A8A3FD115803FA8
:10A010002A7D16416E55B64101E6F241BA2C3D410A
:10A02000790ADE428593D3423A6FA740A6391D4292
:10A03000B2F68442067EE03F719F5E4072CF9A4145
:10A04000DAA39F41DE16754233B4A64025500F4176
:10A05000BE4E2641CFB61440000D8D414FE5104253
:10A060001F63C8411E0D4540475B084080D8FB4038
:10A07000291F8B3F74A16A40C34CD740E4C5973F6A
:10A08000BAA7913FC11A28417EFEE340C6591B4141
:10A09000BA1DD441B490A441AD498F403B91803F5B
:10A0A0005325903F66378E4034425B40F7FFAB3F0D
:10A0B00078A11440956DB140B67C973F10800C415B
:10A0C00085D5DC3F7319A5402A94FB3FF3D5C240E8
:10A0D0002FBB6740A6F7C241A03009403122B640ED
:10A0E0004F106E418B64823F15615D406B8FDA4289
:10A0F00002370D418BE8C8425056F840D55E883F84
:10A100006E0E9640A487BF42468D73405A1F7D4015
:10A11000D17D3940163EE53F16684741A19AA642D7
:10A120004E0A0540F005DD3FFFB98C3FA341E63FF5
:10A13000B417CA4078B8C440DDF68C4034CB9D4299
:10A1400019AA863F836A833F235EC33F2B40994011
:10A1500020628B406359E53F89BC2741A3D38842E5
:10A16000CD9F0D4089E024404BC3FE3F1FE40741D3
:10A1700072AA5E424CF34B41706FD842B58EE540F7
:10A180008516CA42C52FE93FC342AB402580A9428C
:10A190008059824111E98540CA66953FEC5F85414F
:10A1A0002A288842BB152D418B3AAF40BF4C2C402A
:10A1B000A9AC5F41EE89814264C7534060514D4074
:10A1C000C682F340A7A69E3FE2908740604ABE4009
:10A1D0007887004131B76B4260E5BA405735B93FE7
:10A1E0007059EE3F9D110C40867F823FD312803F15
:10A1F000117ED340DB10D03F5519274038715340B2
:10A20000892329405FD8DD4047DA8C3F5D6B5C4194
:10A210005A9C3442C4E43940FCE53B40B447923F89
:10A2200086DB853F1479D44250549040CF73CB42A3
:10A230003461813F06F85F40DD9C1842C14A7E428E
:10A240009AE48B411F55A5412F239B4129B93042E8
:10A25000773DFE4079AA1841E4405F40036D894193
:10A260002CAE6F4166308D405B93A841F8DEB8415B
:10A27000731ECD40117CC43F4D31C8404C47524005
:10A28000158C0C40A069A53F89EF0F417DEA024182
:10A2900080142C4158338740DD7B5840DDC9833F13
:10A2A000EC684F41CBBD0141DD90A841D370024025
:10A2B00091569C40851FC33F5D42A140C0BB9B3F60
:10A2C0007A840B40A2858D3FC37C913F669B873F7C
:10A2D000188C9640F9528940BACDE540011D803F67
:10A2E00023591641E5DAAD3F24192A40189BC83F8F
:10A2F00077698C3F21471240503BA1408796FD4033
:10A30000B944A83F686AD9406AC71040F0779641BF
:10A31000AA7A813FFD66833F78F9D0426A9D4C401E
:10A320008D94CA42DF5C823FFB6E0B40915D4141E0
:10A33000DB68B242DF71B8404349CA40229C1A41EF
:10A3400056159F42DD517F40C223E33FEF91044009
:10A350004C008840F9E4F8402D4DF13F5AB074426A
:10A36000A5F49241102A0A40994FEA3F4A95803F4E
:10A37000948E883F6F29B34015770B4072F1544299
:10A3800041F7FD401041FD40C1482741463C8C3F0C
:10A39000DB17883FFC4A853FB0D69140693B833F3D
:10A3A000C1B2933FD4BF07423C639A41C343B94013
:10A3B000FC660940CEA3D4400A75A23F0D1F0C4095
:10A3C000FE400441F4FDCE428284C742472E6F40D6
:10A3D000981CC1424BFD4C407EB2294092F78A3F07
:10A3E000A22ED540AEC9B342A76AA73FEF8FF23F76
:10A3F0009A848C401154114051BCBA40E91DA842C6
:10A4000067BBEB3F802B234087A3823F9B04A03F89
:10A410002C20484076582D40DE438F4251D0464193
:10A42000B53B913F4B1BB53FF0B6FE3F6789913F6F
:10A4300086AF843F6701D63F1CF585421FEC9440F0
:10A4400019EF97408AB1F540C399CD4248AE2142F9
:10A450003E857942C8DA64412BEFD041F4426B4229
:10A460009D2464403364F03F42CE4641D805884184
:10A47000A6D21141E20D3F4249D430417B54983F6E
:10A480005FFA174079021741232F3F40A1FCCD40CE
:10A49000600D29410C4DBA4082B0524082B4AF41A8
:10A4A0004267CE41B097FE40C42146403F766140AE
:10A4B000D349BD405C0CF53FE951893FF4F8AC400D
:10A4C000B40E843F3720C73F592910412215494017
:10A4D000F6842B40B50F903FA7A80A40B170FA4010
:10A4E000AC3062416735BB41D58E1940A6C7D2401A
:10A4F0002840AF3F07F5D43F814EB73FAE340E4002
:10A500002283A63FC05FF33FE3718040CF498C4078
:10A5100092BC823F8F89B93F5D809D3F40EF813F74
:10A520000F62933F14D3A7403A3B25409E030E4150
:10A530001B5AA840174A4041B72036412690A240F6
:10A54000FFDDC03F9E6AC9422D6DC542495CFF3F99
:10A5500038DEBF40496FB942F47498400DA59D3F65
:10A560007A632A41DA22A442CB7966403CE0943FE8
:10A57000CD7810416655CF3F97820B421DC33C42B8
:10A58000A993B73FAF0CF34030A7364197B1BB4119
:10A59000086096413226E341CA7E813FFDACD2403D
:10A5A000958F0741695E3C40FC75644131ED124175
:10A5B0002B975540465A77419DEEC9408BAAB04132
:10A5C000CE1DC7426CFE4340DBFDC042F73DD23F8B
:10A5D000E2BEB53F1DF2EC40B92EB2429086CB40B0
:10A5E00033AE853FD90E7A40425EAA428F9C0B4023
:10A5F00048B885407A0F803F1C073A4004CAC83FDC
:10A600001A3BA7423080963FEDB8803F83C5254175
:10A610006A829242786797408E23B4400CCFD13F34
:10A620002E3B8F420A48C6426E6DBF4278535B4054
:10A630004336B94256E54640608718403198853F19
:10A64000518FB5427CBCE93F5B94813F291B06409A
:10A65000D0739B420FDC504140B483427BFC3D41B0
:10A66000F7992D415D080D40A6C4F9412D860A4297
:10A67000347423406E1F1541EE8B7340F86DE1403A
:10A68000BE278A3FFCE88F3F09C3C44241913E4048
:10A690007FCEBE42F9A4C93F897DB33F120C9E42D2
:10A6A000B10983417AFF8642C66438415D4E7B40E2
:10A6B000CB3F47418F731C4110E266428830D9403E
:10A6C0000399974071DC0941698D7540BF91F7404E
:10A6D000BEAA02408D48204204338D41A2CAA04048
:10A6E0009997E13FBDFD46409168D03F7C6DC440E5
:10A6F000CE961E40EB87853F73C93240FFDB154085
:10A70000BFA3AC407304853F0951803FAC3848413A
:10A71000C574DC41329A2441AD97EB4014CE953F8D
:10A72000662DF83F6EC1CD3F20FD9040350C9A3F1D
:10A730006721A33FB136A93F355CBC3FEF9BC142C7
:10A74000F4428140C087B942168AB43FDE402840B7
:10A75000ECACBD3F0C91B6429197B042752F3F4093
:10A760002015AB421C4E3040F13BFE3FF922803FAA
:10A770008FE2C140F7F69E4224CC993F13D0C63FEA
:10A78000454B8540285DF23FD2469A42A3041640CD
:10A790005ACDC042C62C3940F303BB42A113C13F7E
:10A7A000EB45B13FB56DDB40184DAD42F9E7BA401E
:10A7B000F016823F4C80A94105ED8242AC53044023
:10A7C000477C714081B7DF40D7246341A3943E4268
:10A7D000CF8A8E4158E9863F01BE813FFFA2BD402E
:10A7E0000852883F31F909414B57B240AB776F416E
:10A7F000B8B602425668804074E15C41C985B43FF6
:10A800008D81904024E54840D17FAF409E4A933FE0
:10A81000A4848D40EB949F4035AD1F416F4E544151
:10A8200038469B41938515403196D63FA91914416E
:10A83000968F91404C74BE4295F58541E7F69C4257
:10A84000B4515841DA654E40A95C5C40021496420E
:10A85000690B3C415232E23F35CD01404B31993FCB
:10A86000C9C47242E98C6541B4222841AD459F3F7D
:10A8700032B20D422E25CA4102A040419CB3134082
:10A880009FF81541A750913F749ECD41DF8B1B412E
:10A8900040951B411DB5784195E343401DA70F41ED
:10A8A0006BC3933FCDA3933F5D87813FB3C7054102
:10A8B000EBCCD3403AAB9841B9A708413221973F3E
:10A8C00030CFA140505B9540DFB95B41F4D9E73F01
:10A8D000EC47FC3F3D7F8B3F27AC7E4026F89F40F6
:10A8E00073BABB426937C540FC66AF4220405F4047
:10A8F000B22E2B40EB978642423CA34137D0C73F54
:10A9000009B0F63F90CCD53FD490803F736A38426F
:10A91000C98AA941F00F194194682D4174ABED41EA
:10A920007129834129917141D108C34046F2C43F46
:10A93000A8710041957BE84028AB64406CEF7841FA
:10A940007B67624197C9C740176E2241C6E73D4108
:10A950008AA54E40FD2F9C4052639B3FB907D43FD0
:10A9600061E1CB4001B7BA3FD5CDB9409A3BB83F82
:10A970005B8D0840EAD23040B1BA4C41FD2DF84021
:10A98000F9A0CC40DB744440531E4B40C7CC0D4172
:10A99000870AA53FE3A623411A07D23FD0580B40B0
:10A9A0007599863FEC7EE03F83204840B40F7240AB
:10A9B0000EB32540CA8E8B3FEB8B853F6379B8423F
:10A9C0003D2AB5428DC9D33F3E171E423B3D4C4206
:10A9D000216241416C7DDB415ADB104286876D412B
:10A9E000A74A6040774F0941C3E888415329254170
:10A9F0002723AE411A276741BAFA7640D7C82F41BC
:10AA0000A8421F40FF0F823F8262C140DA78224095
:10AA1000E37A294146ADD04009425040A131E2409D
:10AA20003A6647405F3695419575EC409FD8E140C6
:10AA3000ED862F409BE78E3F5EFD4E40FF12F840B3
:10AA40008055BC3FCF2F823F4CC09240D788BA3F41
:10AA50005358963F6199AE3F33713A402CBDF54053
:10AA6000C9FEA940F3B99A3FE08B973F197C044097
:10AA70006F7A8740646E3540DF12983F95B9F63F94
:10AA80001B30A940B2D455413E3AAF405DEDF43F92
:10AA9000427BB1407775C13FB996044049CD943FA0
:10AAA000DCB1CD3F88A6C44045B1B442DB492D405E
:10AAB000F746AF42BF13D83FF77F823FB08E914237
:10AAC00033C26D415DCA7A420F4C21414036574036
:10AAD000A3F43741F627C541613618424411B94005
:10AAE000DB868940B3C3CE409325A140AEC3A341CA
:10AAF0002091854011995C413A20C241D43586406D
:10AB0000BD6DCB3F401E3840EBDEB53F11493340B1
:10AB1000553E6A403DE54540D3CBF83FBECD2C4085
:10AB2000F7298E41F068973FC96D3F4096A2754066
:10AB30006B301F418A878D41C362D240400FC13FB5
:10AB4000402DAF3FD8F0803F4AA1E53F50A8A03F3D
:10AB50002DEA19407F48B2424B055D405460AB423C
:10AB600049899F3FA7400D40F29CB84085D69F423F
:10AB7000835F504061DA2040058B17402D1A9B42BD
:10AB80005FE40C4048F6863F05E0BD3FBCD4833F00
:10AB9000FD3E84403DD692426F8F384017DD9F3F87
:10ABA0009D146942765F724158513342150D5741E9
:10ABB000E332BA4005461541A73DB14265B2B03F08
:10ABC000DD7AAE423B1EA94235942B4080BD144233
:10ABD000F77E3D424D06D73F1D22803F2FA73541CE
:10ABE00069A7CE41D00F07429ABC5941E0571B419B
:10ABF000787AD23F73D37B415F7B2141E68D9441CC
:10AC000074237341A8FD6940303D1F41244699409B
:10AC10009D699D4050F664411CE9B63F13124240C5
:10AC2000B4EDE140CACD35405AA87B414DD3004137
:10AC30004FA0E440C23B2140CD83913F2EB29E40C5
:10AC400031C89F407232AF422C172640B801AA4249
:10AC5000C14DA83F98E0A33F1443A5429BD41740A1
:10AC6000E9FC1C4176A39142ECDD863F4BCBA83F2B
:10AC7000913F3A4009DADC4058D70342956F1F42B2
:10AC800043A5813FE0D9F23F97249E40C9D5FA3FC2
:10AC9000EEAEA140F542DF411A7ADD411ECA4241C3
:10ACA0002AC9913F99647340B56266404EF6B93F38
:10ACB00006859F41BDF7FE40BBA6B1406B10B14178
:10ACC000B7E80940F14F2041C294AD42E843074242
:10ACD0009CE553426C87DB419501CC4055A348422B
:10ACE0006124344007B6CA41248B06400A28913FAC
:10ACF00092B7A74048EC9741635AF941EDCB883FA2
:10AD0000D57CDF3F971B0A413BA88541B9E58B3FC6
:10AD10008E30813F40A71540E5C7394073E7EA40D0
:10AD2000D6643A4159F69A4114C83C41EE8C7740BA
:10AD3000B8709840EB1BDD3FF9AC6F419B10843F2E
:10AD4000E53DA73F2E4F1540DC3FA040D128AC3F4A
:10AD5000BCDF24412A2B1C4188C1194119E08A40DB
:10AD60000FB0EE400CC81440C489C53FD772A83F4D
:10AD700004A85C409B0789402C292B41705B7A40DA
:10AD80008E488C3F7D131B40BA35FC400EBEEB3F16
:10AD9000D066FD40AE015E403982C4404BD3DC3FFB
:10ADA0008D56274058464D40E30C88407E4AAA42C3
:10ADB00037EA48402C03A442C60D953FA8C6FC3F85
:10ADC0003F2DA142577BB53F37009D3F3EB99E4284
:10ADD00011009A428E2517408B089542D1F01E40F3
:10ADE0001849AE3F0502803F1F5F0C42F7B11D427C
:10ADF0000A94873F984DB63FBAC9A942BDF646406E
:10AE00000592A342C6620440ED27853F96A0B84054
:10AE1000FB079842D0858F40176BA43F16179641C9
:10AE20006B0465423024813F88795E404245CE40C4
:10AE30008A0B454198742842503F7241D505843FA2
:10AE40009D761C40AC14AD4058C2843FB07515418E
:10AE50006B573E409C24824193C4CE41E00A674038
:10AE6000987C3841CDDB903FB9DD884098509E40BA
:10AE7000C79A8C403969923F9C45EA3F1B0E674157
:10AE8000E8D8E93FD7540041279A8E4158540C40E6
:10AE9000116DB53F9636FE40348565400224A842C8
:10AEA0004B83A342E116144028E01B4049A49E4274
:10AEB0004A51833F77DCA43FAC519D3FA46E9A3F3B
:10AEC000AC9F124154508C42B64E1640FC17DA40EB
:10AED000317C7242DB911841CC2CA03FA1708C3F99
:10AEE00012D90E4073AB9240DE3AFB40D514534268
:10AEF00026CBA4408F588C4027C58B3FFDEC913F5B
:10AF0000EE016040F1A98A3FF1D1C640B1A3D13F23
:10AF1000D95D2642F0DB324193D32340BAC22540AB
:10AF20005A65A642E1C5A1421AEF134071899042C9
:10AF300086E309410319833F31C5A43FFA445641D2
:10AF4000A3816B426948B64046FD3A403D858D3F3E
:10AF5000539444416A8137408C096042864B5D407E
:10AF60004C450F40EBD7D93FA2229C3FD75EA9406A
:10AF7000CEC9DF40C8E51640309B5642A9938F3FAB
:10AF8000B1811540C23C8C3FD74D923F8ACD49409C
:10AF900024F00840804F7A401C4445408A41803F5D
:10AFA000058AAD3F707FCF41F0B6DD41B4CDA442FC
:10AFB0007EFA1840E005A042DB97993F215D983F5B
:10AFC00039510241B9BB8F427ECCCB40CE57E33FD3
:10AFD00007BF8940C91F8742A6E4CE3F541398405B
:10AFE0009DD3803F3F14534032034241C4BE5D4273
:10AFF0001D7D833F1A686E40719DE540F4689E4058
:10B00000BDB38E3F27495942009D5240E29D784092
:10B010005FDE983FB862704092188E41DE3C12426B
:10B020008AB1A3420CF1A042B71FB03F0E65964013
:10B03000BB8A974297D84F4008E3B93F24A589427D
:10B040007059DE40AB36C23F837ADD3F3B466141FB
:10B05000B8F85A42C63D46401B757640F515FD3F8F
:10B060007DA34141C3C6DB40E07F3F423D18E53F41
:10B070004F63A73F836E36402F0D803F9388B93FC3
:10B080006A722A4116C3694070CA4D408161FC4111
:10B090003F9E82412DBCA142649D364042079C42A6
:10B0A000E8F38C3FE046E03F4679F041E2D13F4291
:10B0B0007AA4D3415DA66640518B3542076924408E
:10B0C0009221C3413C170440B4EF873F83AE224036
:10B0D0008F1511420AD71141CB70843F4261C43FA2
:10B0E000D877B241D04D0540B406823FC427863F91
:10B0F000ADB0973F5AACAD3F2B85464188E8BE4185
:10B10000A97759403FF2B6409CC6CD40630C7E41C2
:10B11000F161893FB039813F2552AE4031B8DE4000
:10B1200092788941D8BFD540FC07174082DC564051
:10B1300005AE9F42E32B9B4220441040FCDF1240AF
:10B14000E49496421847803F2941A03F2E76923FD3
:10B15000CA49933FCE780741CAA5854255BFE5400D
:10B160001BC9A43FE91AF5411FBE10429BFD0C40CC
:10B1700088409F40ED849341F72B43418E22CB4181
:10B1800061B32C411B9D813F1C5E983FDCE46A400B
:10B190006738A73FE1A91D41FA5F094128F2414004
:10B1A0006DAF12416D1BB14106395040B1D5F63F2C
:10B1B000ABD80D4111659E42088C913FE01E9C4228
:10B1C000E4959942263FA23F36BC4E4224DFC84157
:10B1D000854A2D42C3C60541D137A3414D9D9640B6
:10B1E000846E1D4211C07D40B55CB440A1612E400B
:10B1F00015588B41DCFD3E40749A983F5FED6040EE
:10B20000351914416DD0F041EBE63B404BB2833F22
:10B2100034F772406C84EB3FDFC6DA3F64FC813F59
:10B2200086DD3C4148A5B340280A873F90F1F63FB0
:10B2300044CCD13F7A0EF03FA4489C4288AC964261
:10B240008483334092028342B14F1D41CB23873F19
:10B250003CE3DF3F1636DC4119EA1742E35E7C40EF
:10B26000F16FBC40304EA841999FCF40D1BC1042F5
:10B27000F9A8E53F6FD6813FAB733B40DA750340D9
:10B28000076A7540D3C09841C6D5F83F6ED041409B
:10B29000C46E5D4018D1DF41135103416971843F91
:10B2A0004B7A823F449B2640879D9D3FC05DC73FB0
:10B2B000F74A8C4148AB8D3F94F5F53FD113923F4F
:10B2C000DB64144023579841EAF30E41132367408F
:10B2D0009D1093403F799A420AC0D4403F2D8D4241
:10B2E000710F4640A370634058792C4074C987425F
:10B2F000EC6CCC3FF5B1BF3F063F20403A63863F40
:10B300001F9E594222D35741F34FDA4021543E4207
:10B31000F9238F402641104148E2913F61D7B54063
:10B320004B489D4017AB2A422773534097A9953F3E
:10B33000BAF0CC4024232740378F6D40163FFC3FA6
:10B3400045288C3F737C74406E4F374177AEF9418E
:10B35000BACA823FCA0D1240EF64104042BE844018
:10B360007A47C73FCEFE863F098F984205AB2740FC
:10B37000B1519342B6C7853F558EC93FE63F8E42D5
:10B380005D39224001008C4229F98F3F9E63813F45
:10B390001C0FC33F6D73144127E37242C233E23F77
:10B3A000E959F0408D078B41615F2D42AE38044072
:10B3B000923DAE40A7C57F41924BB23F78E8E9414C
:10B3C00094AC61414CAD974261B6A440E6618D42B8
:10B3D00069417D40B256983F7851823FA0588B42D8
:10B3E00087B0993F2669304020231A4087878642DC
:10B3F000B5BB993F8B8A9A3FF5FDD241139023420A
:10B400005EC01E41C69D834100C2BF41265E87418A
:10B41000120C8040AA74BD40B89939401ED55841DD
:10B420001F4AA84109BF3B4080532A406D27644111
:10B4300055E696427B520840C1A392426D5D883F1B
:10B440008A47883FC6167542F2C2404199A55642C6
:10B450006289F3405814F9408D71884073E4FE40CE
:10B460000BC9364293FA85409D1D5B40BCA00E403F
:10B47000FAC3B1404F703D4095E5A63F0EF0CC4079
:10B4800095D1C73F122DF74109CA6C41D5013C4007
:10B49000A4E69F3F1C0F1640011D8A3F6E34883F73
:10B4A0000A0D953F6252BE3F612F82407BE7F23F1B
:10B4B00023F9873F6E95F23FB24A904064A59F41C1
:10B4C0005B0F2F4158DD054163D9CD4084169B3F6A
:10B4D000B507913F53C89442AE584942EE6FC04100
:10B4E00064652942579AFF4064329A4125F6984094
:10B4F0002A061B4294F36540FE19AB40B300294075
:10B5000054B6C1409F895341ECE79C3F5478634057
:10B5100070FD11419D0DED415DD525406E3C803F94
:10B5200029D2963F736585401616D13F50EB803F78
:10B5300037E5414072874140B7750D41D0278C40B7
:10B54000CE1BD53FDBD4F13FF555F740A893B23F72
:10B550004B8D6F40F31BCF417D8CBE3FF13DC53F0E
:10B56000AF06F63F36088D3F0C7B943FAACCF540E2
:10B57000A216E13F4EC427408FC79240CD1C4940E0
:10B58000D63B2740EAA2903FE96B2A41FDCB7341AD
:10B59000FED7C940B1D2AF3F8FFD903F0E8BBE3F6B
:10B5A00008AC914247C21A40F6D58C424C6F803F9E
:10B5B0004115B53F8E838942DC99D43F3CE28542F8
:10B5C0008254E83F0A4A3942DDF4A4410D5824422E
:10B5D000EB8FA740CE18984052DD7D41B12DE2415E
:10B5E000D3044D41DFE57640EF73B03FE063833F26
:10B5F000AB7F6E40A1DBFD4004DFFD404CBE9042BE
:10B60000182F98405A3B8742A122D13FDFCC4740B8
:10B61000327FC7411BB72A42115F813F561D074049
:10B6200081BADF4092908F418D7B64417030E3415D
:10B63000E979E03F069CA740E1EA5541856C9240DC
:10B640005F67D540BA8FF340EDBE7C41F4A149411C
:10B650008081823FA6FB864036C1484094BA234190
:10B66000FC62DC3F8BA736407FF2B33FBF6AA84045
:10B6700047708F40E63E4840DCAC94407F683241E2
:10B68000D6822141757C204098F027406A0DCC3F3E
:10B69000D290D03F9BF1C03F32BD1D408E96F84006
:10B6A00042E3853FD46BE73FF181F93F8614544074
:10B6B00014783440F3D0D43F49FA07403C89803FA6
:10B6C00047092640705003405889BF40A747A5400E
:10B6D00028964340993AE1401047913FDBB1AF3F94
:10B6E0007F5C8E42D9338C42B2298A3F60415442FA
:10B6F000A34C88414F17294243A82C41A25BCE405E
:10B70000756B2941FE6A1A4217C56A4051BAF74063
:10B710006A2C4340E003833FAA9AAD4013682C4053
:10B72000E0A2FC402D950F41640BED4130B2803F0B
:10B73000FF6B2A4034119B403A523940610DFA3F69
:10B74000734B8C3FDF108D402E27823FDD2DD33F82
:10B7500049A2853FA220CF40FB08B63F51FCF340F1
:10B7600026B8AC3F59F12341B8129B412DB6893F11
:10B770005147714051118F3F2393E33F422B4D407E
:10B780000116514000F88B42D0387A4282B9ED4020
:10B7900033646A41C39F3F42C71813401F2DA44022
:10B7A00041421541E343AA408147E04104F89E41EC
:10B7B0005BB9933F3278923F107619402EE42E40C9
:10B7C000CDC98440B6BAA540D58E7B40E3F1B13FE8
:10B7D0002EF2BF414E558140FB72D03FD5F09141D2
:10B7E00063A5D13FF9228C3F6095F93FEAC80C4030
:10B7F000BF8B853FC65784408C52913F8FE53240C6
:10B80000FBEC9C41CB148C40B0778F3FC4EE3A40A8
:10B81000D6BF1341D42110416928963F6A69833FFE
:10B820006FEBBE3FD53929409C7D5A41B5B8BE402B
:10B83000512CEA3F6D1323402DC65A40951CBA4047
:10B840007E61AD3F48EBF440D11A8A422F430E404F
:10B85000B8A88542BF44803F9F419C3FBB9F824226
:10B86000413FC23F7292594210B42E4187A15442C7
:10B87000581D9E3F33F23140833702414CC7DA40B6
:10B880009D4839424F81A13F1863C23F59F9144086
:10B890005AF2B940DCCA8E40E1F817402530274003
:10B8A0009BD52E42C2DF9F3FF0128A3F084BF43FE8
:10B8B00030BF7940446A8942A4EB9D4013177F4210
:10B8C000F0B36040B246B63F69810B41B8365C4286
:10B8D000BB17823F12A81F409B0EA4406FE8654033
:10B8E000E684E3401CC63F42294CB03FFC038F3F37
:10B8F000B8A53B407E770C40398B803FD2A22540D3
:10B90000C3D62640851990404D4A8A41EB41F54106
:10B91000C00D813FB13DF63F22B0963FD93E823FF8
:10B9200025839E3F612AAF3FA65B2640C6AEF33F0C
:10B930005CED28417B4ED74054509840D52DCF41E7
:10B94000A160BE3FAC568E3FD6E0AD40E1F9A340CA
:10B95000C95B9D3F89F7AF407E769E3F6A65614037
:10B9600059728F41F2EDFE40C3038842CCDEF93FAD
:10B97000481C844272F887408139774274E249401A
:10B98000DE1C8C3F859BBE4011665F42E64E8A3FBF
:10B9900001BB0440C0458D401257C53FB0454240F1
:10B9A000B64153421C30963F72734F40EB1C8B3FA5
:10B9B000756EF93F56772041E0232B4211B1803F4D
:10B9C000EA1A0F40ABE4B640000A8A40FED924418F
:10B9D00061ED01427C5D87426E59D341420E2542A2
:10B9E0008790314155227541671E1D425AFBFD3F2C
:10B9F000AB5EFB40C8844F40927250410ABF124078
:10BA0000C4C76641EBD8C641F727B23FADD4CE409C
:10BA1000BBA99B3FEAAF014000DE1E4147524640B2
:10BA20003927BB402734094192837A41442E134180
:10BA30003DF3B73FDED7A04080B8823F54A7803F98
:10BA400044860841E7BDB23FD6B10540E240813FA0
:10BA5000F6DAF13FF8607D40662A883FB55DF04038
:10BA6000C99A024193D1EF408A524C404433C040BE
:10BA70006C0882401B048F40AB4A32409B2C963F9F
:10BA800014E5BB3F7064C140CBDAB23FDF7ED840E3
:10BA900077DA914037EE3B40C7F5A33F4DAFF43F17
:10BAA000811592400C77B83F24218542A702F23FCE
:10BAB0001959814247788140298372422C9A3D402E
:10BAC000C1AC8A3FAD373440AF3F6742170E853F68
:10BAD0004226F63FB18CD43FA8E2933F91241A420C
:10BAE0003B369A41D649B44199FE7F415CB08540CE
:10BAF00048947141867075414A46E64076ADAC3F48
:10BB0000EA686A41A245A83FE63D3740263F6141C9
:10BB100013A9823FEAFA83427FCD8A40259C764270
:10BB200097A8EF3FB4C61D40CE1ACF40CBB85C42B9
:10BB30008194843FE7F8B63F0356504099DF4D406B
:10BB4000E3858F400EC84A425309F13FB3A2AF3F8D
:10BB500080E2C83F869A3A40262FC4402A423242A9
:10BB6000F4B7A63F197DCE3FBA698540B115FB3FBA
:10BB700094FAB440D7A21B4207F8A83F7157364049
:10BB8000772F963FB66E8F40EF3C554137A7CC419B
:10BB900098FA82420C607F4289A4D23F9842EF41DA
:10BBA000C0BE074247CDCE4146D58140971448419B
:10BBB0003473AB41F3D5AD4150DD83408033124047
:10BBC00017EEE23F74750F418E7C6240A927E24078
:10BBD00093D26541A2FD924187C256405375E93F19
:10BBE000F6FF1240AA04404092E8BE40459CE63F62
:10BBF000D75CDE3F04041640A72597403E412C4108
:10BC0000554566406D29E93F0B6B84415A6FD13F22
:10BC1000B315DC3F63E7943F8918913F21F0883FDB
:10BC20003419F73F24778640B6C5E13F73D6803F8D
:10BC30009531AB3FD067833F66976C4076401B41A0
:10BC40003A06883F0EE916408EB89E3F3321814266
:10BC5000F4507A425B2EFE3F07663F40935A6E4295
:10BC6000D1EBAD3F3DE0D03FDC6DA441A5231C42AC
:10BC7000F289DC40BF965A41EA280242DDD5CF4026
:10BC8000E8F48B40142A2140C23E0541FAAFAA4095
:10BC90008E7ECD41164DDB40EB0FA640C617A73F69
:10BCA0004B19A43F2BDD454047E4903FE26FB13F85
:10BCB000D868DD40AD52B43FD6FCEB3F8A615F40AF
:10BCC0009E48B54179AF4140BE311B4037B48D40ED
:10BCD0007AF67840B752A63F87C47E421C5E554232
:10BCE000AB992541B6123D422E5BC240D48ABF407B
:10BCF00081A88B402D27E640D14D2042A250BC3F69
:10BD000005479340EA421A40BFD264402410823F64
:10BD1000F04856408C0BBB40846EAC3F3DF4BF41B5
:10BD200064A78041A1398E3F3A715F406E8A873F98
:10BD300066FBAC3F571FEE3F2686DB3F82DDBE3FF2
:10BD40002B548B40FE2176417CC609410832F140DC
:10BD5000C5B508415F16833F0AE61D4041558E3F39
:10BD6000B67D4F40DA185A412249E03F5C1D33400E
:10BD700049FEB940FC3DA24016E81D407B5A854073
:10BD80000E118C40D3D47A4246FF9140EA94684227
:10BD900054D75240704EA23FB2188040D4915842BE
:10BDA00074760F40C0C1863F937E1D40A265C53F9B
:10BDB0006E4B46422E3392408D2E9B3F5BBE833F9F
:10BDC00014F2A23F120B983FBBF21C42CC622541F9
:10BDD00090A125409889FD3FABEB9D404635094237
:10BDE0008DC13E40D164EB40225E5A4066F2C23FB4
:10BDF000B26BDE4169FBCF40008D9B3F1AF6E13FFD
:10BE00000C0BA84089B30640CABE7742A269F23F34
:10BE10007D2B704223F26A42472BA73F05795F4290
:10BE2000E1913740362DF041D3C4CE41FBC5AE3F42
:10BE3000C75DC03F9AE3E641C299943F9E67834144
:10BE40006BBA16414CB798419C581C4106AE7A40DB
:10BE5000B9234841600A9340776A9A404F78764206
:10BE6000785FE03F53756F421A254942E640194119
:10BE700058E336420F0E9240CF95B240F9D77F403B
:10BE8000D9CB1542FE5D0441AD803540E536DD3F3E
:10BE900041DA06405D515E40D62B34404658973F0C
:10BEA000A14446408F6709420BAA8640F0118240A8
:10BEB0003527803F24DAEA3F706B833F12498A3F7F
:10BEC0002E6DE93F8C35D33F33EA0040DAB48A3F28
:10BED0001EEBA041FFC7634102C40D402820FF3F75
:10BEE0007E08943FA21F3A40148B74424E428F400A
:10BEF000CBA26242CF8D4F409AED9D3F8B757B4028
:10BF000072EB5242D4A1F53FCA79A93F88EA1940A1
:10BF10000716C33F9BBFD9407FB33742B2C29D3F94
:10BF20005E12963F76B1993F3E53B340CE6AB7401A
:10BF300025C62042EBFE9A3F83938C40268DDD3F41
:10BF400084078040275D8641232FBB41F7AB4140EA
:10BF500020F6AE3FB1AF0B40B0BEE83F39E56540DB
:10BF6000FF405341D57B124171E26341A0BC724254
:10BF70001DE86E401FCE6342F22DAC3F23D1184026
:10BF80000BF4A94119D40E42C5CA983F82D7983FF5
:10BF9000411BB84075DA7741F0DEEE410B25BB401E
:10BFA000D656BE3F8C85884081003541E7B3854039
:10BFB0008AFA1441AB61A441CF788540F0B0D63FF6
:10BFC000784B803F5CE550404C4A2D40EEAD094136
:10BFD000E19DB93FDE982E400B9094400965954055
:10BFE0001AC146413C020241CBF41F40A6F9D53F9D
:10BFF000A0BBFB3F180FA63F3D53BC3F5B419E3F9C
:10C0000030A00840C40BCF406467B53F58CAA73F73
:10C010000F21B93F8E8F4C407FD5674027E9853F80
:10C02000673F1E41CE062240A8533740A45AA8407D
:10C03000E9486F429ADB5542756ACB40E3D84941E3
:10C0400061652342E494404006405640BD5EFB409B
:10C05000085398406F7BC241534F84414293F73F4E
:10C060008796893F7EA0893FC76F1140DFCE63402E
:10C070004E77894015DD6140F8919D3F69359541C6
:10C080001518B5402288B43FA30D72414928943F4A
:10C09000BBBA1940BDD5863FBD834F40C2051F4086
:10C0A000A5AE853FB850834189250F4038B78D40F4
:10C0B00077839D3F510F5C418AF2AF3F2509883F4E
:10C0C000516CAB3F3EC2A03F3D45FE3F8D870F40C8
:10C0D0008DBF62415A4B823FB9FF9B3FC709584011
:10C0E00051C9863F31B21B40C5223541802E6C427A
:10C0F000B7D7D73FC36F6542B4D75E404782574238
:10C100002BB31E401249803F25B3E23FAE6C504234
:10C11000EBEE933F6B77A93FDDBCAC3FC7064B42CC
:10C120008D51FC3F3B2443427151244024DF38426F
:10C1300019976B423B6AD541FCE1004285D800412A
:10C14000F8FD944138298C4180356B41E604DC4090
:10C1500090B0963FEF042D4103EEF94090710441F9
:10C16000E0E013413AFBA940E33716412F43933FE8
:10C170001B34B740FB301040B0F808411D3D8240F1
:10C18000CB616F400A60B23F1C4BDC40D543A140FD
:10C19000EB7D8640C2428540E1E1923FDCE5BB4059
:10C1A000D4136140C4D6853F6ABE9540BCAD963F6E
:10C1B0003AB4893F939992409CAF7E40FB37194037
:10C1C0007F84D63FDBB1C33FDD880D409CB3B640D2
:10C1D000025E963F49FB1C40608C25402FC6004004
:10C1E000A6350C40708C7B408F7EF83F18B1A83F7D
:10C1F00048BB0C4045734E401C13BA3FCA545B40C9
:10C20000B7BC933FA6ADFA3FC9580140D144813F26
:10C21000262BB13F6B72963F4F9F843F28F9823F98
:10C2200052F5954004F1933F8E05A63F899EC23F8B
:10C23000377A883F9D6B8B3FAFFF8C3F57BF803F66
:10C2400039B7983F2E006642C05D6042C34DB43F8F
:10C2500071D8D440B2C24542B7B8A540E87EBC3FD1
:10C260006F58C741F62CC44110F581409C0E8F3F9A
:10C270005727F440994E8A411C3A2E41D01F5A410B
:10C2800092FB3E401BDD893FD63962406C0A8340F9
:10C290005849F03F079476414774024151172F40A7
:10C2A0007010CE402F2FE64065E6973FBF10E63F67
:10C2B000C8F8C43FE57AFF3F2DB6304056BDAA3FCF
:10C2C000923E2A4063044C41571BB9406F9A174075
:10C2D000BF07AE3FE226B03F4610AE40A700803F0A
:10C2E000E4DBF63F3678A840BB36634236ED544275
:10C2F00046986440FB769841B9B108422812E43F61
:10C30000631EE53F18228C412E4EC53F68A0664152
:10C310003E139E41382C7F41BFBFC83FD7B2774004
:10C32000B2B32841E2F60E419A2F2D41ADEBB24057
:10C3300061B6254100CBFB3FAD9AF33F09CC0C41E0
:10C34000453DDF3F0C6DA94072016940DE245C4031
:10C35000C54CEC400FA98E40780A913F61CABC3FA2
:10C36000151D0E41E413AD3F1A53EE40332B02402E
:10C37000E4AE50401340A03F69E11840B8BC923F82
:10C3800082C61240714EE13F29F9B34040CF5F426F
:10C39000BD0151422DD86C40A101964089413E42D9
:10C3A0008D211040406DB93F66621F40DCA00C40FB
:10C3B000C1A3FE40116D1E420C529F3F0EF1803F03
:10C3C000E60D9A3FE6B6A43F13269A405BFB484031
:10C3D0006CCA8A41B50FB24162D8823FF6DF724023
:10C3E0003827014047A88F3F8A143340B6CF6841B1
:10C3F0007186A041254A0C406504823FC3DD31406F
:10C40000E4B2813F8C9B803F8B41803F8AE7E53FD0
:10C410002FED1E410DC593407848B840A5E8644112
:10C42000D16F5C421E9FBA418440FE416E1C4B405E
:10C43000903BA14173794A41CA0399411EFAE63FF4
:10C44000BE3EAF3F86BC8C4158F8234045BA004100
:10C450005C7E93400F4D044186BA2D419570334167
:10C46000EB10CC404EC9C53F6127823F090AE0402E
:10C4700007AA853F5F723940B314DB3F738399404D
:10C48000572D5E4082A3814089D1D940AE2A814098
:10C490007DB6E5400C5EE53F68B992409276893FF3
:10C4A00065ACBD40D22C863FECB7EC3F3504C83FAD
:10C4B000CB044F40A2571C406BAB833FC102B23F3D
:10C4C000A4452A40A1C5863F2120B840AE6CC93F93
:10C4D000049F1D406D6E91402190284057048A3F73
:10C4E000A5706040982282403327EE3FE74FF83F27
:10C4F000AFB9A53F8EB09D3FBADAB63F8912584218
:10C500005DE240426381B940D17D3641E942134248
:10C510007FB82B40474A47404C9CDF40555F8D40D9
:10C520004B540E42B3D39D3FF403BF3F0A6D983F77
:10C53000C0E7843F67D60440BC844B40DDB3734002
:10C54000ABD65140FCCF913F4335F5414FCD9D4097
:10C55000BCC8843F5E200940AF3B803F0696334015
:10C5600001B6C33F56F7DF3FC378C44100F2C24073
:10C570002A2E903F888373400ACF943F015DD23FBB
:10C5800034ECB941F1C8A83FDDCD92408F90C03F57
:10C59000E5949F3F16B92340AEE95542B405C23F2A
:10C5A00080D94F42E3194540E2874342AE67FA3FE4
:10C5B00018CC8F3F96DC9A412D33EC414CC3F340AD
:10C5C00086D73B412ACDD4411A303B405F003540ED
:10C5D0001C439940597CA440B332D340C71C7041DE
:10C5E0008D7D39416B3DED3FC922893F60B2D13F1E
:10C5F0005D4E983F44756A40EA21903FEC801D40B3
:10C60000C7772B40C0A88340E6131F406A8C564171
:10C61000E582CC3FC7241D4134C6E23F2CC25342C1
:10C6200062C4CA3F096C4D426E883F42A5395E40E4
:10C63000E88FCC4071F625425DA608409026AB3FBE
:10C640004ED7F43F145A8F404B9B194261B245407C
:10C650009006913F2B46803FEF7AAC3FB176484041
:10C66000DB8BB040D08903425DC3DB3F65A1AF3FA8
:10C670005B1E35405CF92B409F6AEB4101485D40F1
:10C680003E535242F3A93941C1E82342B9C8D340CD
:10C690002C8B9F40B7A97C40261E14429B92A14040
:10C6A00079D8C83F6F55873FA16B7B40968D833FFC
:10C6B000ECE23A40342ABE40BFB1F8415F00A13FEE
:10C6C00006A57240B2F22A40DFF1A03FC44D8A4075
:10C6D000C371CF3FA0639A413E9C3C41165B813FB2
:10C6E0007BF73140C9432D407BAFCE3FFF74944070
:10C6F000C08C6A414B47AC4031F1CC4068015B4093
:10C700002CD19B3FDE692A41C44580404B01D83F74
:10C71000F18D6C40415FD03F61D99840A9784E427D
:10C7200096015C4090B8404252E40A40883AA23FE9
:10C7300083259D40E0132D4277088B3F2DC08A3F13
:10C7400026A62840E0A41140B1EB644025C51E4256
:10C750005491C53FF8BA8B3F9DD7AD3FE3FF0D40E5
:10C76000B52C1442F786294077419A3F4EBE813F4F
:10C77000C4500F40A9370B42ED69AF3F00A4A33F5F
:10C78000BB229A3FCD7E843F25DEF33FB89803421B
:10C7900069024D428CEFB93FEC324742A81D22425C
:10C7A000125514418CEEE34187994041A185C84060
:10C7B000074940409ACA9541E3471C41E8F72040A9
:10C7C0008D5B18410C769840533EC03FAFD2B33FCB
:10C7D0005FBFCC3FA72EEA40E17D36414C1FE140D0
:10C7E000F5E02E40A1981140C9EAE740A8B74140C2
:10C7F000E168DE3F1EB865402FA56E40B41641408B
:10C8000034380641626B33409B698740C6B5D83FD8
:10C81000240C853FEC819A3F56AF883F869A8A4028
:10C8200086A03A405A9A49420888334158B81C4277
:10C830007CD3CC40953C9A402465B8418C0B814117
:10C840006CFA9B403F64C33F18C4843F1D1772407D
:10C85000D1557C41EDE8E840B45646418E016F4029
:10C8600097868A3F8DB17240331D1F40D6F3A53F96
:10C87000E1204F41C2D334401B5A9140A41D2F40A8
:10C880002B1C264125EA0040DE8E2D4060E5823FCC
:10C89000CD54AF3F27071B404E67813F17D3BC3FA6
:10C8A00023F2434058241E410388B33F811FB63F03
:10C8B0002186803F257162405301B13FF439AD3F7D
:10C8C000A6D1973FF6211341B7FB803F92D8803F16
:10C8D00027C39A3F955AC03FD8F3F33F6DF0933F7B
:10C8E0009AE5893FA5E70C4140F2FE40B0469D3FE6
:10C8F000DEF645425F8C3042F453AB40F1A726414F
:10C9000063E2064297C6C73F9DC472408F96CA40F5
:10C9100053B982407BFC974196906B41E156E93FC9
:10C920005932FC3F891B64409611314093CA424002
:10C930002650853F06480B41EFB02441E3B29940B1
:10C9400024B71E41AFA4A33F324912401478BA3F26
:10C9500017ABA73FB82AB43F6E6AD13FBCA4A63F2D
:10C96000DCE6EC402A5210412BF6A23FBA67D33FD7
:10C97000EAB14940FDBBA4404CB2984021913840F7
:10C980004C9E904016AAEA40F8E8D73F94E4EA3F6C
:10C990003F7FA83FBFD671407642AF3F995C813F51
:10C9A0004CB67040D0474342F7E3B241A8ABD34105
:10C9B000856BDB402B1278413095664120C24041A7
:10C9C000015AC73F0595A9406CA20D417EDFD440B6
:10C9D000CFD7D3409252F94034748A400D10F740BB
:10C9E000E63183407B8C993F46ADF140495EA63FDE
:10C9F000CBCAD03FCCACA040E6F022405C5F824086
:10CA000035A58940BA5A5F40769F5040E591883FEE
:10CA1000B60F9340AD004840FA913940A5A3993F25
:10CA20003F8DE53FF649B8403F925140B08EDF3F21
:10CA30004A4A9A3F8397AB3FF3F309407656094041
:10CA4000D6C4A83F4FF80A40DC673C401F6FD33F75
:10CA500046640440CE38873F58476540944C0B40AD
:10CA6000884308406E9D923FB125863F36C28D3F78
:10CA7000FCE6893FA2098C3FC75C863FC56B823FBD
:10CA80006D623F427909BB403E012842FBFE904067
:10CA9000F629A83F5C8F0842098FFB4083E5FF3FE2
:10CAA000350B2240A8922540646CFC415734AC40C1
:10CAB00063B51E40C3D9BB3FA83C883F0BB89C3F21
:10CAC000446DAE3F2EABDD41B2097640FF3D814063
:10CAD00060D9AB3F6379853F63F1B73F1E09704171
:10CAE0003D4D4B419AAF104030B4CA3F325F2440B5
:10CAF0009A39BC3F6DF53741C64E604023A09C403B
:10CB000058FAF94012E9813F22769F3FB8533C42E0
:10CB10007A922741196F1242D5DABF401F4A8F40DF
:10CB2000B408AF41FCAA6B41579A9140F801B93F54
:10CB3000BB542640057FF03FA372A2410D61C93F5F
:10CB4000F8D20A4109B0C1408145933FEE91594066
:10CB5000F80E813F7E9ACB3FCF7AA440DFA7724187
:10CB60009EE39D40A3846F4013B74E4000A934401C
:10CB7000A03C2C40FEB81C4020344C41F9CE19405A
:10CB8000FC24933FBE347240BA642B40D23F883FAE
:10CB9000BC0DC33F6B60DA3FAF36E73F501B823FAF
:10CBA000D688893F6AF0CE3F2716803FD55BB93FD4
:10CBB000D8D2DB406895BC40B68EA73F3D0F8C3F76
:10CBC00046631E40F2A2A73F2D95843F4734D23FD3
:10CBD00093783942A916AE3FDE073442377E2740AC
:10CBE000FA8F2942D9A7BA3F9554943FB2F17740C2
:10CBF000DF101A423C383240EC728B3FDF4FEE3F81
:10CC0000609E124249EEC33F2F82A03F30A0E14018
:10CC1000B4D4EC4104B7EA3F6FF2A6404FA4CD4133
:10CC20002C837940F9C938420A733442D9DD8A3FEE
:10CC300020651640B80C2B42D330803F6D99AC3F35
:10CC400019283840378A1F42821D893FB032E73F9A
:10CC500073164A40D0E81242CC769A3F1BB6F93F91
:10CC6000FEE39041A1ED94418DD9C03F65D684414A
:10CC7000EA4DA5404E34574157CA37424684464094
:10CC800013622B42E0B9FE3FAC4E8E3F0702594083
:10CC9000F2D11D42F969F03F159AC13FECCB094230
:10CCA0003630A040353CCD4145B70C41383A334091
:10CCB00034260D40A03AB341A90C5040FED1C340E8
:10CCC00016392B403726B93F394EAD3FD4869A41AD
:10CCD0005A9E454045040E40C910843FD1533B4005
:10CCE0002C504C40375F853FF512D13FC657364236
:10CCF00061E82141AEDD0D42F08AB940D1458A405C
:10CD000085694B4015270142ACA7C43F05618840A7
:10CD1000F5DA1D405A61ED3F5977823FD82D0A4020
:10CD20001791A140E5E9D941D39A4A406E4E8C3F14
:10CD300030AC9C3FBB099F3F5BA16B40A501AF3F5F
:10CD4000F3BE8741E455244188310E40A5DFBA3F48
:10CD5000ACAD7A407CD250417B168F404D95B940A6
:10CD6000C1EA3540D785893F388976402E30134156
:10CD7000381ABE3FD91F3F40D053B33F59C08C40F3
:10CD80002C8B3342929E2C423093DD3F02A6B94059
:10CD9000D2691542624BB83F29938B4001905441B0
:10CDA000A38BC0419FB6803F03CB564093C1414106
:10CDB0007573963FAE12154199046C4167FD0840AA
:10CDC000399B9B3FB368ED40731A9640403EBF408D
:10CDD00038CE5540754BD340DF5E0241C4EB9540E1
:10CDE000DEF92E40FEE7A93FE74057404FC57740A8
:10CDF00030B70640938EFC3FDE0DAF3F116978409F
:10CE0000D92D2E4025F941402BC1A340F0CC304212
:10CE100075B92542B5373140F0C96C41F20DD541A5
:10CE20001A24D13F504B913FBE72584190B9A23F56
:10CE3000F02B3741F3EF7241917344416DF99F3FFD
:10CE40004B9740401D0607419972DC40A7B604414C
:10CE500004ED7C4050380541B598CA3FE295B63F95
:10CE600087A3E440CDA2A53FD0BA8140926F354060
:10CE70007FF62A400EF2B3404F56B83FDDC1204046
:10CE8000C76FC740B001064069B0BA3F6DF7B54003
:10CE900052B5CC3FF71A1D40FD8A813F2754E93F28
:10CEA000F41E863F0ACECF3FEF4CB03FD2DE874024
:10CEB000288C2E42419CA03F46872942D6CA1A4060
:10CEC00099DA1F42C72E9A3FE5669B3FF22019422E
:10CED000D334D73F9D26CA4190365041B65FB34107
:10CEE0003437364040E8114080BC2B41575416403F
:10CEF0002C95A041DF5FA13F8A0ECB3FCF09224096
:10CF00000C3A03412B932D42F7A0EB41BF0A5F413E
:10CF100021D0C44158439B404DDD5C406CD3274138
:10CF20000A62B7417BE1D63F9E194F4022DACE3FDD
:10CF300032AE1B40355E823F9BE1794009B6D2405C
:10CF40006731AC40B0558C414CCAA43F757C27403A
:10CF5000BF1AA0402A6DCA3F66DE7C40D008B73FAA
:10CF60008087174080C972411E02144060332C40F4
:10CF700043718A3FC4A537407411A23F8DFD8C3F99
:10CF80006B4605412A06DB4080A0AB3F40C6AC3F64
:10CF900019AB2A42C8C81F4214252E40E0476441FD
:10CFA0009F6DCD41BC34AC3F6C15B03FF81D504176
:10CFB0003F4FA13F7E26AC41851C854060A43C418B
:10CFC000C0CC9B3FC4EC1540E6689941E40C2C4072
:10CFD0004B58BC3F8CEE8540335AF340D562AA3F94
:10CFE000B376813FF998CD404F054C412EF8BF3FB5
:10CFF0009921983F61190E406F87FB3F11859B3F38
:10D00000EF78CC407B3F4C4077F24E4099EC7E402D
:10D01000284A0C41319F284210113740202E1D42D2
:10D020004A64EC3FD7BD813F55A77340ABF30D4237
:10D0300045EA05401F7ADB3FC7C7BD411D3F3C4164
:10D04000060E803F84C68B3F16E1EC3FB5F9AE413A
:10D050008F0A0F413BD23440D86EF040FFBB654190
:10D06000FD562E409FE9C6407B61D73FFB42923F71
:10D0700059118640FEBA544058B1E540A6C6E54075
:10D08000B3A5CF3F48088D3FCFB27F406E200E4002
:10D09000A5D72642B8FA0D40F9F71D4254DF843F68
:10D0A0001C16973FD4DB09403C5A154268BE8E3FA0
:10D0B00040F9843F81350B42B74B224031BE7E415F
:10D0C000E90B9741983D9E3FD659A63F2B4AE93F31
:10D0D000EB946141945F8141AC622D40466D4941C2
:10D0E0002B3DC13F79911B415C5BCE40E249853FBE
:10D0F000767BD53F25BA254224BC13411CCB004288
:10D1000050FC8240F87BA4409A8B97413C155441D7
:10D110002683863F0CB74240312AAB3FD76273402B
:10D12000B60B5441FC16B640D924224190C1474069
:10D13000F912D53F1F5BB03FB44E254046289C3FB7
:10D14000F6FF3641045EE83FBF7B61403AB20A40D9
:10D1500026AB054196CDE33F7408E63FAB7AA93F85
:10D160006729A34084D6CA40895C813F7ACD20409C
:10D17000EC488C3F871B893F02C4803F4B25EB4026
:10D1800045028140899C883F8486A2400140A13F9E
:10D19000E448CA409D71833FD60323427F7A9C4076
:10D1A00086740F42F693744012C2883F0724EA4106
:10D1B0001114D340927ED63FAD54094062789E410F
:10D1C0004B57174180B4904023BF044068038F3F02
:10D1D000F1A5833F879DAF40FF216541F25766402F
:10D1E0009E82BB4087E75740F102933FAD7D893F68
:10D1F0009800803F7E94D73FD0707340939EA140AB
:10D20000B65214419CA92040AD5C8B3FC5825B4067
:10D2100076821B40B89505409CA3A43F6EBD863F17
:10D2200019123040E1F1A53F36447040F861E54005
:10D23000E88606402A1DB93F0D36883F7A55B23F31
:10D2400008580240EF08803FFEFBB63FCE8E2042DA
:10D2500015AD0E42C50D8F406FE9C34177E13241F4
:10D26000FB5B9C3F8DED4F40EC61B640F450964126
:10D27000AC3706412CA732409BD3E63F7F07B93F2E
:10D280003DE019409BE352409241134156601941E1
:10D290009AF9D740F7D6D13F23F19F3F355DC53F7F
:10D2A0009E6A0040FAF1A43F4CA4E9405B7BF33F47
:10D2B0008055BC4058D66C404EBA8B40997E184081
:10D2C000BE0A803F7ECA803F90DB0D4084B6A240FC
:10D2D0009A8D6B40661D0D40A544813F05342C405E
:10D2E000B57BAA3FC1364240DF4BAE3F52B1823FD1
:10D2F00006BF1D42AE1B0D4136F0F44161477A4036
:10D30000AB139D40B67DDB41F9934B4018D0823F73
:10D3100054DF3840AF16A33FFE9B6840388CC841AD
:10D32000F08B174087ACA63F6A7BF03F0F99C73F51
:10D330009A25AA3F8B351E40E7CC943F5570274174
:10D340001CA869411C51A43FC3C68A3F1B3B5340E4
:10D350001D43E540AC732141DF6890402F968B3F21
:10D3600004700D404BD5114078589C4062AEE840A7
:10D37000EC713440F47BE23FC5932F4072901B4226
:10D38000ADCC923F0DFA16428917054094A80E4283
:10D39000FBFA843F1834853F83FA04420DE11A40BA
:10D3A0007E5C7841C8C68D41CFA3973F4B1E9E3F00
:10D3B0004BA876406BB23A41F8DEA640141E4841B5
:10D3C000AF54813FF4FD3540D268934004FCE14006
:10D3D0008EF90A4062C44240C8EE1F4131BD204070
:10D3E00036A11A4202E10941EB51F04131AE7440DD
:10D3F000EC6A9940C46FD74139114740A522CC3F10
:10D40000DE9C0E406991A13F230D6240DDE8C441DE
:10D410003B371440AB3C9D3FC7E5F03F9E3D983FF6
:10D420001EFC843FADF91040EC26A23F7248254116
:10D4300048896441A51C9E3FD1518A3F2DDA4F4057
:10D44000CDA3E240E0B61D41D1A48D40D838A13F24
:10D45000827BFE3FF4CF1040D33B9A40C254BA4087
:10D46000FD188140C92EDA3F3D322E400E9D1842F4
:10D47000B5AC94407807064204DB6840CBFC803FA3
:10D480000A38903FB7850142B1232640A76E853FF9
:10D4900055CFCA4169F0E040E82CB03F7A1A9C3F72
:10D4A000911C854187650B41C4150B4086659B40E7
:10D4B0009629D93FF0136F416DF83E40D84EB740E2
:10D4C0008B7F8F3FFDAB863F9619A03F42BE6640E3
:10D4D000EE852D41031C8340C72DF33F13C38A3FC4
:10D4E000C23486405668C43F52C1943F995D1C4087
:10D4F0008F4B1742AF3C0642047788405BDF8A407F
:10D5000087C1E941F1EEA03F907640403559414056
:10D5100001CBA83F862F3D40961BD2410DF9B83F65
:10D5200014F4C73F1D5ADD3F4E58A53FDC03F93FB9
:10D53000305B813F5637D140C1CD9D411E113E40E9
:10D540008F5D64404B0FDA40DC934E417D34FB3FEE
:10D55000BFED803FF4D3FB3F29E7CC3F1AAC9440AA
:10D5600061C60A404A4F14400A80294164B91542F5
:10D5700021AE06422DB47040F18CEF418A7A6E40A4
:10D580002009214019569F3F615CD4418384594052
:10D59000A6BCFE3F6F38DE3F0DFEBF3F3314823F17
:10D5A0009AECC6416AFCD63FBE5AD23F48AEE03F35
:10D5B000E407604150D12D41722C4A4190DBAE3FCF
:10D5C000E897CB40B80A904027A414424D55044137
:10D5D000A71DE74131816A40026A9340C66F8741C7
:10D5E000C35B3F41EE5D873F3AD2264040969A3F6B
:10D5F000E488594043B63E419052A0401105114184
:10D60000CA5A3940F4B6AB3F7FEDA13F6B630A4085
:10D61000F24A9E3F4EE52441A687CE3F699C464094
:10D620006E11F43F41E7EC40838BD43FD92BD73FB9
:10D63000BC899B3F12880841E4E9E23FB75E813F25
:10D640000DED05402CB08B3F36FBC9407962E840B8
:10D65000ABB6A23F3192844009D20A4029BB1242A4
:10D660008EEA8641C58B9E41E0A4A540AC023B41B9
:10D6700038A97C403CED7D416351973F0DA17F402F
:10D68000BF74CE409990A7404972883F14703840CB
:10D690001BB227414176AC40C7013E408E3E833FDE
:10D6A0002BE19A404F4ECE3F5F459B3F41BF8040AC
:10D6B000BCED803F6BF2EF3FEEA4974048BFB74010
:10D6C00062AB72404182CC3F7816963F1AB76A40EF
:10D6D0007784314017F49F3F0E0E8E3FD54268404D
:10D6E000365F35405B1F3A4058A88B3F36D72C40F9
:10D6F000C20A2840AF58853FB1EC823F3D1CE03F55
:10D70000C22E803F742B284095C2E53FD8FB843F52
:10D710005527C43F6117B03F118B1042E407854184
:10D720003F0E9C4143ECA240A69938417C117840C1
:10D730001F187A418FDB963FBE6A7A4044B0CA40D8
:10D740000883A640597A883F4FD43340F9B8244122
:10D750004CBEAA40A3E43540360C893FD6E2A74030
:10D76000BB358B3FD238993FD43480400AB5803FD7
:10D7700095F3E63FFF6B9340F205B640FB726F40B6
:10D780003C13CC3FF3C2A73F32E47B40187F2740D5
:10D790001FD5B13F47118E3F5BCF5F40D072334002
:10D7A000139938400AA98B3F769E29407D01154088
:10D7B0006AC5CD3FF2748C3F3D89C23F6AC51040B7
:10D7C000E2139E3F042AE23F9CBB843F68A3CF3F05
:10D7D000BE8EA13FA9850E428E310042BB416540FD
:10D7E00001FD963F4BF3F641267823402993833F72
:10D7F000C98FD041098E9940920FC13FBAE0853F51
:10D80000ECBF0940CB57BF4160DA2440B1410E4024
:10D810005E4F8A3F7A30893FFE76A3416C065F40B7
:10D82000360F943F8AA5B53FADF01640E898904179
:10D830005AA4C63F7E68F73F01B40D425F29F63F08
:10D84000B60206425E04DC413704C040F9E2B5414D
:10D850009685984001318140D74CFB3F3D72AF40E7
:10D8600069068A41DF98AC3FBDBE5A4069FD3F4022
:10D8700033C9843F22660940587E55400C6A2440D3
:10D8800050F26A41B08618401A70843FE3E1E83FE5
:10D89000EE18973F825A903FC271823FF1DAE33F20
:10D8A000BF21C73FB101903F68D2B83F2E209240C0
:10D8B00039E22141D8280C429565F841D1607F407A
:10D8C0000A07F041B1E8853F1668EB3FC6AC094056
:10D8D000291BB24183AFF740472A863F452F8D3F32
:10D8E000FACC074159695C412AA18B40B11C5840D0
:10D8F00025E55A406127A24064E5EF404EEDC8405F
:10D90000F4461F40C0F6EF3FFD1E164068FB833F04
:10D9100065FE194080CD813F3495E33F2884524015
:10D920000887A440B8BC1640EEED8340C0FE094015
:10D930000A27883FF016A43FDE6A0A42500A863F53
:10D940008C3A0642C790DC413F91BF402912B74153
:10D950007BFA95408C460F40F2DB6F4070B7BD3FBD
:10D96000B236AB415C8DAA3F47AE5640E9DD953FEC
:10D9700030AF883F4ECF853F4BF42C40EA420D41FB
:10D98000792A4941E112B83FAD49F53F8AEAA14001
:10D9900096367140A5F4FD3FE56B294150260942BA
:10D9A000B5A2F440F423D541E1C98B40A8B1514060
:10D9B000613182409B97B441A0B0534045C6873F38
:10D9C0000C04AC3F445FF73FA55634403A18A03FE3
:10D9D00092CF6A4149BFFC400007943F20AD094007
:10D9E00088CBCC3FC2E19B3FD738884026B3264145
:10D9F0006794514015F59340B1E9893FD67C4B407F
:10DA0000FEB1D63FE7DC0B4141A69E3F46410240B6
:10DA1000252E883F18D363406172953FA6C300400E
:10DA20000809F14014C39A3FC7CAF43F69DBD23FEB
:10DA30005D2807427E357941FCB59141CCD508413E
:10DA400064BFE0401E81814069AB624170AD1A4005
:10DA5000DF54C440E6340A40F1A49B40F447CB3F76
:10DA6000435E1D408274524137B7813F3180853F0C
:10DA7000B0DAAF3FACD3474012D64040AA13923F32
:10DA80002356823F022DA93F60B362407704B13F25
:10DA90000EB8893F8C420F40DFA32E414D23A93F92
:10DAA0000C84E63FBDB3BC3F67F8C43F6FA2224081
:10DAB000E321803F05039C3F1382823FEC4E0241ED
:10DAC000CD533140C3EA704075288C4014AFC23F3B
:10DAD00087F89F3F226705425F9F054195FEC7413A
:10DAE0002B8CC64027650940F08DB841530AF73F9B
:10DAF000F8DD6E405E3A1E4015F1873F38D98A3F07
:10DB0000BAE49741D7A482400051E13FF06AFC3F5C
:10DB1000596C823F6308BA3FA9398C40A0AC694177
:10DB20007AEE843F70D242403EB2B83F331A3C4056
:10DB300068454441E29C1540F793EE3FE910973F5A
:10DB4000D246BA40FD43CE400F488D3FB4F19D3FD1
:10DB5000C5630442F58BEA41ABDC7140A74EB54189
:10DB600036F5D44033E8DE3F91680240BFD93041FA
:10DB700090C33941E7279E3F3C6BAD406BF5354084
:10DB8000645C034168868940B800EA407DAB074089
:10DB9000FB2A5340BE9AE93F1850823FECE39D4078
:10DBA000B8A95140101B23407EE3DF3F81A83440D9
:10DBB00077AC8F40D10B8C3F294B833F982A8A3F0B
:10DBC000AF150E40494710408F802B40086D903FA5
:10DBD0003473094001A7993F1F8FAC3FFDB5813FCA
:10DBE000059BE73F148E4F40B5959F3FFCE60242F0
:10DBF0001128803F77CBFD416496DB3F1112F04145
:10DC0000EE98E140D6ABB7418A1F604053126340A3
:10DC1000DC958241E657D440B72F0040A5DFBF3FD7
:10DC20004971154013429B3F7AE91F417D84CA40E8
:10DC3000B5170B400BCC8E4046B2803F4C30AA3F0C
:10DC4000578A3540C80DE540BC72884083230440A4
:10DC5000CD6C1340492B0A404ABA01420C96074149
:10DC60008EA9BF41D5F1C34084741640D6BD9541FD
:10DC7000DEAEA740CE211E40DCC1694050DD803FB2
:10DC8000B80BAC3F916001411B1B2A413AA93B40B4
:10DC900081B413404AA4F23F6DDFE03F110BD24044
:10DCA00048D8C23FDC70BF405AC59440D61CE03F04
:10DCB0009E35973FE6CD973F1D9B8F3F6DFC814082
:10DCC000471D20404E07864037A6E53F6607D43FF4
:10DCD00000873F40649D9D3F292A3540589B823FE5
:10DCE000369FBD3FD674D63F32D420403EBAFF4166
:10DCF000AE65E540D360C641408F8340DDAC434014
:10DD0000FF3E7240F318A841A4A34640B7F5803FF8
:10DD1000BC12DF3FFF46A83F13AA2840D829933FF3
:10DD2000023F5C41C8E5E7406D618C3FED72004009
:10DD3000A01ABD3F8639943FB5B47B40D5511D41F3
:10DD4000ADA73D40F1118940D94B943FC88E314079
:10DD5000F4F2C2406A616F403401843F264EF73FBF
:10DD60008BC0AF3F9D433A40F8BC9D3F9960C53F93
:10DD700067E3A53F1B7A99406EA9EC3F6619F23F15
:10DD80000E0E923F2B79E23F9BEAFB415D3E6841DC
:10DD90006DCB874109CC904058D81F417D925540AA
:10DDA0003A325A415DB6863FE53C5E40D1D3AD4044
:10DDB000DFDC9140B4FBCE3F4729DC3FAE610E4132
:10DDC00017A1974058621C4019B5833F15C13C40CC
:10DDD0008DE61E407ED3813F00D06240C064794012
:10DDE000FC10A040B8D85740EDD2AE3FA20C843F03
:10DDF0008875F53FE15E913F3A6EAC3F1D441D4092
:10DE0000C4178B3F2EB9803F2908394094211F4009
:10DE1000650021404D6E1740D7D4803F1BB3B53FFE
:10DE200020D5843FC685EB3F8C8A863F27A79E3F3F
:10DE3000019C9F3F2E67AA3F9B99973F0ED1F841C7
:10DE4000F417DC41D1C86540A2E4CB40CC1EA94107
:10DE5000589F873F25F92140873880403758174021
:10DE6000B96DA3405E438041727D9A3FD774A93F4C
:10DE70001E1C2C40DEA9A83FB82A943FB7859A3FC4
:10DE80002B1C224047BF2440702770415CFA823F20
:10DE90001C2B8A3F210DCE3F4640C33F0FF8803FE9
:10DEA0002540B73F693E923F50AEC54048500D41B6
:10DEB000B19C3640EFBF5440063841408C04BA4014
:10DEC0004C76F641C13363416BDC8441FB65FB401A
:10DED0008801CB40BB147040A7B34D4187810D40F2
:10DEE00037A5B44094610140BE508A4060ECBB3F0E
:10DEF0008B1E1240794A3A4173499B3FD850833F69
:10DF000035B2973FE30638408C433140572D9A3F56
:10DF1000D08A47403AD8A23FDD64813FF0C91D4115
:10DF20004704E43FA0399C3F26D4D33F7F3CAC3F1D
:10DF3000994AB63FAA8AA73FF78AE73FA055924081
:10DF4000403EA94083E10240BDC921407B56854047
:10DF5000159F8F3FA0E5F341231E19418F56A7411E
:10DF60005E56CB40D1CB4D4065C03040823E9141A2
:10DF70006024A03F464DA3403FE48D3FB1D9064009
:10DF800029CBD43FA1B58C3F1CA74841D0ABB340AF
:10DF90005A68943F60667C400B9B893F5718843FCA
:10DFA0004D7CC140EBD1CF40E7C3C33FD7BA8240DD
:10DFB000B6C3A83F5F4B97402D654940A93E5640E8
:10DFC000FB850C4066DFF13FF686E53F44D33B40DE
:10DFD00046B6803F0A0A0940CB2A843F43291440B1
:10DFE000E7F48D3F0E178B3F01E7F041EBADD83FD3
:10DFF000225CE341E196BD3FB482D741F316CD40A8
:10E00000F73CA4419DDA4A4049534F4092AD9641B6
:10E0100050F6D83F6595EA3FD51FAB3F8F3106409C
:10E020007443923FC75F5341BBF6B340F3CC803F8C
:10E030002B968B3FFEFA004193C9A440F3B5EF3F06
:10E040007C127040CA6DEF416BB9D341F6A25D40BE
:10E0500045A991414B200441C8F2C73F2453F33FE7
:10E06000DE498A409C2D5E41AF57C440CDD1074068
:10E070007ED20D403DC10640A307DA409453E240F2
:10E08000C2679D40B5BF9B3F5C2C883F3E77873F72
:10E0900015C0843FE8E4963F1B87AC402302B63F9F
:10E0A00018FD8E40F8AC2640693546403834E93FCB
:10E0B0000DE73040282728405DA73540A7A5D03F71
:10E0C00092A8873F20610240D41CEC41D0DAD640B0
:10E0D0002066B64191213F4010946E4031B9A34172
:10E0E0007B67154067219B3FBC21E33FB064803FC5
:10E0F000B7612E40BB4995415EF7E63F2BF1A73F44
:10E10000CBDD823F5975DB3F164E813FCCBCFB40D7
:10E1100010B52C41B1941E407472AC400ECFC1407A
:10E12000129B97404002A33F21279A3FA4983F406B
:10E13000444C19400A291A401275694010B9C73F6A
:10E140009C594B4080A9E9416F8000407299D941A8
:10E150002286803FBD7A803F6D8B474004A8C04136
:10E16000CA45883F8868034057FDB741D5AA8A3F12
:10E1700039FC823FD6D4833F50AB3B40ED87A04172
:10E1800087F3BC3F1963BA3F7612CA409E065C41D2
:10E1900086837B4066A11840AB26CC4092E6EB40DC
:10E1A0003F64E8411C1DD340F89CB341E6013D406B
:10E1B000513869406E52A1414E541240709E973FB3
:10E1C0005C65E23F72C4F93F30ACD83F53229341C3
:10E1D000BE01E33F37C79C3F65E1873FA0DBF840C6
:10E1E000D5D6294122571C400FB0AA408EFA0441CF
:10E1F0001A711340BAD2A23F8BDB953F852E3E4069
:10E200009A311740A5C4933FF403E5409BDAA33F3E
:10E210009907833F3127E6412BD853413776784120
:10E22000EFDBEB4066D4BB4082EB424057BB47413B
:10E23000F1FD0440F65CA940A6C1F33FF9C77D405B
:10E240007261B93F9275CC3FFCC60141B5E88B4085
:10E250001B79883FC782813F6E34863FDBCF874082
:10E26000E723923F06B63440A0EE5D40A996944065
:10E270004A5D863FC5A2544083229E3F748E404033
:10E28000D8659B3F3406CE3FC42E843F3ED71B400B
:10E29000525E154000CF1340241F12404307853FB4
:10E2A00054FE963F4FBE933FBECA883F41D39E3F28
:10E2B00003D5E341D7E6CB3F9616D7419F74B03FD5
:10E2C0004C0FCC41DCBFD340551F9741C4965840FA
:10E2D000F5E84E4057B0FD407E662F41D975FB3FB3
:10E2E000AEB7B53F5C4605403345933F932A904017
:10E2F000870B5B405F6883409D64DB4082BA803F50
:10E3000036D2893FA868853FD3A05D4056910A4028
:10E3100062F4A03FCAC89A3F596C39401B1DB43FF4
:10E32000565DAE40A612E241722DBF41D2948B40A1
:10E33000C6EC8941B002D540A1B1F73FD4501B4093
:10E3400016C65741D34D7040E97815403C468A4087
:10E3500038DC863F6FC5AF3FD2AE1F41105D6040D5
:10E3600014A52A407E518B3FEC3A823F016F534007
:10E370001FABDA400C654940E6C217405534913F67
:10E38000EE97803F3AB2D43F223E0940BF61943FAE
:10E39000BDC7044040479840268C8A3FF91E044080
:10E3A000A255DF41E091C8410B1E3640F5BA30411D
:10E3B000CB686041EC1AD33F2B21993FBCF5B440A8
:10E3C0002E80AC40785581400FBE1F411F760A4019
:10E3D0005A755F4006F2DC3F5A876A4016AACF3F63
:10E3E000E6D51A404B48FD40A767044002F8923F2B
:10E3F0003CF4813F7EB7823F9B191E40883A204003
:10E40000A499943F0AE9863FC2C2AE3F6EB4D84099
:10E41000734F923FCB3A883F8394803F8410B13F43
:10E420008B648F3FF8263640E3417B403687DD41E1
:10E430007682F53F0F2FCE41C6EB3B4096B1B641F9
:10E44000403A803F4C9DF73F9847FA40603F70410B
:10E4500022628B40EDCA5D40FF019A3F21FF5C4183
:10E460002C74863F2D8A53402D01F43FAE94C73F54
:10E4700030A2BC40115CFD40926CAF3FC8A7F73F93
:10E4800029D4F73F4B5A7D40FBFBD93F13DDC640F3
:10E490001D14DC41AF9ED041DE56B73F8E0E894041
:10E4A0000B5BAE414987CF3F77592A408E3B2541D0
:10E4B000897A374199A1A13F5511B33FA734A23FB3
:10E4C000F9F4104151348640C1C0E840F8957840D5
:10E4D000F69EA540575741409622963F0A0DF13FC0
:10E4E0007E7DAC405ED5EB3F4AAB0240B4BD83407D
:10E4F0000785873F1042DF3F9E6CA33F5370084063
:10E50000AA8A5040F0C1D941CB3608418AA695412C
:10E510000705C0401ED12040B94B4041B802D6404B
:10E52000D61E933F513D9B40CA5BA13F7246A03F20
:10E53000EA6E993FDB1D2D41D22575409EDF3640A6
:10E5400049FC7540B3FC803F6328C7405413934097
:10E55000385CB53FB7771A40BBF9A03F81C5CC3FC7
:10E56000794B1540A061C13F6F123440573E5A406D
:10E570005DDB48409696BA3FF046B43F7DA8803FA9
:10E580007923C73F6401A13F12E5124089B28E3F53
:10E590006391AD3F5825E43F6E6FD7412692C33F4C
:10E5A0004C36CB412B571040662BB94118BF9F3FCB
:10E5B0003FEF803F94E2A43F3DDDAE41E7083341A9
:10E5C00093B12A41395CA83F60FD1D413F48B040EE
:10E5D000E71AA540509D9F3FB6090A4170BD8F4084
:10E5E0003C2B823F3DC10B4090743E401B3DD641C9
:10E5F000FFE2C741BDA1E53F397F0C4162A38141E4
:10E60000085D4440EECFB640FBF859412A3725401B
:10E610003133C83FDE86C03F6EE67340DE72F33FA3
:10E62000EA53B23F7DAE43414E23C83F064B823F83
:10E63000522A803F45D13340A5138540AB24014188
:10E64000129EE03F7804873F3E2B8B3FAC914440C5
:10E650005F9BA640EB5B37400F88D4410C490541D6
:10E6600089E391419D15B240F3F8304047E92D41CF
:10E6700096BBEB401F929040FA0D863FDA2D803F0B
:10E680000DC4E13FCBDD1640D431084161EE833F3C
:10E69000FEBFCA40180230404C44E23FA5F0933F11
:10E6A000F1CA993F150244409D62AE408DFC9040F6
:10E6B000C60DE73FE07F8A3F4A84FD3FCFC68640D4
:10E6C000396F9E3FA3DE4F40EC34A43F415D2A40AA
:10E6D000BA60C63F349EA73F121FF83F2553D24170
:10E6E0000718BE3FA571C6412C9CA23FE247BC4122
:10E6F0005117954143C29C409B956D411D647240EA
:10E7000010EB3E40EB32F53F06443E4155463D405E
:10E710003BA6A43FFF1020403AE5ED3FE6F08F3FD7
:10E72000D8A45240D09A09413B08C93F7084B13FF8
:10E73000CF5A803F30C7BF3F07DED041CADDB84166
:10E74000E701404090DEA441CFF91F40C3D7B93F55
:10E750000A2CC63FCA6AFB40BC074C418D9B833FD5
:10E760001258BC3F37F4B94026ED02408FFC1841E7
:10E77000B42C4C407F3A4B40EFAD28407983813F29
:10E78000D356843FC981CD40ABEE48404511863F0A
:10E790001124094095DF0740D5B5863F8AC3B83FAD
:10E7A0005498983FAD200F4072F18540F917C23F51
:10E7B0005DC5CF3FCAAC873F589B8A3F04D2CE414C
:10E7C00039B8C041AD9CE13F93E30641DF8C7A410B
:10E7D00060EED4401D63E33F5ABB514112462340D3
:10E7E00057C4AE3F4A3DA9402D98A84088DEFA4064
:10E7F000538CC13FD0FF843FA50D4140EF6C1140C9
:10E80000C5D6D33FF8446740CFE6974072EF454006
:10E810001A9F803F18BE00406A91A03F7348823F14
:10E820008D7B9A3F31071A40448D6540B480943FF8
:10E830009015A83F53C9E33F5F00CD41CB078E4100
:10E840004FE2FB40C61384414E409F3FDA2F8C407D
:10E85000EA645F4083206541261C0C40F09AD13F5A
:10E860003B922F40FCF5A93FEC690A40ED940C4027
:10E8700048FB41417A83973FD2B4803FEA01863F0B
:10E880008C22D93F5C8C853F7C478F3FA023843FFF
:10E890003B06953F203B17419F002B40358DD440D0
:10E8A00015D23340ED7CAF3F5284A63FFE3ECB41B4
:10E8B0002F099A413BD7C4408A227141A8DF854085
:10E8C00083F46F40F3B9194084FD8240C8A32F41FF
:10E8D000B93E3F402F01993F7423803FC9E22F404A
:10E8E000F78BAC3FF0E7863F6492424048D1863FC9
:10E8F000F9EFD84097578640140FE13F5D6E9D3F7A
:10E9000014C2803F7E03DF3F04C2A63FC462DE3FE5
:10E9100047F84E40ABE76240358CAB3F14E93640D8
:10E920006267FD3F2D89A03FBBDACA3F9CF4FA3FE6
:10E930003D00E83FEBD1853F41AAC841BD5FB141F1
:10E9400022543A400BAA7341DF2ADE40177BAA3FCC
:10E950002D2DCA3F6E6C8A40D4732E411DCCA5402C
:10E96000057BE13FD90C4F4008988B3FEC49534061
:10E97000B242F34043462C40F7511F407F99D13FAC
:10E980003280CC3FAEBFCF3F2AD4D63F3A589540D5
:10E99000EFD43B40F9FFAC3F8E8CAB3F34F7813F67
:10E9A000BAACBC3F2B334A4095FAC03F7F82913FBF
:10E9B0005E27E63FD97EC6419D0CB840B27B9841A8
:10E9C000C394234076844C401FD833418A3EFA409A
:10E9D0009D64AD3FEAC4993FE396843F05390A4000
:10E9E0006D3A0041C9764E40FB6DCE403B42AF3F91
:10E9F000843E843F8533903F847ADF4059E9833FEA
:10EA0000889DFE3F09509E3F33579840215BD83F79
:10EA1000D326A240C44EF53F909D973F9EDF6440B1
:10EA2000FBA7804061FB853FFD6E134042E1A23FA2
:10EA3000819FC441D1FAD83FD40FB741CC98A941A6
:10EA40008570D73FD1B92041C7773241E54F0F409C
:10EA5000B0CBF940008F5F400D28F5401091803F0A
:10EA6000BB0E9E3F055E3340AE1CA040CCB3BF3F03
:10EA7000356AFF3F506C853FF9CCD340B297E33FF6
:10EA80005724833F5B9F1040009A2F408C46AD4037
:10EA9000B4199A3F67FDC241E10BAF41368C1F406C
:10EAA000B4039C4167411840576BB53F15AD893F92
:10EAB000DC6A8A41C1C60C40F94B9D3FD536933F75
:10EAC000B02F8241BAB2833F6E33903F145A893FD0
:10EAD0008D615F414DF713405B10AF405FD9074137
:10EAE000B295A33FE858843FF1F3C1416C39AB4183
:10EAF00027D43540C0042B40D4D89541C08AA63FC6
:10EB00008E1DC53FEA19B33F97EFA23F61C468402D
:10EB10008F807141DC090C400B75B93FFE03CE407C
:10EB2000907E0A415A21923F5DF2853FBE1182409C
:10EB300080E4174001C90E40A098CD400EC7414067
:10EB4000DDB8843F6A81813F9547AE3FC43B943F27
:10EB50003D56893FB3760640475D8A40584AC041DA
:10EB60006464B0403F319441BAA14A400D27164039
:10EB700027E92E41ADF2F240113DE43F6306B13F7B
:10EB80001E0CA83FFC41843F4326FA4015584740DD
:10EB900088D1C8409484A83FAE69CA4056F2BE3FAF
:10EBA000A9558C3F402D0140211294409EFDD23F3B
:10EBB0005339AA406DC1803FDE64973FD2715C40FB
:10EBC0006A667B407718B23F93EB0C407F0C9F3F07
:10EBD0007694BE41775BB141F88FD33FC84AFA4083
:10EBE0008A916541F8C830404CE6A1405888C7403A
:10EBF0005ECD014151FDB33F9F94AD3FDB99554040
:10EC00007A65DC3F01E78640AE42014080902340B8
:10EC10007BD2B1405902823FAE9814401742A93FBF
:10EC2000F72C39409347803FC83D823FA955B73FF5
:10EC300057CB8F3F78E80A407FBC5840115CB33F08
:10EC4000DDFDBE3F8776953F685A803F0E8B1840AA
:10EC5000E362803F2BDEBC41BAF9D43F8F8EAF41D7
:10EC6000C780CF3F8396A241DB8B863FC52D9A415B
:10EC70002A9D9D40F58C65410F1E0640461C35407F
:10EC80008C496040927A2D419A168A3F8425823FB2
:10EC900068509D3F24E8CC3FABB31A40C02B8B3F5C
:10ECA000FEC7044151CA2240AA03BC4147D9AE4025
:10ECB000584D904119E81B4076CA41400DF38D40F4
:10ECC00029A159415269923FE066A53FDD0A803F84
:10ECD00007C50140C483EB3F372426405613034049
:10ECE00054DC3841DF99823F2FF0803FAF9D943F45
:10ECF000BFAAB73F9BFB813F112B843F8810B140D7
:10ED00001FA8C04088EFF43F4DA96740209F78407E
:10ED10001EB10840B7EFB73F71B10B40F4CAFE3FD8
:10ED20004C73F23FC4B8833F78A98D3FBD90BA4180
:10ED300090CCCD3FF4B3AD410911DB4063DF6D41B1
:10ED40005787984063130540644D8440B1B82B4108
:10ED5000FF77D53FAE5246406086843F66A0853F30
:10ED600053603B40EB749A3FD4A2CE408ECE884095
:10ED7000437BA33F1A2AE93F9D84F53F093C813F2D
:10ED800035DF83403F8715406D2FDA3F668524408D
:10ED9000885C0540E26102408E36A63FEFD7843F93
:10EDA000B9FFA13F130BA73F86D6B8413B708C41FA
:10EDB0002A99B140823F5D41D2836E40E4E55840DC
:10EDC000704C0A40091C1241F04696406F0A2D40D3
:10EDD000C6F2823F3B4215405347873FD311803FE5
:10EDE0000E87943F8B59C33FB061F34081DD0740EC
:10EDF0005FB024400A3ACA3FD4DA8F3F94048B3F75
:10EE0000E27F9F3F7D148740669A58409A55833F22
:10EE100069658C3F4127923F7D39B73FB0E13C4067
:10EE2000948EA23F8113AE3FA69001402A7DB64149
:10EE300094F12541C1084741AC5B4E4051B5E440D7
:10EE4000F840184083F82041CBA8B53F8D0EE73F2E
:10EE5000875276401C18534029A88F3FC7D9A03F3E
:10EE6000A22BD140C68A614079A135401B62813F07
:10EE700050B2A23FF4BE014009B032403BA76F4000
:10EE80007F6721408F46803FF075833F03CDE73F8A
:10EE90009D8CE33F76D3813F565FF43F20EFEA3FFE
:10EEA000BD57AE3F4077943F9F15B54121177B4139
:10EEB0003A28DE40164569415A908E3F7B36954090
:10EEC0007DE311405BB74941DA6DFC3F7C913240F4
:10EED000F5B6EF3F914C8D3F697A963F37CCF73FBF
:10EEE000D4BD2A41E954AE3F0FCEB63FF8BE05412E
:10EEF00071FB1340465BBB40534520402CE39A3FD7
:10EF0000B5138D3FB0CFB341BBAC9E41AB17294089
:10EF100047696840929F81411D92993F399DB83F52
:10EF20004692AE3F24201140B417034170270041A0
:10EF3000ECE3903F5C5C913FEA82C540FD580140A4
:10EF4000D4465B4076AB92406F0E7B4065F70F4036
:10EF500045C1813FB5F0803F2119CC3F8774EA3F1E
:10EF6000C6B92C404A3AF13F17A21F40AFD8B63F6E
:10EF7000131F8E3FB8CF913F7A2D963F1246C33F65
:10EF8000E545B241F5ED9D417CBF2240B1F58C4194
:10EF900027C20740D2789D3F2606A83FBD60D240D9
:10EFA00002BB30411F08813F307C8E3FE230813F01
:10EFB0008514B24025A60441765330409D6E8140B1
:10EFC0009E97C23FFEDAB24096E22C4092F7953F00
:10EFD0005BAFCA3F3974BD3F1E232440C2BCBD3F56
:10EFE000CE6B83406871A53FC553B43F03D4B04195
:10EFF0000E4BA54040818741E20713403B8E3740CE
:10F00000CB797341A445DC3F71649C3F53AB893F8E
:10F0100041A9833F3473EB3FBA965E418718A73FFF
:10F0200070A9D6400584E640D409124086A48D40DC
:10F03000755B3F404AD68640DF04BD3F9CC63C40DE
:10F04000057E853FE638F93F707A14404964F23F07
:10F050008362AF41380981412E65B9400F40ED3FD1
:10F060006E6A64412D1F913F631D95409BE3EE3F07
:10F07000FA8D4641083CE83FC21C36401B433141F3
:10F08000FC56AA3FB885B33FCCB3B83F139C0F41A1
:10F09000209C0640C6803840C2F7C240F1CAAD414C
:10F0A00019E88A415F8B8B401DD1624153FC4B4074
:10F0B000D523C23FD4043640A3662241F4D4804015
:10F0C000BC54803FF5D10B40B4A3A83FF565C33FC6
:10F0D000418A2A402688EF4082859E3F266732403B
:10F0E0007737803F736C973FD71EB53FACF59F3F96
:10F0F0004AC7BD3F5316C040AB39AF3FA294B53F9E
:10F100000BB8C93F51A88D40A95BAC416E056F415A
:10F11000C963D340BAD0204167699C40F2946D40E6
:10F120009F323940EDE00241687EEF3FFFA2B53FDC
:10F130004F015E40A4B0C23FA03C0C4034AD8F3FB5
:10F140000AB8E23FD4A58B400F387440854B0C4081
:10F15000946BA33F960B913FAB6D873FBDDE3D4067
:10F16000D5D9B23FD3300140780EE63F06F3873F52
:10F1700004A4903FE1D5A73F98E7D33F213E823FCB
:10F180008423803F26AAAA41307C8D41AB6F694021
:10F19000782C4741D297A74080D20F40573AB33FCF
:10F1A000F7618B3F39C035413C0E803F4394874027
:10F1B00049D1893FB6D3953F63E8CE3F2CE31B414D
:10F1C000F8723F401C6B9F3FCECF0741F49AA03F9F
:10F1D000A630833F4AB5FB3FB097EE3FB0F9D3402E
:10F1E000EF19A941B1D3AE4005CA7A413C4A2B4040
:10F1F000275D32409E0DCC4036C314417968CA3F2A
:10F20000FE2B8C3F5FE7C83FEFD29B3F48829F4079
:10F21000552DB23F12BDFB406B25B73F004A803FE2
:10F2200091DF7E40B1A19840C1364640EC71E73F86
:10F230009B260B40500E843F3B3C6F407CAAE23F34
:10F2400005C3A93FBD2F903F791D863FA6DD863FB0
:10F2500068CD2B408AAEA741D7B1944194E51740C1
:10F260002DB58441A4CAFF3F6064913FC7669E3FAD
:10F2700054BDC740B08B2541EB9D9240A37DD43F48
:10F280003C95F74047042740A63831406006E83FE8
:10F29000956CB3404E51084013CC8E3F7B3CBF3F32
:10F2A0001E11E03F2E60823F04050E4026D45840D8
:10F2B000BDA38C3FE0FE833FFE83A641CE0E854179
:10F2C000C1D48540954059411A7443400E2FB63F32
:10F2D000FB913040038D7340555D1C41ED2E833F03
:10F2E000A4DC01409BD8CE3F5B4B923FC2EB823FF8
:10F2F00022173240E183E73FB1D9FE40E9AC813FBC
:10F300005E0C823FD47AB23F71B3B13F171983408C
:10F3100033817740256D993F9C7B394036A2C93FA8
:10F3200018B012407751A5415BE37A41277F9F4097
:10F3300007633D4153017640243444405394F53FE4
:10F340006CEF31402BE7104117AC274078AA9C3F67
:10F35000DBFADD3F6D6DAA3FD5E1DB3F04FD873F62
:10F360005A1EB640FB5F5740E55EC83F49F9863FED
:10F37000913B3E4022012E40ACFD8A3F25E11140E9
:10F380004978EA3FD9FE913F5A80A53FEB81B63FCD
:10F390001139933F3989903F3EBFA341396AA84054
:10F3A000604973414EB3254025212B4052033C4117
:10F3B00038185D40995BC43F030B873F9997C13F65
:10F3C000B0AA943F4229A14062DDD640616FFC3F64
:10F3D0000FC1BD3FC5DA8040F539813F6C756F4084
:10F3E00058453E4029D93E40C0B8853F20B3D03F64
:10F3F000DC1B07405A41913F5549EB3F621BDB3F05
:10F40000F196A23FD604873FE132873F0A34A241FA
:10F4100089C38F410A841340EC508041D229F73FC1
:10F42000142B8D3F00DD993F84BCC14096C31F4122
:10F430000101863F443CA0408092EE4056E92140C5
:10F440009CEA6C40D81BA73F3577A04097361C40FC
:10F45000B4FBA13FF8D6A13FC956B83F37BF104013
:10F46000DC37AF3F7B5269406259963FCC13A23FD5
:10F470008C15A14162969640E7DF7641A680074051
:10F480001FAC25404B5B11413909CB4012CB823F69
:10F4900039368C3F00BEC23F3D9A883F81D2CE4074
:10F4A0002BC82740E7F697404749CC3FB4A5D43F47
:10F4B00014A99940B195CD3FA4FA813F3411E43F9E
:10F4C00034E53D4060DC3240C7750040401ADB3F08
:10F4D00028B0A03F6BF7E13F55C1833F798A803F59
:10F4E0001561803FA7C09F41AD8BB53FED6794414B
:10F4F0006B58AB3F66B28941AB570B40E18E704110
:10F500000BDD853F4BD2903F42B630417D627F405C
:10F51000371CB5404C50AC40A1AB2B40B96DA73F58
:10F5200072990140FD9E6840C970EC3F34686240AA
:10F53000B974983F89E2BE3FC1849E413B8C9440A0
:10F5400065C3724180DA2A40EA7BFC3F5C5C6D4017
:10F550004E6C37412E22C23FD392933F8E5DC53F02
:10F5600094AD0A408060DD3F3EC01B41B078813FD2
:10F5700079E2933F40CCC84077685D40378177405F
:10F580004A171A401C92933F699F13407D81B83FF0
:10F5900078401B40BE37B03FD6F6833F21DC823F28
:10F5A000B162A43F8C739D414257924198C4B13FD0
:10F5B000F04BCC408D883E4150E3A04080A2AD3F4F
:10F5C0002E751F41F79AF83FD859873FB3197E40EF
:10F5D0004BC480401226BE40DDF08D3F45213740B0
:10F5E000782EA33F59F12F40970767408D4415406F
:10F5F000A3FFD43FE742993F41719E3F7271C13FE3
:10F600007A7722403B20893F17EA8B3F029F9E3F3B
:10F6100016659C4186779240698E6F41488703400A
:10F62000C3672140681C6A404F073541CA35833F94
:10F63000C5D8833F707FBD3F1750853F5085853FBC
:10F64000C05927402E1EC94070F0A0404C378F3F54
:10F65000357CBF3F12DDA7407004853F9404E63F30
:10F6600096DE4E403C768640579B853FE6FBBF3F8B
:10F6700045C1DD3F1C25923FEAD9434070529B4172
:10F6800035BD8941D6A90C40E9B95B4106025F400E
:10F69000D881973FD4D1813F5AADF33F3E443D419D
:10F6A00016D0AA3FFB9909404D094840EA410B4159
:10F6B000F14A8B3F06E9873FFF8E9F3F9B83F03FD8
:10F6C0001FBD374045A5BA407522993FCA57D63F5E
:10F6D00067166E4023340740B5379A41BB929E406F
:10F6E0000D266541356F2F4042B60D408359344198
:10F6F0002832434033B3933F372BCB3F9508973F96
:10F70000EF63843FA3258D40638DDB404828823F13
:10F71000041E0240C3128B3FE5C15440BC67A440A5
:10F720009B96DC3F86B5813F8286823FA7EAED3F0C
:10F730002499BB3F2FFD913FE0D07F40F8C93B406B
:10F74000D00D883F00000000000000000000000015
:10F750002979903F00000000000000000000000038
:10F7600000000000729D8CBD000000000000000041
:10F770000000000000000000B21A4C3F0000000032
:10F7800000000000C30B013F00000000000000006B
:10F790000000000000000000000000002832DB3EF6
:10F7A0006F678D3E000000000000000000000000B8
:10F7B000D69CC63DAF723E3FBF1383BDD69CC63DAF
:10F7C00068FAF23E000000000000000000000000A7
:10F7D0009AD043BBBF1383BD7FF4BB3D83B07EBDD6
:10F7E000D7CC9BBD34CAA23DA06A87BC09699D3EA7
:10F7F0002BC5213EC2D294BDB9FC94BD2703883DE0
:10F800003D079F3DDEEAB7BD00000000000000009C
:10F8100000000000000000000000000000000000E8
:10F82000000000000000000000000000A12CAE3D20
:10F8300000000000000000000000000000000000C8
:10F8400000000000402CFB3E23D2EE3D00000000F3
:10F8500000000000738B173F73E8BE3D00000000FE
:10F86000000000000000000000000000BD417EBD5F
:10F870003BF45FBB6D18233F822A6BBB0000000086
:10F88000B7AF3C3E00000000EBC31EBC0000000010
:10F89000000000009BB5103D5762BC3E0000000018
:10F8A0000000000000000000000000003574ABBD47
:10F8B0007580AB3DCD8ADF3E2B8F393D7C4C94BDAE
:10F8C000BA7E8F3D8F30663E0B2709BD2DF9BC3DBA
:10F8D000829BC63EB09ECB3D8396A6BD75CA473E71
:10F8E000296B18BDBF82A3BDB384923D0000000008
:10F8F0000000000000000000000000000000000008
:10F9000000000000000000007BBAB13E00000000D3
:10F9100000000000000000000000000000000000E7
:10F9200000000000000000000000000000000000D7
:10F930002FEA113EBDB392BD000000001B199F3C91
:10F94000000000003155943E8A51E03D0000000067
:10F950004FF777BD004146BB2D2CD63E95BAEEBC85
:10F96000292FB9BD000000000000000000000000C9
:10F970000000000033BF953D0000000000000000C3
:10F9800000000000000000002925333E472881BD0B
:10F99000EF31B73D94279FBD48B4D13EA97EBA3D13
:10F9A000FF97DC3E0BACEA3DE1120F3E837547BD8D
:10F9B0008F6942BD8871303EE5586FBD7425463E63
:10F9C000B887013CD93EB3BD000000000000000034
:10F9D0000000000000000000000000000000000027
:10F9E0000000000000000000000000000000000017
:10F9F0000000000000000000000000000000000007
:10FA000000000000000000002366A73E0000000088
:10FA100000000000313A8E3EC7AA8CBC00000000F6
:10FA20000000000069A7CB3E0000000000000000BD
:10FA3000000000007D188A3E000000000000000069
:10FA4000B23FD53D64F915BDBD88513E00000000B0
:10FA5000DD228BBDD7391BBCA7C7A8BD8AD473BD17
:10FA6000000000007720943D000000008B9098BDBE
:10FA70007D01023EBE3DBB3E12DF84BD00000000A2
:10FA8000EC30923D0000000000000000BE719A3D85
:10FA9000000000006B7C8E3EE56D91BC81C18BBC8B
:10FAA00078C8923E627D66BBC0FBBABD74F82A3C42
:10FAB0000D73B5BDE83FB53C0CD8A8BD64CDAF3ED5
:10FAC000B8A196BC4029E7B9DFBCB0BD000000007A
:10FAD0000000000000000000000000000000000026
:10FAE0000000000000000000000000000000000016
:10FAF0000000000000000000000000000000000006
:10FB0000000000005A2FF03D6F938E3ED4B9A53C03
:10FB1000CD78A63DFCD2A1BD78EE283E00000000C5
:10FB20000000000000000000F7DAD5BC40D1A53E7F
:10FB30005F98673E00000000000000000B32B83DF7
:10FB400000000000A066C63D0000000000000000AC
:10FB50000000000041E5AD3D00000000B88E0E3E03
:10FB600000000000000000002B82AABD2FB08A3CDC
:10FB7000F854343EF94193BD5388C53DF33DA83E4A
:10FB8000001AF0BB6DBCACBD7F8A97BD633A823D65
:10FB900032E761BD0A31943DEF906B3DB118A5BDD0
:10FBA0000000000000000000000000000000000055
:10FBB0000000000000000000000000000000000045
:10FBC000D05A68BD000000000000000000000000E6
:10FBD000000000000000000000000000F3D1DFBCC6
:10FBE0000000000000000000000000000000000015
:10FBF0000000000000000000000000008D9EA4BD79
:10FC00000000000000000000000000004FA6963D2C
:10FC1000000000003A16733E088B973D659F74BD47
:10FC200000000000000000000000000000000000D4
:10FC3000000000000000000000000000A5ADED3D48
:10FC4000000000006DE94C3EFB9EA6BB5E123F3DEE
:10FC5000AC4AAA3E0000000033C7BD3DF7A3793E81
:10FC60003B1F17BC0000000000000000B91FA53EAC
:10FC7000C3CBA13DB79E043DF23FAFBD110D323E57
:10FC8000D5D971BD3FD56DBD5FFF553E01E0C63D85
:10FC9000CDA583BD37D5C73D5B7177BDFF866A3E75
:10FCA0000B13693C39CD9EBD32AF383D90D34C3DEE
:10FCB0009C76BABDA346BDBD169CBB3C938189BD55
:10FCC00001DB313E000000000000000000000000E9
:10FCD0000000000000000000000000000000000024
:10FCE00000000000E51862BD0000000000000000F8
:10FCF0000004743E0000000000000000000000004E
:10FD00003366D5BC000000000000000000000000C9
:10FD100000000000D7EA453E00000000000000009F
:10FD2000000000000000000000000000B0E8123DEC
:10FD3000000000000E438A3D0000000000000000AB
:10FD400000000000000000000000000000000000B3
:10FD500000000000000000000000000000000000A3
:10FD6000000000000000000000000000BB8E113EFB
:10FD700000000000000000007350583E52406D3DEE
:10FD80004E048F3ECF0AB03CE37FB33D4A398BBD72
:10FD9000C6E339BD4C1C133E5D927A3D03ACA4BD55
:10FDA0009FA4813D7B4572BD66A1053E66821ABD5A
:10FDB00040217BBDF75CDFBB1F1D873EA352BD3CCE
:10FDC000D4F6173E639A15BDAA2BAABD2E77003B29
:10FDD00048A143BBC6459B3E8DBBE53C90C8BCBD1E
:10FDE000B3DCAEBDFF4B823C4CA6BFBC9C10C2BD79
:10FDF0003D3C93BDB17CC63D00000000000000000A
:10FE000000000000000000000000000000000000F2
:10FE10000000000000000000030B5CBD00000000BB
:10FE200000000000000000000000000000000000D2
:10FE3000000000009C74CBBC00000000000000002B
:10FE400000000000000000000000000000000000B2
:10FE500000000000047EA1BD0000000000000000C2
:10FE60000000000000000000000000000000000092
:10FE7000FDA87C3D00000000000000000000000024
:10FE800000000000019893BD000000000000000089
:10FE90000000000090E0013E00000000172DF4BBC0
:10FEA000C939263E0E4E853E000000006DB6493D24
:10FEB0000000000000000000331B833E0000000033
:10FEC000000000009D22C73D110292BD114C3F3E33
:10FED00022C55E3D5AFE4E3EE1970EB9C7AE183EB2
:10FEE000826C62BDD7AC133D9CECB7BDEE9F0E3E5D
:10FEF0009F75EEBC1F7C80BDC23B193E93A2693D3D
:10FF0000AD62C6BDAB0059BDF3440E3E52AA9CBDC6
:10FF1000649E3F3D380FFABCF1D0183E83662F3DFA
:10FF20002161BFBD1ABE473DCE93ADBDFECB3A3D6C
:10FF30003FF45CBD0CD3A5BCDA47C3BD0000000094
:10FF400000000000000000000000000000000000B1
:10FF500000000000000000000000000033D0DB3B88
:10FF600000000000000000005A5C9ABD0000000084
:10FF7000000000000000000004D2853D00000000E9
:10FF80000000000000000000000000000000000071
:10FF900007AD833EA250FF390000000000000000C2
:10FFA00000000000EA7E5FBDB864413E2F55653D0C
:10FFB0000000000000000000E0376D3E000000007F
:10FFC000148C90BD00000000000000000000000044
:10FFD0000000000000000000FB7EB73D00000000B4
:10FFE0007878693E0FA57C3CD8EEAD3CB21E2D3E24
:10FFF00087FBFFBBEA8DC2BD58AED53DC28084BD34
:020000040801F1
:10000000E7141A3EDF1F08BC4785523DA3F14F3E5F
:10001000E3CA8ABDD348AB3DF0E8373EAF9F0CBD85
:1000200042B57ABD954E5A3D112A04BDDF37A5BDB4
:1000300000000000000000000000000000000000C0
:10004000000000000000000000000000D8418ABC51
:1000500000000000000000000000000000000000A0
:100060000000000000000000000000000000000090
:10007000988C873C00000000000000000000000099
:10008000000000000046C33D00000000000000002A
:100090000000000000000000000000000000000060
:1000A000000000008AEE863DAA9A333E0000000060
:1000B0000000000000000000000000000000000040
:1000C00000000000A4F1B13C0000000000000000AE
:1000D000A7542E3D0BFCB9BD00000000000000003D
:1000E0000000000000000000000000000000000010
:1000F000B776003EF8BF52BB0000000099D38ABD1E
:10010000AF69C33D59FDA33C60601C3E1374E9BB5D
:100110009BFBBFBDB00E643EA8E4913DE1E6BE3D51
:10012000AD7F7EBDFE3EA33CFD980C3EBD0597BC59
:100130002BF88DBDF47E443D8554323EFD1544BB05
:100140007AF2B2BDD7BEE7BBBC360C3E12DB123E24
:10015000B3B197BC85E06E3E9712043D0FE6AFBC8D
:10016000C5C2653EE7E3123DFCDAB7BD77D5AEBD4B
:1001700058E3C63C7B2062BC2C3CBFBD00000000A5
:10018000000000000000000000000000000000006F
:100190000000000000000000398D01BD00000000DB
:1001A000000000000000000014FD92BD00000000EF
:1001B000000000000000000000000000056869BCAD
:1001C00000000000B068B7BD0000000000000000A3
:1001D0001807573E1E72153B00000000000000008B
:1001E0004319313E00000000000000000000000044
:1001F000000000000000000002843D3EC1BB303D15
:1002000000000000E0F2DE3D000000000000000001
:10021000D019BD3D00000000813082BD2B5EAD3D98
:10022000989BEB3D7A6225BDB8C9223E0D8D963D67
:10023000D36C3D3D9A29B3BD0BD59C3B35F3C23DF4
:1002400086269FBD3DD4063D2557533B8B5C703EB3
:1002500049AD293D512E8ABDDB84ACBDD2642BBD96
:10026000000000000000000000000000000000008E
:1002700000000000000000000000000097E170BCDA
:10028000000000000000000077FC123E00000000AB
:10029000000000000000000000000000000000005E
:1002A0001785723C00000000000000000000000004
:1002B000000000000000000000000000000000003E
:1002C000000000000000000000000000D3F1563DD7
:1002D000F0031C3E00000000207CFE3D00000000FA
:1002E00000000000C3C2A33DA66E96BD0000000042
:1002F000CF8BB9BC1ABDB5BC0000000000000000E7
:100300000000000008196C3D000000000000000023
:1003100000000000000000006695A4BABA3A86BD4D
:100320002F0CC53D170F173DDC8189BDC663A33D6A
:1003300093519EBDB7D6F93C58358FBD9BC7773DCD
:10034000F9C54B3E9609213DFBDC213E19CB843D8E
:100350001F3CAABDC22E74BD8668113EE035B8BDF3
:10036000FFE72EBB61869F3E2EA6953CDF36D03D33
:10037000FC47AEBD218915BB8D0CB7BD0000000048
:10038000000000000000000000000000000000006D
:10039000000000000000000000000000000000005D
:1003A000000000000000000000000000000000004D
:1003B00000000000000000000430173E5FF91B3D04
:1003C000000000000000000083C8F53C00000000B1
:1003D000E886EB3D00000000000000000000000087
:1003E000000000000000000000000000000000000D
:1003F00000000000000000009FC22D3DE2D8BBBD00
:1004000000000000000000009BEB6B3D2C3A333EE7
:100410002FC589BD4D2DCDBB9956BBBDDBA45DBBA2
:100420005734F23DEC89BDBC4C11B4BD0000000056
:100430000000000000000000936E8DBD0000000071
:100440008FAD51BB3B3C9FBD000000006D10143DC3
:100450000000000000000000F7C0C83CE57AE13D64
:10046000243EAEBD5B29983C2CD4093E0D42E3BB33
:10047000503274BD892D8D3D6234233E3295F03C5F
:10048000D504773EE7E9073D5E5CAEBDFE7514BC62
:100490007F24A43D118C89BDFFC86E3E1A056ABD3C
:1004A000000000000000000000000000000000004C
:1004B000000000000000000000000000000000003C
:1004C00000000000E9E7263ED8EFD33C0000000022
:1004D000000000000000000036D29B3D000000003C
:1004E000000000000000000000000000000000000C
:1004F00003D71EBC00000000000000003FD40F3DE9
:1005000000000000000000000000000000000000EB
:100510000F1DDA3D00000000000000000000000098
:10052000000000005F59F53C45465B3ED79BA1BCEF
:100530003D34E73DBA84D73C0000000000000000D5
:10054000000000009AE35C3EB808523DC8F76ABD5F
:100550007F80A73D6F72BE3CCFAF93BDB71A403EC0
:10056000AF0C8F3D5016CD3DB3D169BDB93B263C94
:100570000941183E1E03A83D72D673BDE34217BB66
:100580001538B5BDE62AC83DD10A80BD30E1F8BCBA
:1005900095ABA8BD000000000000000000000000B6
:1005A000000000000000000000000000000000004B
:1005B00000000000000000005B691A3E687AE33B1F
:1005C000000000000000000000000000633F8E3DBE
:1005D000000000000000000000000000000000001B
:1005E00021DAAFBD000000000000000000000000A4
:1005F000C884443D0000000000000000000000002E
:1006000000000000FF07C13D0000000000000000E6
:100610000000000000000000DF09C73D454B6EBD33
:1006200050A0413D3AAB8DBD2D17173E52343F3D92
:100630000000000000000000B0E1473E57DC393DFB
:100640007F9C9FBD5FC2953D1D57E83CDBCC84BDC0
:1006500073A9193EC19B3A3DCB2244BD43E7083EF6
:10066000CB3B34BCF18B093E3570ABBD07D6233D87
:100670008A7ADA3C1E0AA0BDA397BB3D073C95BD14
:10068000000000000000000000000000000000006A
:10069000000000000000000000000000000000005A
:1006A0000000000034DE153DB8F9B0BD00000000C8
:1006B000000000000000000000000000000000003A
:1006C000000000002097973C5B128DBD00000000E9
:1006D000000000000000000000000000000000001A
:1006E000000000000000000000000000000000000A
:1006F00000000000000000000000000000000000FA
:1007000000000000000000000000000000000000E9
:100710000000000000000000884D79BD736B303E82
:100720008118AEBC7FF676BDF3B9853D00000000B0
:10073000DA0AA73CF303D03D0ABE4EBCFFCA653DB2
:100740004D991C3EC71C9C3D8C7A46BD043F043D20
:100750008341E73D5BC94D3D87DF9BBD709E75BD05
:10076000F6A6063EB0DE7ABD2B81643DDDF4593E2F
:10077000E676103DCBF7AABDEF85D53DF85388BD91
:100780005B395D3D734955BD4322EB3DDD6D233E35
:10079000E348EABB1AF383BC9A2FB5BD0000000002
:1007A0000000000000000000000000000000000049
:1007B0000000000000000000000000003A71623AF2
:1007C0000000000000000000000000000000000029
:1007D000000000000F4C823D7DB09F3C00000000F7
:1007E0000000000000000000000000000000000009
:1007F00000000000678622BC00000000000000002E
:100800000000000000000000CEB40F3E0000000019
:1008100000000000000000000000000000000000D8
:10082000A524AA3D29DF97BD0000000000000000BC
:100830002FD1533E13AC043DB3B17BBC0A26C63D59
:100840008F65D53C000000000000000000000000A3
:1008500000000000485CE63C8485C23DE72099BC6E
:1008600002A7EB3D0A2DD4BC2B4162BD5A265C3D4C
:10087000E9F30C3EDBD5C2BC4299353D9E9592BD55
:1008800047EA63BD330B123EE79C373EFB4F38BB54
:100890005F676CBBFBA9AFBDBE0E23BDD6BA443E9D
:1008A000E055BABD1557933C4327B7BD6F7D9EBA3F
:1008B0000000000000000000000000000000000038
:1008C0000000000000000000000000000000000028
:1008D0000000000000000000000000000000000018
:1008E000000000000000000000000000FF14013EB6
:1008F0008C641C3D00000000000000001324B43D87
:10090000F0328A3E304AD73D00000000000000006F
:1009100000000000000000009DAA6B3E00000000E7
:10092000000000007CDEC4BD0000000000000000EC
:100930009551B8BD0000000000000000AAF22B3D58
:10094000D2309FBD00000000C67915BD53D2B7BD9F
:100950000000000017B285BD3BA7B93D9F36A8BD7A
:100960008A4526BB56B80B3EE3E55DBD3D4A153DC5
:1009700022CCA3BDADF9833D968AAABC9773063EEF
:10098000C0AA42BCAF5C553D473C91BDC773E83C33
:1009900033A00D3E6374473DA45082BD00000000AB
:1009A0000000000000000000000000000000000047
:1009B0000000000000000000000000000000000037
:1009C000D79FFE3C5B96ABBD00000000000000001E
:1009D000559ACC3D0000000000000000000000001F
:1009E0000AD8ED3BB30490BD0000000000000000F9
:1009F00000000000000000000000000000000000F7
:100A00000000000016A631BC00000000000000003D
:100A100000000000000000000000000000000000D6
:100A200000000000000000000000000000000000C6
:100A30000000000032C2013D1B7D0A3EBA9373BD27
:100A4000B724EC3D5FCF013D4A40D6BCED08EE3DFA
:100A5000B4C7AC3D3DB39EBC287BACBB5D8287BDBB
:100A60000C760EBD9250DC3DB519BFBCD45D023E84
:100A7000C43191BDDE73263D00E7FB3DFDD06CBC6B
:100A8000A520B13D213CA83E56990A3CD05CD23D00
:100A9000A81C623C0317B3BDD15898BA63F8BBBD1C
:100AA0000000000000000000000000000000000046
:100AB0000000000000000000000000000000000036
:100AC0000000000000000000000000000000000026
:100AD000000000000000000000000000FD5BEF3D92
:100AE000F211073D0000000000000000E313FC3C91
:100AF000000000007846C63D000000000000000035
:100B0000000000006388463E000000000000000076
:100B100000000000E7A4C2BD0000000000000000CB
:100B2000000000006FC7BABD0043DD3B5BA6B13DCE
:100B3000B094743E7E07183D975C9ABD000000009B
:100B4000FE6907BD832FB4BD00000000443D93BD86
:100B5000370B983D2284A2BDDF7C0ABB923D5BBD72
:100B6000000000000EA29FBDB1951D3D95B6613DF0
:100B70008DEE97BCEF54C53D5369C7BC6F60CE3C4A
:100B80004F1DFB3D35C4453DEDCF78BD0E52413E76
:100B9000AF41A0BA0000000000000000000000000B
:100BA0000000000000000000000000000000000045
:100BB0000000000000000000000000000000000035
:100BC00010E27ABD000000000000000000000000FC
:100BD0004FF098BD1FB07D3C0000000000000000F9
:100BE0000000000000000000000000000000000005
:100BF0005BC90E3EC8EF8CBA000000000000000088
:100C000000000000000000000000000028B56CBCDF
:100C1000B8248CBD29663F3D0000000000000000A4
:100C2000000000000000000000000000131A8FBD4B
:100C30000000000000000000A55867BDDA6B6D3EA3
:100C400000000000000000000000000000000000A4
:100C50000000000000000000C905083E97C2B03C3B
:100C60008D3D1B3DDAF685BD1B1D2A3D4050FF3DE5
:100C7000A2D351BBCB17B5BD4F94C23DB52708BD1C
:100C800063866BB9B4E6C33D0F4E81BD3A0CA13DFE
:100C90003D98D23B93BEB4BD4FD81ABCF067093E15
:100CA000AC093D3D0B6AACBD612E9EBCC737063E0C
:100CB0008AE6B6BDE0AAEBBB9A34D93C1E29BEBD7C
:100CC000356BD23D504CE1BC00000000000000003C
:100CD0000000000000000000000000000000000014
:100CE0009B4DB03D0000000000000000000000002F
:100CF00000000000000000000000000000000000F4
:100D00000000000000000000000000006A9E5EBCC1
:100D1000000000003B3C8C3D00000000C8C385BDC6
:100D20000000000000000000BF2A1E3DBD2D5BBD7D
:100D3000CD4467BC1B0D113EAE4D02BD000000004E
:100D400000000000000000000000000000000000A3
:100D500006DC4B3EC3BA16BC486C9BBD00000000CD
:100D60007D9467BD0000000000000000DDA0663D2E
:100D7000E70F16BC83200EBD3357743D35B000BD60
:100D8000C84F2C3EFEC29E3D7BD28CBD9F7BBD3D9D
:100D90003C328D3CDF718E3B4FE1223EE06F58BD0F
:100DA000719E413DF7BCBDBD456D593C0000000042
:100DB0000000000000000000000000000000000033
:100DC0000000000000000000000000000000000023
:100DD000277EBBBC000000000000000000000000F7
:100DE0000000000000000000000000000000000003
:100DF0006EDAB2BD375A1BBC0000000008F5F23CA9
:100E0000C091A8BD6E5D983C00000000000000008D
:100E10007AB0EF3D3F8B78BD000000000134C2BDC9
:100E2000D86BDB3D4A74BC3C0000000000000000B1
:100E30007A19483DDA13253E0DEB303ED6D80F3CEB
:100E400000000000AF44DD3D127FC33DF5E48DBDE1
:100E50005F91373D630372BC21C1AC3D6386D3BC57
:100E6000EDE59F3D3E6910BD000000000000000060
:100E70000000000000000000000000000000000072
:100E80000000000000000000000000008A1FDEB922
:100E9000FE719DBD00000000000000000000000089
:100EA0000000000000000000000000000000000042
:100EB000000000000000000000000000321D87BD9F
:100EC0000000000000000000000000000000000022
:100ED000000000000000000027719F3B00000000A0
:100EE0000000000000000000000000000000000002
:100EF000A9F2AB3D4F2BF0B96BDDABBD674CAF3DFD
:100F0000C50460BC000000000000000000000000FC
:100F10000000000000000000B80093BD00000000C9
:100F200047E9A33D00000000000000008591073E56
:100F30009208113DA20A0B3DE82B6BBDAEF7B43C05
:100F40000142CA3D9FC76BBD0BBD763C0D00F43D11
:100F5000AB44DE3B45A583BD0A23083CBDC0BE3C77
:100F6000F5F0FD3DBFDF933DC02161BD532049BD7C
:100F70003661C93DCFAC2BBBB436AEBDC015173EF4
:100F80004AF9E8BC9AE8B4BDD19229BBBC86B83D09
:100F900089FE87BDD8F8023D3A045D3E000000009E
:100FA0000000000000000000000000008D92B1BCB5
:100FB0000000000000000000000000000000000031
:100FC0000000000000000000000000000000000021
:100FD000F312393D6E0F0ABD90D2D83DAA006C3C89
:100FE0001CCFA8BD000000000000000000000000B1
:100FF0005FD4D43D00000000933D363D000000006A
:1010000000000000000000000000000000000000E0
:1010100000000000000000000000000099B591BD34
:10102000000000006D0DC3BDE331513D777090BDF0
:1010300013141E3E8175323D3FF852BDB8218A3DE2
:10104000E0865BBD170AB33D916995BD34C5BCBB55
:101050000B1E1A3EEF055ABC27E2B33D0B7800BCCD
:1010600057CA91BD5E431C3D000000000000000017
:101070000000000000000000000000000000000070
:101080000000000000000000000000000000000060
:10109000D32E033C53EA7E3CF29BB9BD0000000016
:1010A0000000000000000000000000000000000040
:1010B000E7A11ABDFEFBB0BD86CFA5BC00000000B5
:1010C000AB5F87BD8071A5BD7285513D00000000FA
:1010D000000000000000000000000000814BAB3B5E
:1010E000000000002F3FD3BC00000000F4352DBDF0
:1010F0003B3DC13D8F7A83BDB3F42D3E1058E83C93
:10110000DDA3D63DC8E365BD057A483CF53EDF3C2E
:101110007B47143EDB96403E6CE1123D0000000030
:10112000000000000000000000000000D3E454BCF8
:10113000000000000000000000000000D1561F3A2F
:10114000000000000000000000000000000000009F
:10115000810D453CCFDACD3D5D25A5BD00000000E9
:10116000000000000000000000000000E2BE273D7B
:1011700040A078BD0000000000000000000000005A
:10118000000000000000000000000000000000005F
:1011900000000000000000001F7AEE3D000000008B
:1011A000C3DA343D64248CBD6C991D3DE235143E98
:1011B000FB4A9A3DB31986BDABC8823DF38C68BD2E
:1011C00095CA6CBC717CB4BDEECEB23D539863BD84
:1011D000614C923D859C7EBD547EBDBCC15ABBBD59
:1011E0000403A83D7F1606BD0000000000000000BB
:1011F0000000000037BFC23DFB59883C00000000E2
:1012000000000000000000000000000000000000DE
:1012100000000000731D99BD0000000000000000E8
:1012200000000000095ABE3D000000000000000060
:1012300000000000000000000000000000000000AE
:10124000000000000000000000000000000000009E
:101250007F0791BD9F92B5BA000000006AA959BDF1
:101260002096C03D20A44C3D0EA24BBDEB150A3E7E
:1012700008DF023D3129003E277B413CDA815C3C9E
:10128000FDFEA1BDF38F58BCFB43B1BDCFABAC3D60
:10129000845624BDCF8AFABCC331BD3D231F8BBB0E
:1012A0001F81C1BD00000000000000000000000020
:1012B000186097BC00000000000000000000000063
:1012C000000000000000000000000000A155C63C26
:1012D00000000000000000008B9CCE3DF576CF3C66
:1012E000CFB018BD2DA1523D00000000000000004D
:1012F00000000000347C25BC00000000000000005D
:101300002A3CF23C44D016BDFF02B4BD7A6962BCEF
:10131000DCE8113D17701E3E0000000000000000D8
:101320000000000000000000E36C4E3D66EC38BC9D
:101330008023B23BC505F63D1BAB063D5D4553BD65
:101340001CB92A3EED7F953C000000000000000023
:10135000000000000000000000000000000000008D
:101360000000000000000000000000006744813C15
:10137000663CA0BD0000000000000000000000006E
:101380000000000000000000DD4335BDEFA4063C76
:10139000727093BD0000000000000000000000001B
:1013A000000000000000000000000000000000003D
:1013B00000000000000000005B2603BC00000000ED
:1013C00000000000349A92BD000000007859CD3D25
:1013D000000000000000000000000000000000000D
:1013E00000000000000000000000000000000000FD
:1013F00000000000B1B2923DF2B271BD0157183E3B
:101400005DDF753D31290BBD936F403D9A1F0E3E48
:10141000F6590A3D8FB802BD83009E3DAF3C8EBD9C
:101420001FF4903C1233953DBB558CBD5BD9E53D17
:101430005DB05C3C59FC173E357E5DBD0B46C73C3C
:101440003F6A94BDE8CF3ABD4EFAA73DD7F6BBBD83
:10145000ADB94E3C12CB3B3DB7BB71BD77D2ACBBF7
:10146000C139C1BD00000000000000000000000004
:1014700000000000000000000D56A7BDC2B6323CBF
:1014800000000000000000005F71D03BE8A10C3EAE
:1014900024E0B23D106E643C00000000000000003B
:1014A000FCEBB03D00000000000000000000000068
:1014B000E7F97D3CB593AEBDD4C943BD4A5D1B3C45
:1014C000C2630E3EDCD11BBD000000000000000026
:1014D000000000000000000000000000000000000C
:1014E00000000000000000000000000000000000FC
:1014F00000000000000000000000000000000000EC
:1015000000000000000000000000000000000000DB
:101510003E0A843B000000000000000000000000C4
:10152000000000003CF7063E000000000000000044
:1015300000000000800EBD3C00000000FA73F33D87
:101540008F2C81B900000000489E18BD00000000EB
:1015500000000000A28C213E8727053D2DC598BDC7
:1015600017DD453D8C60B8BC11D71D3E0000000062
:10157000000000000000000000000000000000006B
:10158000000000000000000000000000000000005B
:1015900000000000B40DBCBD00000000142D273B6E
:1015A00000C3E13D02553B3CDDD9B03D1DFFA3BC6E
:1015B000137FADBDA5071D3D2B575BBD4069D4BC56
:1015C000ADC2BEBDAABE98BDBFDB1C3DBBF7FB3D97
:1015D0001B1D573C370D033E04F8933CAFAB3FBD9A
:1015E000DB286E3D8A8B58BDE24D883DEB03E63D1E
:1015F00023B5123CEFF0803D08CF41BDF87798BD90
:101600004FDC873D9BFE463D7FB962BD0000000078
:1016100000000000000000000000000000000000CA
:10162000AB64A3BDDF2A063C0000000050789BBDE0
:10163000E524D33B9BB0FF3D00000000000000000C
:101640000000000040F11ABD000000000000000092
:101650008346FC3DDF91DCBB82D978BAD83E703D31
:101660006054C73C499593BD000000000000000095
:1016700000000000000000003885383D0000000038
:10168000000000000000000000000000000000005A
:10169000000000000000000000000000C423093D1D
:1016A000E72300BD0952ABBD92B388BCE76B7DBC9C
:1016B000000000000000000000000000000000002A
:1016C000000000000000000000000000000000001A
:1016D0000000000012A3CEBA42FE073E0000000048
:1016E00067A1A4BD00000000000000001F97A2BD7C
:1016F00044BF893C00000000000000000000000022
:10170000000000003C960A3EE6550F3DDB449E3D3E
:101710008D14E9BC27078A3DD91993BC104CBA3DFA
:10172000F6B29BBC25F373BAB067E73DF238583D7B
:10173000B3F682BDA7BD27BD72B6CC3DEC69243B94
:101740007BF47EBD812C283D141980BD0000000073
:1017500000000000000000008110A43C0B56A53DD5
:10176000000000000000000000000000F33FB73C54
:101770000000000000000000000000000000000069
:101780000000000000000000000000000000000059
:101790006177BF3C8A3520BDF735ABBDEBCC8DBC46
:1017A00075A470BC000000000000000000000000F4
:1017B000000000000000000000C3F23D8A2498BC35
:1017C00073D971BBDF00C73DEED7C1BA1DF8F33D39
:1017D0004421023D27619FBD7A8695BD576014BCA8
:1017E000CFEE063DB9F32CBC000000000000000065
:1017F000000000000000000000000000712B9FBDF1
:10180000DCDE123C00000000C81D88BDE3D46D3B47
:10181000FA89E53D000000003E3F95BD0000000054
:101820000000000037059A3DD24162BC0A064DBD5A
:1018300069AA103C00000000000000000000000049
:10184000FB8F9B3DD596833C00000000000000000C
:101850000000000000000000000000000000000088
:1018600000000000000000000714B13DC3DB13BC02
:1018700035182C3D877BA1BD000000000000000052
:10188000C8185E3D7C023EBD3786703CE806BEBD92
:101890000000000000000000000000000000000048
:1018A00057C8E93D6E28C33CCD135DBD0F52BABB8E
:1018B0000756A43DF2DE0CBBC37B0CBD776F163D13
:1018C0000000000000000000000000000000000018
:1018D00000000000B78D613C27E4A0BD00000000BF
:1018E00000000000000000000000000000000000F8
:1018F00000000000000000000000000000000000E8
:1019000000000000ED0DE33D0000000000000000BD
:10191000F728943D00000000000000004802BE3C93
:101920003104B33D00000000000000000000000092
:10193000000000000000000000000000E3C756BBEC
:10194000AA4661BD0228923C1F8779BDC26775BD5A
:10195000474DAC3D77C01F3E5396693C36A18ABDCA
:101960001E7FA03C4840D5BCCBF4AE3D6E6C4B3DD9
:10197000F79E50BDAB394DBDD3CD1A3D6B02FEBCB9
:10198000B3F76E3DAAF6963C9073A4BD000000002C
:1019900000000000000000000000000041862A3D19
:1019A000000000000000000000000000141AA1BDAB
:1019B000000000000CA9A7B9000000000000000012
:1019C00000000000181956BD5587BA3CE2EEDA3D1A
:1019D0000000000000000000582997BD0000000032
:1019E00013B3293D0BCCCDBB3A345D3D0000000064
:1019F000EA78E93DA264E4BB0000000000000000BA
:101A0000D755F73B147897BDCB32753D638488BDBD
:101A1000A271A23C75F90BBD00000000000000009F
:101A200000000000831542BD00000000000000001F
:101A300000000000EA80D43DDC9834BC00000000C7
:101A4000000000000000000000000000B5FB75BDB4
:101A50000000000000000000000000000000000086
:101A600000000000CF04CC3D00000000000000009A
:101A70000000000000000000000000002B8C05BCEE
:101A8000D8B1F03D00000000A32A423DAF70D9BBA1
:101A90008B17B7BD109F583D71DA98BDEF04473DD5
:101AA0004DD64EBD8B41E73D52ABA83C3FB2973C73
:101AB000659EDABCC7C0F63DB038F0BC7DB2343CA0
:101AC00082F06ABD0000000000000000000000007D
:101AD00073CAC93C312B97BD000000000000000014
:101AE00000000000000000000000000000000000F6
:101AF00000000000000000000000000000000000E6
:101B000000000000000000000000000000000000D5
:101B100000000000D58F7CBD000000000000000028
:101B200000000000BA34F53D000000000000000095
:101B30000000000000000000000000008D87123D42
:101B40000000000000000000000000000000000095
:101B500041A8443D87D919BD6CE0103E02524D3C6E
:101B6000BB604C3D395412BDD0B8FF3C5FA700BDEF
:101B70000795353DBE0303BD4E4690BD740EB43C83
:101B8000F4D9A53DE62C28BD0A6064BDE8555D3D4D
:101B9000638F50BC68E998BD3E4E103DD3C624BD4E
:101BA000A3B333BD6748843DE326D33C037B83BDA9
:101BB000FD3853BDDB93FE3D000000000000000037
:101BC0000000000088D66F3C65DA953D00000000FB
:101BD0000000000000000000000000000000000005
:101BE0000000000000000000102439BD00000000CB
:101BF0007030A3BD0000000058DF543D000000001D
:101C000000000000000000005F9B913DCA60F23BB5
:101C10002FC12CBD000000000000000000000000EB
:101C20000000000000000000000000001893EF3CDE
:101C300029A83ABDB0EAFD3A03F4B4BD8B54033D84
:101C4000DD6B2CBDE791383D4DDAEABB17C564BDAD
:101C5000B038113D1A4AA8BDCB10873CA3BE8FBD3A
:101C6000D20B3C3D0000000000000000000000001E
:101C70000000000000000000343E96BD9584D23B79
:101C80000000000000000000E347543A4945C63D0B
:101C90000000000000000000000000000000000044
:101CA000E772053E00000000A4D5313C75206EBDF2
:101CB0000000000000000000000000000000000024
:101CC00000D307BD62C58C3D98B0E93DC58B293C6A
:101CD0005DCD58BD6398643C944C92BB5787783D6A
:101CE000071E803C8ABB93BD00000000000000007E
:101CF00000000000000000000000000000000000E4
:101D000000000000E3655CBD000000000000000072
:101D1000000000000000000000000000030B103C69
:101D2000E74E96BD0000000000000000000000002B
:101D300000000000000000000000000000000000A3
:101D40000000000000000000000000000000000093
:101D5000000000007755F83D17D7C73C0000000091
:101D600063CDA03D815CA1BA6944BCBDCBEA8CBD0A
:101D70000000000002DD1DBC0000000000000000AB
:101D80000000000000000000CD3799BD00000000F9
:101D9000E375B73C9DBECA3DDDAD18BB174EC33DD4
:101DA0003FC047BB43BE833DA6E498BD93F27DBDD3
:101DB000BF703D3DB9F2423D7EB5A8BC73590F3EA0
:101DC000B592E43C1A72EF3D23AA7B3C563FC1BB5F
:101DD000A3238F3D878F96BC939F2B3D3078AFBD5B
:101DE000671E5CBC00000000000000003AD886BD01
:101DF000000000000000000000000000D13D00BD18
:101E00000000000000000000456ACF3DAC1C3CBC57
:101E100000000000C5F1FA3C0000000000000000D6
:101E20001CDE493C00000000000000000000000033
:101E30000000000000000000374A83BB7A118EBD0D
:101E40004225B93D6C53A0BB9343CEBC7F2A243DB1
:101E50003565D83D8DAC81BAB324C73C455938BDF2
:101E60000000000000000000000000006DA8983D88
:101E7000C74F9C3C00000000000000000000000074
:101E80005A84C13C00000000000000000000000077
:101E900062D891BDBF4C8E3C9C1192BD36E086BD90
:101EA000000000004093E0BC4F459D3C0000000056
:101EB00000000000F9838B3CDD3767BDFF65AC3D5A
:101EC0008622293C00000000000000000000000005
:101ED00000000000000000001A9E91BDA6AF8B3BE1
:101EE00000000000AD8E89BD13F186BB4E60B13D90
:101EF00000000000000000000000000000000000E2
:101F000000000000000000007790B1BC5A6AC53C98
:101F1000BE6025BD6AF4863DA766F53B3F999BBD33
:101F20005C9C39B94B49C13D000000000000000035
:101F300000000000BFBB933D562E943C0000000003
:101F4000000000000000000000000000525EA6BD7E
:101F50000000000000000000000000000000000081
:101F60000000000000000000000000000000000071
:101F7000000000000000000000000000A2D9A3BD86
:101F80002321FEBB00000000636D88BD000000003F
:101F90000000000057A2023E000000005561973C7F
:101FA000CACAD53D44F847BDC55F03BCE8647F3D60
:101FB00060ED5DBB9514A33AD78194BD5856993C0A
:101FC00081FAA53D382E593CA97496BD32E56D3D88
:101FD00030743FBC25F6383DCBBF7ABD0000000011
:101FE000000000000000000070565E3C7ADE97BDE5
:101FF000C23C83BD000000000000000000000000A3
:102000000000000000000000B27089BD2BE7863B95
:1020100000000000000000004BADF93A7AA0CD3D71
:10202000032EA93D9A87FABC2E1C95BA65A37F3D65
:1020300000000000000000000000000050748D3D12
:102040008C8C883C000000000000000000000000B4
:102050002DBEA33C000000000000000000000000B6
:1020600087398DBD00000000000000000000000066
:1020700000000000F8C2BABC4D91583C00000000BE
:10208000CFDCF2BC000000000000000000000000F7
:1020900000000000000000000000000054769DB920
:1020A0006819CF3D9D089F3D3E4019BA76AB353C3F
:1020B000F35674BD5FD348BD5FED423D8661CA3BB8
:1020C00053F24EBDF76D0B3EEA82C73C2B23B73C63
:1020D000E81A76BD000000000000000000000000CB
:1020E0000000000000000000802B8FBD00000000F9
:1020F00000000000E0165ABDE81D85BD0D70C3BA92
:10210000000000000000000000000000B6231EBD1B
:1021100000000000000000000000000000000000BF
:1021200000000000846A26BC0000000000000000DF
:10213000000000000000000000000000000000009F
:10214000CA5F62BD8BB535BA941BAEBAEEF8C23D1C
:102150001FEB643D3AEDF6BC6E5995BDEF35C43CBE
:10216000B39391BD7EF79C3C5D7B643D8B216BBD41
:10217000AB3DA53CFDC15ABD5F38E13D0406973C2F
:10218000000000000000000000000000000000004F
:102190000000000000000000000000005060D73D7B
:1021A000149CB03CF36718BD6573CF3C0000000081
:1021B000000000000000000000000000000000001F
:1021C00000000000000000000000000033BB81BDE3
:1021D00000000000000000000000000000000000FF
:1021E00000000000000000000000000000000000EF
:1021F00000000000000000001B5966BD73031ABDFB
:1022000000000000AB9ED1BC1554B3BDF35C81BD92
:1022100000000000DABD9DBC33E1963DCA55283D63
:102220006EE225BD321EAF3D8BAF2CBCFBF798BDD7
:102230009FBB723DD52282BD1190423C4F747F3DC1
:1022400037665ABDEAECE9BCF8CACA3D69EBB03D55
:102250006D152D38EB927C3DCF88EF3B00000000E0
:1022600000000000BF5F7CBD000000000000000017
:10227000000000000000000000000000000000005E
:10228000000000000000000000000000000000004E
:10229000000000000000000000000000000000003E
:1022A000000000006A2B56BD000000000000000086
:1022B000000000000000000000000000000000001E
:1022C000000000000000000000000000000000000E
:1022D00057DD6CBD2B28023D00000000000000000F
:1022E0001E3D463D81C6C2BC8838E53D7D83FD3C30
:1022F0005ABE25BD5B635E3DE6B68FBD2024D33C50
:10230000E25BA1BDE2E0523CAF27813C70BB7EBDE9
:102310000334DF3D0CF64A3C17E061BD8DC27C3DC5
:102320007072A6BAB17DAABD22524DBD579A373DF3
:1023300043C6A73D9E2220BD13552BBD7079353D68
:10234000ACB92B3AF78FC03D000000000000000040
:102350000000000063D5813D3E5E4B3C0000000064
:10236000000000000000000000000000DF83A0BDAE
:10237000000000000000000000000000000000005D
:10238000000000000000000000000000000000004D
:102390000000000000000000000000009FF79DBD4D
:1023A000CAC015BC00000000EC2280BD0000000087
:1023B000000000006EBC9FBDBB7AAC3CBA9AB13D38
:1023C000495FAD3A5AB7A2BC1BED003E8438963D3A
:1023D000841A8ABB625D12BDA7A1B73CA36F9C3D66
:1023E00027FC703C837AD73C53E47CBD5732E3BB77
:1023F00077E0CC3D0000000000000000000000007D
:10240000442C0C3CCC0490BD0000000000000000F7
:102410000000000000000000782D6BBD00000000EF
:102420002F8FBA3D825C103C9EE201BD39859B3CFA
:10243000000000000000000042F298BD1F46E83C8A
:102440000000000000000000D8E8123CCF9705BD56
:102450004BD203BD23108D3D00000000D0A87FBDEE
:10246000000000000000000000000000000000006C
:10247000000000001E9581BDEF40A3BB00000000DE
:10248000000000000000000000000000000000004C
:10249000E79CC4BC00000000000000000000000039
:1024A000000000000000000000000000F70EC83D22
:1024B0007864E73C0B9A07BD1E7B393D9E8D0ABDB3
:1024C0008741873D8AE18F3C377B75BD08EC383DFD
:1024D000CB23A8BC50875FBDA7EDCF3CE60E243CC4
:1024E0007F90A73D000000000000000000000000F9
:1024F000336D823D8BC2823C000000000000000072
:102500000000000000000000574EB83DAE46B7BBCB
:1025100000000000000000000000000000000000BB
:102520000A0608BDEAB5183D000000000D56F33B51
:10253000000000000000000000000000000000009B
:10254000D0D8C8BCF3E3A8BD182980BDB2FDC73CF4
:10255000AFE23A3D1064B0BC9B8328BD72D88D3C7D
:102560002B6D7F3C38136ABD0000000000000000A6
:10257000000000000000000000000000000000005B
:102580000000000000000000000000000A1F5FBD06
:102590000000000000000000000000008D885C3A90
:1025A000FF1C87BD0000000000000000FF1C853DEF
:1025B0003A79F23B000000001107C53D0000000021
:1025C000000000000000000000000000000000000B
:1025D00000000000361E193D00000000200F563D8F
:1025E00005A428BD1EDE973D00000000B346513D06
:1025F00000000000000000000000000000000000DB
:10260000000000001FC7B43DC71784BB931DB83C32
:102610005CCD8BBDE22327BCA7AFA3BD4A58DF3CEE
:10262000188467BDD170493C1E2281BD854B8ABC90
:102630008E2CBC3D2839593DE96C8EBCBC59ABBBD6
:102640009CD98DBD9DD5ADBC3F254D3D0000000002
:1026500000000000000000001381D93BB1A58ABD35
:102660000000000070A36ABD7A5C72BD000000002B
:10267000000000000000000000000000000000005A
:10268000A5376EBD67B6E6BB3CAE943C2569A5BBDD
:10269000A3B57D39947AAE3D000000000000000033
:1026A000000000006E3883BD3653C43B00000000BC
:1026B00000000000000000008842953C000000007F
:1026C00000000000947D433B00000000000000007B
:1026D0000000000000000000000000001A005CBCC8
:1026E0006F748CBD00000000C35333BC00000000B9
:1026F00000000000000000000000000000000000DA
:1027000000000000425D3ABBBB05B03D431F543D95
:102710003CEC2CBCB59DFEBB53F089BD9FB6D93CAB
:10272000011D89BD8494893C67FC2CBDEDE8F13D19
:10273000297AC63C64C2B03C1FBB5BBD00000000F0
:102740000000000000000000000000000000000089
:10275000EFEAB13DEC6847BB774F783D0AFD783C26
:102760000000000000000000000000000000000069
:10277000000000000000000078EC2D3D8CC9CCBCAE
:102780000000000000000000000000000000000049
:1027900000000000939391BD277D183D15A30DBD4A
:1027A0007CB89FBD67949FBC8F2682BDE564953D34
:1027B0007344B33C1B3FE9BC8B3010BD8554753D61
:1027C0000000000000000000000000000000000009
:1027D00000000000ED0EA93DF23E3CBB00000000F1
:1027E0000000000000000000000000006B084FBD6A
:1027F000000000008BF995BD000000000000000003
:10280000000000005054CE3DD471B83C00000000E0
:102810000000000000000000000000005B7255BCDA
:1028200047AF84BD38280DBC7415BB3DABC1C53D59
:10283000E53C2F3B5D262D3D1A7B37BDCF22AC3DBD
:102840003A0FF43B360FBD3B62BADFBC000000001C
:1028500000000000000000006546723DE5187E3C67
:10286000000000000000000000000000B7A7253DA8
:10287000000000000000000000FF9AB90000000006
:102880000804673C23E593BD000000000000000041
:102890000BC3B83B3F66AABD00000000000000006B
:1028A000039BA73D000000002A8F16BD0E620D3D60
:1028B0007EA1C7BCEF92BE3D65F6E8BC8B73293C98
:1028C0000000000000000000F01166BD00000000E4
:1028D0000000000000000000DBA08DBC0000000034
:1028E000000000006E64B43C5761A73D000000008A
:1028F0000000000000000000000000004A2E5CBD47
:102900000000000000000000000000008F437E3D3A
:1029100083553FBDF7289DBD3F688CBC762721BD00
:10292000D3C97D3D26538BBCA308B63D8F55EF3AE6
:10293000F56911BD0000000000000000000000006B
:10294000C703D83B7DC584BD000000000000000027
:102950000000000000000000000000000000000077
:10296000000000000000000013B2ADBC0000000039
:1029700000000000000000001B9B14BB4AF07EBD5D
:102980000000000000000000862D86397C23A03D59
:102990003FF16E3CF248C53D000000000000000021
:1029A00018C38BBD000000008275EE3B036A52BD68
:1029B000A592753D2B31F63B3B71AF3D6E18A23CA5
:1029C0004BE0C33C53D43ABD68D1F0BCB06A773D0C
:1029D00000000000000000000000000000000000F7
:1029E000000000003312A23DC53131BB1AE2663D42
:1029F0007A3D723C00000000000000000000000072
:102A0000CC71C13C0000000000000000000000008C
:102A100000000000000000000000000000000000B6
:102A200000000000B5C5FF3C826EAFBC9D75A0BD27
:102A3000180062BB7323CA3CE1D31DBD9661BA3D49
:102A40002554783CD3B9C5BBEBA16B3DD815563C9A
:102A500010F259BD000000005F3A66BD00000000A2
:102A600000000000F8435DBD000000000000000011
:102A70000000000000000000000000000000000056
:102A80000000000000000000000000000000000046
:102A9000000000000000000014AD2FBD0000000089
:102AA0005915473DE02C44BB34309BBD40502CBCF5
:102AB00066F9C03DAF10FD3C074A6CBD9AA83E3D8B
:102AC000750464BD9ACB043CD7B268BC45A7873D6A
:102AD000626E743B5B36DD3D0000000000000000CC
:102AE0000000000000000000000000005FD21F3C5A
:102AF000444783BD0000000000000000000000000B
:102B000000000000000000000000000000000000C5
:102B10008E6A493DA9B23DBC9F4AD63D00000000E7
:102B20000000000000000000FB09843D00000000E0
:102B3000000000000000000000000000A338373D46
:102B4000C331993B737791BD4B6AD03CEF93863D7F
:102B5000590F9ABCBFC7363DAB356BBD3FE4B33CA4
:102B60004807FF3D1312A9BC58C1C73C0889F03B78
:102B70004F64AFBD00000000000000000000000036
:102B8000000000000000000090F567BD000000009C
:102B9000433CE33CC0B51BBD7A8B8F3DAC422EBAA3
:102BA0000000000000000000000000000000000025
:102BB00000000000000000007233E9BC00000000CB
:102BC000000000000000000000000000B822753D79
:102BD0000000000000000000B9B0903DCFEB31BC18
:102BE00080C20ABDCB0D6B3D77A3583C805DE5BC30
:102BF0007B5740BCB25690BD877FA23CC33DB03DE1
:102C00006B115DBDFDA54C3D000000000000000003
:102C1000000000007227D83BDFEC7EBD0000000002
:102C2000000000000000000013C94FBD9B8A113C4A
:102C30007F1E79BD0000000000000000CBD22F3DB8
:102C4000000000000000000000000000EE4B8C3C83
:102C5000950565BD73AC1B3D53B6FFBCDF2F763CBD
:102C6000E639CBBC000000000000000000000000BE
:102C70000000000084698C3C1A6A59BD0000000005
:102C80006CFE0BBB6A5A6EBD000000000000000025
:102C90009ADC63BABDCF6ABD0000000000000000EE
:102CA0000000000000000000000000000000000024
:102CB000C39408BC2286AD3DBF305F3DC74A8DBC82
:102CC0009710D0BC337D453DCB45A23D2E04333B10
:102CD000000000000000000000000000C82D593D69
:102CE0005B0B573C000000000000000000000000EB
:102CF00000000000000000000000000000000000D4
:102D000000000000000000000000000000000000C3
:102D10000000000000000000609A7D3D00000000FF
:102D20007B8F02BD00000000000000009DFB8FBDF6
:102D3000A48C0CBC00000000EAD45FBDA76C243D4D
:102D40001DF4DABC6A63243BE79AA7BDD1C238BD43
:102D50001567213DF6F2A63BCF5AB13D3EE005BDD9
:102D600064E3BB3CF5409CBBA793873D4F507F3D40
:102D70001E3C463C00000000000000000000000077
:102D80000000000000000000000000000000000043
:102D90000000000000000000000000000000000033
:102DA000000000000000000048F438BD00000000F2
:102DB00000000000000000002BBE95BDB24D4EBCCF
:102DC000E3698F3C662BAF3D704A64BD5BBA253D1D
:102DD00000000000000000000000000000000000F3
:102DE000D1E13E3A5F02C53D0000000010CF38BD82
:102DF00000000000000000004E88A93CDDB465BD65
:102E00006E2F9C3D2381EABBF3F5C43B000000001C
:102E10008799583D00000000465D9D3DCEB0B33C13
:102E20007977B13DF6CC29BD40E44C3CA5E90BBD1A
:102E3000CBF1AFBDDB932ABC7258B23C35407CBDB0
:102E40000000000000000000000000004D596A3B37
:102E5000A71F74BD00000000823C33BD00000000CD
:102E6000DEF522BD000000000000000000000000B0
:102E7000000000000000000000000000E7C1A7BC47
:102E80000BEEC63C8056623DFD6849BC788D36BD70
:102E90008F0DD93D9800C5BCB546E13C000000004F
:102EA00000000000000000006DC00B3C00000000AE
:102EB00000000000000000002824B2BB0D646DBDBE
:102EC0000000000000000000000000000000000002
:102ED0009624183D000000000000000000000000E3
:102EE00000000000000000000000000000000000E2
:102EF000009AC23C0000000000000000000000003A
:102F0000BF050A3B00000000845E41BC00000000D9
:102F100000000000000000000000000000000000B1
:102F200000000000000000000EA099BDE52877BC5D
:102F3000FFB6BD3D3FBC433C9591233D300004BDF1
:102F40006A96DC3C7376FC3D6828E43BFB2AC83D6E
:102F500055E73EBCC02C523DD60F93BD0252AC3C4F
:102F60003D215BBD4BAF453C50C95FBBE3423D3D9E
:102F700052E9B9B99F28A5BD98B85CBD3A45943DC2
:102F800000000000000000001F834CBD0000000096
:102F90000000000000000000000000000000000031
:102FA0000000000000000000000000000000000021
:102FB0000000000053E3CA3C0000000000000000D5
:102FC0000000000000000000000000003F0A573B26
:102FD000FF6785BD00000000000000003A605CBD96
:102FE000EFEF113DE32B9DBD8D8403BBDC0AA63DB5
:102FF00093DBB33C00000000C4893E3DDAA54F3DA1
:10300000B39C2FBD2CCCAD3CB509B5BC0786A23C0A
:10301000D7AEC63D7D2EDEBC0D0B623D5D3E7F3CD6
:10302000F40599BD00000000000000000000000051
:103030000000000000000000000000000000000090
:103040000000000000000000000000000000000080
:103050009A90AC3B1B4260BDE030C03D00000000D8
:10306000000000000000000000000000339C28BCAD
:10307000000000000000000081D4143D00000000AA
:10308000FBE1FCBCBDC80A3DFB3202BC00000000F5
:103090005EFC1A3D000000000AED4D3CAA88B13DDF
:1030A00000000000000000001508BC3C723980BD23
:1030B0000000000000000000A294A03C8FEF8C3DB7
:1030C00077EB653AB86999BDA3457EBC4743F73CA9
:1030D0007598DD3D798DA83BF4A9113D5F9E0BBD30
:1030E000F73F7B3BCB828ABD000000000000000060
:1030F000000000000F3FB33A40AC64BD0000000088
:10310000C0AB28BD0000000000000000000000006F
:10311000F0BF5ABD000000000000000000000000E9
:1031200000000000F0ABF8BBAA41593D00000000D0
:103130000000000068990E3CB5CE6DBDDF1C14BDCB
:10314000B33A9E3C70C14A3D7DBDA8BC8A5B7C3BC6
:10315000FC7599BD000000000000000000000000A8
:10316000000000003C0A08BD000000000000000054
:10317000A3EFAFBB00000000000000000000000053
:103180000000000000000000B6B6B63D177DB73C59
:103190000000000000000000D35323BCDE2D8ABDD8
:1031A000000000000000000000000000000000001F
:1031B000A892C03C1F1E64BD22F74F3DF69D253AE4
:1031C0004BFECE3C184643BD0000000083A1613C8D
:1031D00000000000000000000000000000000000EF
:1031E0001DBFF23D6AA9DD3CB079CE3CD75DCABCBB
:1031F0009312553CD35493BDEFA8C03C98076BBDC8
:103200003865113BFAD7333D000000002B7D263D89
:1032100000000000000000000000000000000000AE
:10322000D50B4A3C000000000000000039E4A0BBC0
:10323000F02075BD00000000BFDC093D000000006B
:10324000000000007B18913A0000000001519B3BF8
:10325000C20D7CBD000000000000000007ED12BCA4
:10326000C74594BD8078303B23BA703DAC04C3BCE5
:10327000220B333C000000000000000000000000B2
:1032800000000000000000000000000018C320BD86
:1032900000000000000000000000000048845BBD4A
:1032A0000000000000000000469B353C00000000CC
:1032B0006B70E8BC0000000000000000000000008F
:1032C00000000000000000000000000000000000FE
:1032D0008D6859BCB681A6BDFEB1103C177C8C3DF3
:1032E00000000000FDE7903DDB5EB83DA38D82B994
:1032F0009A2F7E3D000000003842113D0000000082
:1033000000000000000000000000000000000000BD
:103310009F91D63CD8D447BDB0BDADBCA324223DBF
:103320008F254A3C70F164BDED9F65BC2D79983DB9
:1033300029BA9EBC0ACC253D43CCD8BB7D0B7DBDB4
:10334000622F103DEF3D02BD000000007F05213DD2
:10335000000000000000000000000000000000006D
:10336000451B2E3C00000000000000004DB29FBB3A
:103370005B1A6CBD63AD5E3D2FFBAFBB0000000070
:10338000000000000000000000000000000000003D
:10339000000000008B4821BCED3E1F3D832EFB3C0E
:1033A000B6720ABD9770EFBC4B1BCD3D452558BC8E
:1033B000150A793D00000000000000000000000038
:1033C000731C733D000000000000000000000000BE
:1033D000236C3DBD2A88013D00000000693583BD96
:1033E00000000000000000007AE0133D12CCBDBCDC
:1033F00031149C3D000000000000000000000000AF
:103400003D2211BD6AAEF33C000000002709703B6D
:103410000000000000000000607E963B55658BBDFB
:103420003AF23ABD6B0F7C3D503FB7BC627C183C12
:103430000000000000000000B1D11FBD000000002E
:10344000000000000000000000000000000000007C
:103450000000000000000000000000007F6478BD54
:1034600011AC0D3D00000000000000000000000055
:10347000000000000000000000000000A65588BD0C
:10348000000000000000000000000000159641BD93
:10349000A0DD363C0000000000000000000000003D
:1034A00000000000E464A1BC26A02C3D2C9E883CBA
:1034B000B9910FBD478961BCDB0F1A3D4505BE3C84
:1034C000F7A5A83DEFAC193DFB1E35BD75EA563C8E
:1034D000C72F71BDA776CFBC00B3673DB53182BDA4
:1034E000AFDE0A3CAD74313D53D027BD0000000073
:1034F00000000000B977193D000000000000000046
:10350000A0EBF93BD0CB80BD000000000000000024
:1035100000000000000000000000000000000000AB
:10352000000000000000000000000000000000009B
:103530000000000000000000000000005FE39FBCEE
:10354000AC57B73CFA07CE3D273B283D32430CBD74
:10355000228DEC3CFB7D24BDAA3B113C2AEF95BD9E
:103560003B4806BD2CB0C63C5747B1BC2B7D3B3D0C
:1035700064EA8C3D26442BBC0000000000000000E3
:10358000000000000000000000000000000000003B
:10359000000000000000000000000000E7A3BD3CA8
:1035A00000000000000000000000000038A3303CD4
:1035B00085368BBD0000000060D1EDBC000000002E
:1035C0000000000047EF813B000000007677A83C38
:1035D0000DFD64BD3A0DE5BB3E27903DE33CF73B56
:1035E00000000000000000000000000000000000DB
:1035F00000000000A5B7E2BBBFDC83BDF1CB893C76
:10360000BCA2A73D60A1333DF08909BD65E4FC3C47
:10361000F01E37BD77B688BD53914C3C283FD8BCCF
:10362000CDD2153D000000000000000000000000A9
:1036300000000000CC0802BD0000000000000000F7
:10364000000000002EE00DBB0000000037AB43BCC3
:103650000000000000000000EAD8A53D303AAF3C71
:1036600063B3803D6A8E923C0000000000000000C1
:10367000DFC4863D0A96F3BC000000000000000095
:10368000000000000000000007CD9DBDD2F633BB56
:103690005B50B0BA0269423DC4789ABC7AC5683DB5
:1036A0001FF7B0BDE0A61C3C00000000271110BDB4
:1036B00000000000000000002B7717BD0000000094
:1036C0000000000000000000000000007AFA72BA5A
:1036D00070C5603D00000000504D54BD000000006A
:1036E00000000000275ECA3CEB7FCBBBB573813C7A
:1036F000106717BD6D89343D4DDA35BC0000000000
:10370000EB53173D00000000000000000000000027
:1037100000000000000000000000000000000000A9
:10372000000000000000000000000000061836BC89
:1037300000000000000000001AC68ABD6753853BE8
:103740000000000000000000000000000000000079
:10375000583B433CC7AF853D2F33CDBAE8334FBD0F
:103760008327E1BB0FAE833D5A9270BD1758453B8E
:1037700038C1D6BA6D47EE3C4887E83C5325DBBCE0
:103780007B416ABCFB0B8FBD000000000000000005
:10379000000000000000000095F2F4BC00000000F2
:1037A00000000000F9F8893D2FE31D3B00000000F8
:1037B00029653FBC00000000000000002A72713D36
:1037C000BBAF8C3CB1C5873C00000000000000008E
:1037D00000000000BB36E53B0000000044660EBD63
:1037E0000000000000000000000000009FF088BD05
:1037F000E002DEBB8BDCAD3D840F483CB361F4BC22
:1038000017CEB23C1BA646BDD09EA43B00000000D4
:1038100000000000000000003D699A3B000000002D
:103820000000000000000000CFB529BC2D2654BDCB
:103830000000000000000000000000000000000088
:10384000D719003D0000000000000000000000004B
:10385000000000000000000000000000BA1BB9BC1E
:1038600092C3A53C00000000000000000000000022
:10387000BBE108BB000000000000000000000000E9
:103880000000000000000000A74B8F3D1264643C64
:1038900090D78BBD7D845FBCEA61A43DE8600B3CA2
:1038A0003B420C3D4D45FEBC8DD5D03DEB0B023D62
:1038B000E2FBD0BBCB6C6A3DAE1D1FBD7344F83C30
:1038C00063B7323CC9A32ABD9D276F3B713199BDB7
:1038D00000000000000000000000000000000000E8
:1038E00000000000000000000000000000000000D8
:1038F00000000000000000000000000016BE39BDFE
:1039000043E1ED3C57CFF93B8721843D00000000A7
:103910000000000000000000FB6E3DBC0000000045
:103920000000000082B6F43C00000000060D80BCE0
:10393000000000000872B03C00000000B09D963D01
:103940005AED7C3C00000000000000000000000078
:10395000D75F1D3D00000000DF2AF13CA705263C93
:10396000EF196B3DB510023AD9178CBDFD0302BDAE
:10397000BDDB083D370AE1BB824C65BD5FE283BD1C
:103980001989493B9AA03E3C81F24BBD00000000E2
:1039900037FB0F3D000000000000000000000000A9
:1039A00000000000E67EAE3BD77E0ABD00000000AE
:1039B000AB5918BC1B0957BD360C3A3D000000003E
:1039C000643945BD000000009E021FBDBF64E63B98
:1039D00000000000000000000000000000000000E7
:1039E00000000000000000000000000000000000D7
:1039F0000B85C3BC000000000000000000000000B8
:103A0000000000000000000000000000D8468BBB52
:103A100000000000000000000000000000000000A6
:103A2000000000007A6C9E3C0000000000000000D6
:103A300000000000A44D9C3DBB65E23B000000007F
:103A400000000000BB2F3E3B000000004340053D4E
:103A5000E3F87BBC00000000000000000000000054
:103A60005B245DBD8368AA3B0000000000000000ED
:103A7000AF418C380000000000000000B31056BDBC
:103A8000000000000258A0BD989DFE3BD7AD9DBC34
:103A900000000000CD17B03DC00CD13C41E999BDFC
:103AA00002A36FBCB7B34BBDB7443E3D80C93B3D9D
:103AB00077F01CBC7F31CD3DFEEF973C13B290BC3C
:103AC0001E38A3BD704FC3BCB7B8AB3C39088E3DA0
:103AD00083C0493CC338FB3C7D7FCBBCE01C9B3D95
:103AE000B0D5143C000000000000000049A813BD40
:103AF00000000000000000000000000035DCCFBC2A
:103B0000000000000000000000000000BF1516BC0F
:103B100000000000000000000000000000000000A5
:103B2000000000008253683C00000000000000001C
:103B30002FBAE1BC000000000000000000000000FF
:103B40000000000000000000F622853CBD87903D8B
:103B5000BBEFDABB56068CBD47DB143D9F89F9BC31
:103B6000F8BC4FBCB84C1C3DF35F313D3DC77ABC3F
:103B7000E39572BDF9E5983B53CA92BDF2C7E63BA7
:103B80008705413D33EB96BC0000000000000000BB
:103B9000000000000000000000000000CFF23FBC69
:103BA000E0BC603D0000000064D0213D000000004A
:103BB00000000000000000004E24163D0000000040
:103BC00000000000000000000000000000000000F5
:103BD00000000000345FB93C33FC3DBD0000000034
:103BE000614D8FBC000000000000000000000000DC
:103BF000000000003902AFBC22006F3DF3B6BD3CAF
:103C00007AD374BD112E13BC9DED583DA913C53C4C
:103C1000CF3700BDEEF42A3B005C883D4BF5E4BC99
:103C20002DEA1D3DBA81D93BBF2556BD00000000DD
:103C30000000000000000000000000000000000084
:103C4000000000002815C1BC000000004B096ABD3F
:103C50000000000000000000FE08423C03AF963D5B
:103C6000E0BCCFBCFAC9CE3C000000000000000060
:103C700000000000000000008357093C0000000025
:103C8000000000003324B1BC000000000000000070
:103C900000000000EBDE603D57A532BC54CD96BD60
:103CA000678F5F3D9B6EDE3A0BFBD13BC7F17EBD5C
:103CB000BAAA693D0336F2BBFEDAA43C20C0E5BCDB
:103CC00000000000000000000000000000000000F4
:103CD00000000000000000000000000073EC66BD62
:103CE00013E1C43B000000000000000000000000E1
:103CF00000000000000000000000000000000000C4
:103D000000000000F0FA60BDABE77E3C0000000060
:103D1000524101BD000000003B639D3C00000000DB
:103D20000000000000000000000000000000000093
:103D30000000000025FB39BC00000000752D05BC0B
:103D400000000000B825D73B079B58BDA54EEBBC33
:103D5000000000000DAB7ABD733DB13CC7EE1ABD4B
:103D60000000000087B6373CF699A3BD655F6DB9CA
:103D7000032D7A3DC7E6673C9CF93CBDF301FC3B53
:103D80005DAAA53D8FC0953DECDFAB3C1C909A3DF4
:103D900025F7773C6B6092BB170F693D0000000070
:103DA0000000000000000000000000000000000013
:103DB0000000000000000000000000000000000003
:103DC00000000000670369BD69ED983CC73048BD3D
:103DD000DC40263C17E46A3D0000000000000000C3
:103DE00000000000D2FB3BBC00000000000000000F
:103DF000D58E52BC46B7203DBD6D823C0000000010
:103E00009654A93CBB29943D00000000000000002E
:103E100079D7043D0000000018072FBACE8382BD79
:103E20008C6E9A3B9AAF7A3D00B64DBD3123A93CCA
:103E30008FCA52BCB16C8DBD0000000035630C3DD3
:103E4000000000000000000000000000A575DFBBBE
:103E500094D837BD00000000000000000000000002
:103E60000000000000000000000000000000000052
:103E70000000000000000000000000000000000042
:103E80000000000077E1743D3300B4BCF3CA063C87
:103E90009D5C10BDE07B953D0B98973BE249523D00
:103EA000E7D132BC772344BDF2DCFB3B42F807BDCF
:103EB0007781D43C6A4FB33CF29530BD00000000DE
:103EC000F66B05BD000000000000000000000000CF
:103ED000000000000000000000000000F6CCA8BCBC
:103EE000B456CB3C000000000000000000000000C1
:103EF000D7EB823C7DB8833D9B0FB53B3EBD81BD7A
:103F0000000000000000000023B7693D117B993BD1
:103F1000CDB6C4BA28676BBDAF5A4439B641413DEE
:103F20000000000000000000000000000000000091
:103F30000000000000000000000000000000000081
:103F400011F787BCCD0FE03C00000000BDACD33CB6
:103F50007DA772BD0000000000000000ACDE013C47
:103F600000000000CB3F64BD452E333C0000000044
:103F7000CC6D1EBD0000000000000000386FA53CA5
:103F8000186E973D5076A43DE4870E3C000000007B
:103F9000000000000000000000000000673F62BD5C
:103FA0003349083D70A8873BB513483DA8499BBBE2
:103FB000FEE29FBD767641BD2DF8063D0000000073
:103FC000000000000000000000000000145739BC91
:103FD00000000000000000007BDA533DD9FE493CA0
:103FE000000000009FE26CBD000000000000000027
:103FF000575FDA3CC4359FBC0B826D3D000000006A
:1040000000000000000000004ECFCA3C55EEF4BC9A
:1040100000000000000000002B55723D4EEF29BC4F
:104020006BA0723D67D005BC2209FB3CBF7336BC58
:1040300000000000680C073D0000000000000000C8
:104040000000000000000000000000000000000070
:10405000000000000000000000000000FAAC743D09
:1040600000000000000000008327BDBC427E67BD49
:1040700020CA353C000000000000000000000000E5
:1040800000000000000000000000000083F0913DEF
:10409000FEC7123CDAA7E23C293D90BCBF293A3B5F
:1040A0002D9A6CBD4584FF3C33C606BDDACE943DE7
:1040B00000EB25BA9DAC463D89C3203C4B9644BDE0
:1040C0008BDC953C000000000000000000000000B8
:1040D00000000000000000000000000000000000E0
:1040E00000000000471382BC7F0FD13C000000009D
:1040F00000000000000000000000000000000000C0
:10410000A8677B3B00000000000000002262623CC8
:10411000000000000000000000000000000000009F
:10412000000000000000000000000000B0C6D4BC89
:104130003189883CB6FE9E3D91A787BC72077ABD47
:104140000000000000000000DC0F2CBDF401883BE3
:10415000D955B53B37E388BDB5976C3DF54872BC82
:1041600051CA803C00000000D9E1C8BB777B1B3DF1
:10417000505C383C6B48703DDD686A3C57ED14BDBF
:1041800022038ABC377C543D15FE6EBD1ED4253CEF
:10419000000000000000000000000000000000001F
:1041A00000000000B214C9BC0000000000000000C4
:1041B000000000000000000000000000D487873DE0
:1041C00085B9F63A00000000000000000000000081
:1041D000976622BC00000000000000000000000004
:1041E00000000000E36E7DBC9DBE103D43C4803BDB
:1041F000443D4CBD5B899E3CE1DA893D6BB4AF3CEC
:10420000000000000000000013729EBC47B8C1BC53
:104210000000000000000000000000000D87D939F8
:104220000B513CBD8A6B2A3D731229BC72937C3DB5
:104230003566F2BB0B728F3CEA8052BD021993BC0B
:104240003AB499BD0000000000000000000000002A
:10425000000000000000000000000000000000005E
:10426000D2F93ABC0000000000000000000000008D
:10427000000000000000000000000000000000003E
:104280000000000092D20A3B000000005FE99C3C65
:104290000DF4EEBC0000000000000000946683BD39
:1042A0000000000000000000FE2B883D09F3B93B30
:1042B0000000000000000000DB53963D0BEA893C43
:1042C00027202B3C000000000000000067D531BB18
:1042D000B351003D63FBF2BC00000000A3B2473DB8
:1042E000E90CC63B00000000A46294BD6CA4973B9F
:1042F0000000000089328CBC8B8A8ABD186EA9BB75
:10430000114F8D3DE7504A3C17DBB5BC3C3E8F3C1E
:10431000FD39F2BBF0105BBDF2625A3C2050683DA3
:10432000000000000000000000000000000000008D
:104330005362D5BC0000000000000000BDFE603DDF
:10434000000000000000000000000000000000006D
:10435000000000006312DC3CE29095BCAE69443D75
:104360007F1428BC000000000000000000000000D6
:104370005A7CB6BC7B6756BD22295E3C000000001B
:1043800000000000000000004BD7643D04AE973DE4
:10439000A048713B2DEA36BDC05CE23C6F0A1A3D75
:1043A00001DABCBCE6D2B73C288732BD0000000071
:1043B00000000000000000000000000000000000FD
:1043C00000000000000000000000000078005DBC5C
:1043D0000000000032657B3C000000006BCB6FBD2D
:1043E00000000000000000008824DC3BF7057A3D57
:1043F000503913BA883B4CBD00000000000000009B
:1044000000000000000000000000000000000000AC
:10441000000000000000000000000000000000009C
:104420006BAE4FBD0000000000000000813603BBF2
:104430004BC85BBC1E45173DEA956EBD9BFD103C0D
:104440006B9AF4BA04F9893D23A5C63CA32D32BD6D
:10445000A3718CB7A9164ABDECBC2E3D267D9C3AB3
:104460004F32333DDE03B3BC171D9E3C068BA33D8C
:1044700000000000CA6C063D0000000000000000C3
:1044800000000000B49ABFBB29E01CBD0000000082
:1044900000000000000000003695CC3CDAAA0DBDFB
:1044A0000000000063F125BC1DC559BD00000000DF
:1044B000000000008BCA36BCBF44163D05394FBB17
:1044C000BBB8F43C0000000000000000462F05BD12
:1044D00000000000000000005006533D1DE24C3972
:1044E0000000000000000000F670883C02D453BDBC
:1044F00000000000000000007558333CA2054BBDD1
:1045000000000000000000004368BABCF6F2AD3CB9
:10451000FF0FAE3C3BDE70BC00000000000000005E
:1045200000000000BF8A233DB08125BC00000000D0
:1045300000000000FD5FDE3A780657BD0000000075
:10454000000000000000000000000000000000006B
:10455000ABAA56BD000000000000000000000000F3
:10456000000000009F0B283DEF16AEBC1B523F3CE5
:10457000DF78F0BCF7A74CBDE81FDF3AB0FC843D04
:104580002238FC3B2871B03CD95033BD00000000FC
:10459000000000000000000000000000000000001B
:1045A0000000000000000000A1E147BC0000000086
:1045B000000000003F26723CC8A37D3C53B65DBDA1
:1045C00000000000000000009A367A3D1371FB39AC
:1045D000E7DF61BB1D054DBD00000000C0D609BD71
:1045E0000000000000000000ADA3963DBCAEAB3B58
:1045F00000000000000000000000000000000000BB
:104600007A1050BDE207D43C91C92B3DFD3A813B65
:1046100006D0C9BB744296BD879B2CBD68FEE03CAA
:1046200000000000000000002A36EB3C0000000003
:10463000000000006DB6BB3C000000000000000060
:1046400000000000B7900A3C0000000000000000DD
:1046500013C6FBBC00000000000000004FA17EBD9F
:10466000A8FF88BB00000000000000000000000060
:10467000000000000000000000000000474A653D07
:104680007029B53A03A75CBD1FF8F63C9A3B543D30
:10469000A47DAE3B4B6830BD038E933C43E1E13CCF
:1046A0003F1008BD7ADD733BC2BE88BD000000002C
:1046B00000000000000000000000000000000000FA
:1046C000CFD91E3DD606B4BB00000000E2BB083DBA
:1046D000000000000000000000000000F464053D40
:1046E00000000000000000000000000000000000CA
:1046F0000000000000000000F965A93C57651FBDDF
:10470000000000009F7899BC00000000000000003D
:10471000000000000000000060060DBD8AE6F03CCD
:104720005B726DBD17FCD23BF90509BBD6DC3F3D82
:104730004ADEA43CABF1D9BC806F133B8B7B583D68
:104740005E4BAABC8A97023D394FA83BF69D40BDFF
:10475000000000007AC8F93C0000000000000000E2
:1047600000000000EFE2CCBBADEA11BD000000008C
:10477000774AED3C0000000000000000000000004F
:1047800000000000ED3E56BD00000000035B1C3D34
:104790006F85E3BB951A80BAC775633D27D21A3D72
:1047A00003A765BC0000000000000000000000003E
:1047B00000000000000000000000000000000000F9
:1047C0000000000077D348BD9FA0753D8A1477BCD8
:1047D000DFE065BD2418263B00000000000000005B
:1047E0000000000000000000C64384BC7DEF6A3D6D
:1047F000000000005537DB3C00000000B8F534BC79
:104800000000000000000000BB2092BD000000007E
:10481000B8B6173BC08C5B3DC8CA6B3D3E4F12BC5F
:10482000E2EB00BDD33F103C7DA2143DFDC48CBC27
:104830000000000000000000000000000000000078
:10484000000000003FCD36BB9770233D0000000004
:104850006758063D00000000000000000000000056
:10486000F5BFF23C00000000000000000000000066
:10487000CABB80BB0000000000000000AF716DBD2E
:10488000474FF43900000000000000007A6E583DE8
:10489000B3C0DD3BF3EEDCBCBF21133D4B84A13C38
:1048A000071C5FBD600B543D47FE36398407BD3C95
:1048B0002236AEBC00000000000000000000000036
:1048C000AF3F193DE2C51ABC000000000000000027
:1048D00000000000AAD54FBD00000000000000004D
:1048E00091EB9D3CDB6A36BC51000E3D00000000A0
:1048F00000000000000000000000000000000000B8
:1049000000000000000000001BAD1FBDD7DA0D3C09
:10491000839F57BD8C3207BCB3D5D43C48C566BC19
:10492000B5773DBDB4AD123D5637813D3CED27BB5B
:104930000000000000000000000000001B6485BBB8
:10494000E3F7263D0000000000000000A66DA4BBB8
:10495000A37522BD00000000000000000000000060
:104960000000000054370ABB43EC223DE7EC07BDD2
:10497000000000000000000000000000D34EAD3C2D
:104980006A42DDBCF5B3753C12C7BBBC5545CDBB17
:10499000DADD6FBD00000000000000000000000034
:1049A0000000000000000000000000000000000007
:1049B00097E0DE3C0000000001670DBC0000000035
:1049C00000000000000000000000000000000000E7
:1049D0009E444ABD2A015E3B97C9753D7DEE313A42
:1049E00000000000C282F2BC0000000000000000D5
:1049F00000000000C6DD9B3C0BEEB6BBD72C383D5B
:104A0000000000000000000089264A3A47147CBDDF
:104A1000D0784F3DF38D25BC483C5F3C0000000042
:104A2000550B6B3DA54798BB56CEA13CCD9F12BD03
:104A3000209E63BD8D49FC3B00000000000000008B
:104A4000000000000000000040ECD3BC00000000AB
:104A500000000000E4984C3D000000000000000051
:104A60000000000000000000000000008300DD3CAA
:104A7000A94980BC00000000000000000000000008
:104A800000000000000000007FBA92BC77391EBD14
:104A9000A245283C9760BCBC00000000000000005C
:104AA0000000000000000000C1B98ABC0000000046
:104AB000000000001615893D0DA18E3B850934BC10
:104AC000A2E7243DD6A3443D195B9ABC2DE151BD1C
:104AD000AB602E3CAE8C803DD8FC8A3C4B364E3CC5
:104AE000772F48BDB494AABC7DCD203D00000000C6
:104AF00000000000000000000000000000000000B6
:104B00004744CCBC00000000000000000000000092
:104B100000000000000000007B7D5C3A325E7E3DBC
:104B2000C2D36A3D00000000000000000000000049
:104B300000000000069D883CB34D12BC20B2333DFE
:104B4000000000002F68463D00000000D00DE0BCD2
:104B50000000000000000000000000000000000055
:104B60006F7F30BC836E33BD0FA66A3DC882683C40
:104B70009927BC3CB022DFBC382E50BC0A5097BDF0
:104B8000FE2A86BC34258FBD37FCB3BC0A01CE3C5F
:104B90000000000000000000000000000000000015
:104BA000000000000000000000000000AD57CD3CF8
:104BB00000000000B3E2EFBB0000000000000000B6
:104BC00000000000509B6BBDB43A813BC7103EBD56
:104BD0006D85513B3A636E3DE23FCC3A00000000E8
:104BE000000000009D22473DEFA7053C00000000AB
:104BF0000000000000000000000000001F31453CE4
:104C0000089F4E3DCEE0033D93D48ABCC3BC3BBD60
:104C1000A435123CFA1F2CBD3DA5283D0000000024
:104C200080F9F03C000000000000000000000000DF
:104C3000B714E0BB1CF403BD00000000000000003E
:104C400000000000000000001ADFFCBA9BF9193DCB
:104C50000000000000000000000000000000000054
:104C60006FEBA33B9F5868BD4247D93C6E0E49BCD1
:104C7000E6E1433CA0F107BD4B3CC83C689D70BCDD
:104C80000000000000000000000000000000000024
:104C900000000000000000000000000060D415BD0E
:104CA00000000000550EDBBB00000000000000000B
:104CB000000000000D6B65BDB812503B3E0A15BCEC
:104CC000383FEF3CC88C683DE76C3B3B0000000080
:104CD0000000000024153E3D0A3FF63B00000000A6
:104CE000000000000000000000000000FB3F5F3DEE
:104CF0000C30843C5805F13C2FA882BC8BBFA7BB6D
:104D0000A59B62BD6BF422BDD64A1C3D000000008D
:104D10000000000000000000000000004E31CBBC8D
:104D20005C1912BD00000000000000006FBA76BAE6
:104D30000000000000000000F37C4D3D43EF4F3CBD
:104D40000000000000000000000000000000000063
:104D50001BAE40BD0000000000000000000000008D
:104D600034AD35BD2C6BAA3C035A82BA000000005A
:104D70002F6381BC0739923CE65325BD6116AC3CDC
:104D8000F3F5273D0B3997BC2879083CE3554A3D9C
:104D90000000000000000000000000000000000013
:104DA000000000006361C1BC0000000000000000C2
:104DB00081A88F3C0000000000000000C80E673D85
:104DC00080BA543B9A3062BDD033FABBCA002F3D43
:104DD000A2EC533B000000000000000000000000B7
:104DE0000000000000000000000000009697433D16
:104DF000BB5E493C53D6773C6DB7FBBC82EEF43CBE
:104E00009EBA97BCB8EC823C492003BD000000006C
:104E10000000000000000000000000000000000092
:104E200000000000CECA3CBC0000000000000000F2
:104E3000438C4ABD9F30613CB2D7323DC57A6F3B4F
:104E40000000000080B63B3D36E9AA3B70A847BD94
:104E50000000000000000000259BA73C2841F8BC92
:104E6000D3ED0FBD55518D3C000000000000000047
:104E70000000000000000000000000000000000032
:104E8000000000000B7CAF3C00000000832AC5BB83
:104E90000000000000000000000000000000000012
:104EA00000000000187E35BDB5F6643B38E9613D71
:104EB0002208313B00000000B5C6EABC000000003B
:104EC000DB43BE3C000000007741843C5D4A91BB5F
:104ED000F2D0213D00000000553F52BCDFE486BB0C
:104EE0001FAA6ABD4D97063C00000000A7CE233DD7
:104EF000BF30B6BBC0C765BD2FD722BC00000000C5
:104F000000000000000000000000000000000000A1
:104F10000000000000000000A11032BC00000000F2
:104F20000000000000000000C8C3723B0000000049
:104F300000000000000000005016683DDB1FB33B7E
:104F4000000000000D980E3C40C2DCBC00000000D8
:104F50005234DABB5F1C59BD0000000000000000A5
:104F600000000000647A1BBCA0E41D3C00000000AF
:104F70000000000071872BBB8BB3A33B0000000037
:104F80000000000000000000570EC8394ACA4F3D1B
:104F9000E7F968BD24722FBCBF06073C8BCA753D7C
:104FA0008F2EE1BB93D47DBD730A6A3D1390C4BBC1
:104FB00058601E3C191706BD0000000000000000EC
:104FC00000000000000000000000000000000000E1
:104FD000000000000CB628BC00000000000000002B
:104FE00000000000FB35663B0000000000000000F0
:104FF00000000000CB92603D4F17813B0000000095
:10500000EAB8773C7342D2BC000000006D71CFBBA0
:10501000355050BD000000000000000000000000FE
:10502000BF1D12BC37EB0C3C00000000000000006C
:105030006031DDBA26159B3B000000000000000037
:1050400000000000E49EBD39676D433DB3E080BDC4
:105050004A4CA6BB77EB743DE4718D3C1FA67DBD29
:10506000E58F12BC7D5A5D3D6BBCBABB34B40A3CC3
:10507000084B03BD0000000000000000000000001D
:10508000C0A8F13C0000000000000000ED3653BC59
:105090000000000000000000FA51373D75A4C1B9BE
:1050A000000000000000000000000000DB2860BDE0
:1050B000555775BA0B4424BD0000000000000000E5
:1050C0005863DE3CCBA798BC4A9AA3BC2DA85A3C97
:1050D000A4C10D3C733D0CBD000000004751BD3C18
:1050E00000000000000000000000000000000000C0
:1050F00000000000000000007306B5BC00000000C6
:1051000000000000F8A7CD3C0000000000000000F7
:1051100010C877BC00000000000000000000000084
:1051200000000000A7C875BDF352833BA331753D55
:105130002BFED73B21B8083D0FEFD5BC8F47D73AA0
:10514000F87367BD189686BB13A06D3D13CCA83CC1
:105150006BEB4FBC000000000000000000000000EE
:105160000000000059CB14BD171171BC00000000F5
:105170000000000000000000D3E5513C2757413DEE
:10518000000000000000000000000000000000001F
:10519000000000000000000000000000000000000F
:1051A0001B5E5DBDA50494B900000000AF33D1BC07
:1051B000DDDD723D8FE91DBBD1130C3D93D1BABC2F
:1051C000D52DEC3C437072BC61EA3DBD589F5E3CFE
:1051D000AF6B0E3BAEB53F3D000000002816E33C30
:1051E00000000000000000000000000000000000BF
:1051F00000000000000000000000000022AEF1BC32
:10520000000000001CCBC33C000000008047513C64
:10521000D6772FBDBA0361BB0BF5293D0000000016
:10522000000000000B7B0EBBD3587FBD329CFFBC3F
:10523000F1AA8C3CB19C363D7D437C3B00000000D4
:10524000000000000000000000000000000000005E
:10525000000000000000000000000000A34D85BC1D
:10526000FA970FBD0613373C0000000070CB12BD4B
:1052700000000000000000006F17F03B15535B3D7D
:1052800061F5803DEBB357B900000000000000005D
:1052900000000000000000008B73DBBC0000000079
:1052A000AF153CBD000000002C1921BC1ACA8BBDF3
:1052B000C90A0EBD00000000998D3C3CE7EF6A3D35
:1052C000B058E6BBFFC10B3D3BB21C3DA76209BC19
:1052D00000000000000000000000000000000000CE
:1052E00000000000000000000000000000000000BE
:1052F000000000000000000000000000A2AC3DBC67
:105300000000000000000000D29AC93C0B7611BDDD
:10531000E1D19A3C000000000000000053EF043D82
:105320009F7F813B8811553C00000000102B823B81
:105330009B8E4F3D00000000000000005B6C343C81
:1053400045C27C3D759E90BCD7630D3DE55A5ABD64
:10535000B5F9E6BB524A2F3DDDD3CDBC00000000BD
:1053600000000000C2B269BDA7AFEDBB5981ACBC63
:10537000505C013D00000000000000000000000043
:10538000000000000000000000000000B76FD43CE7
:10539000000000000000000017C7FC3BC1CC02BDAC
:1053A0000000000000000000B459A53C3A6E6FBC3C
:1053B000C1423B3C4F9B483D000000000000000004
:1053C000577DC4BC00000000AA5C783BC48446BD85
:1053D000000000000000000003A1343D597BB6BB73
:1053E000831521BC1A5E843CFE45CABB8B5227BD87
:1053F00000000000000000000000000000000000AD
:105400000000000015EE5DBC29061D3D00000000F7
:105410000000000002C56C3C00000000000000001D
:10542000000000000000000000000000000000007C
:10543000000000005116473DAA53DB3B000000006E
:105440000000000000000000CF9667BC00000000D4
:10545000000000000BE5BF3C576BCFBC0A8074BA5C
:10546000B5BE4BBD73276BBB6707073D0B18883C68
:10547000A38D12BD0B62B1BA43245A3DA0357EBC48
:105480005D1D6FBD25C98D3C116512BD000000007A
:1054900067EBD33C000000000780C3BC00000000A5
:1054A00000000000000000000000000000000000FC
:1054B000000000000000000007D92E3D8395183B36
:1054C00000000000E372E43C000000000000000067
:1054D000799C2A3D000000000B5C10B96F1D1EBDB9
:1054E000AC9A1D3C17D30ABD67C857BCB34E323DBA
:1054F0006743963C889801BD000000000000000052
:10550000000000000000000000000000000000009B
:105510000000000057A92E3D0000000064B61DBD2C
:10552000A57F6D3C000000000000000000000000AE
:10553000000000000B05AB3CF2B4B2BC0000000060
:105540007F8C60BD0000000000000000C0E606BDCA
:10555000B954B13C367F033C90A8643D0000000084
:105560000000000000000000C37D9B3C6062DFBCC7
:10557000EF4A4A3DC24EADBCB091AF3C8167313C71
:10558000CA0B5ABD75C9DA3B192E3FBD0000000099
:10559000000000000000000000000000000000000B
:1055A000000000000000000000000000C50F6ABC01
:1055B00055A7EFBC5A355F3C0000000053C408BD3E
:1055C00000000000000000000BA8003CC704583D8C
:1055D00012F9763D1EAB3F390000000000000000CC
:1055E0000000000000000000A22D52BC00000000DE
:1055F0000000000000000000CB2CEEBB990883BD2A
:10560000A5A7D23C000000006D7C3C3C1EEF483D4D
:10561000A768FEBC26F1B73C3B37ADB9B38C4BBD98
:10562000923FAE3C6A201CBD00000000000000005C
:10563000000000000000000000000000000000006A
:1056400000000000BD182BBC00000000000000009E
:1056500000000000B8FD2FBD3B1492BB000000000D
:1056600000000000236F4A3DF36CF93B000000008E
:1056700000000000CD03BEBC0000000000000000E0
:105680000000000000000000BBFF1DBC93D8A53A3D
:105690004D7748BD353CF9BCC5D3F63C0000000051
:1056A000B6448DBB9B3190BA0000000000000000A2
:1056B00000000000C78C2D3D725E533BA5CF433DDB
:1056C000A279563C00E065BDF0F7F6BBCB96383DBD
:1056D00001C0863B9CB2043CA0AEE7BC00000000C9
:1056E00000000000000000000000000000000000BA
:1056F000992A9DBC0000000000000000000000008E
:105700000000000000000000F4144A3D552C293B25
:1057100000000000B3DDE1BB1DB8503C85ABEBBC25
:10572000000000000000000000000000F280E23CE9
:10573000A3432C3CE0F33B3D6F472D3D551FA13B60
:10574000CD2C6D3C7C6017BD000000000000000007
:1057500088AEB9BCC6069A3CA4AE9CBA16A226BDB9
:105760000000000000000000000000000000000039
:105770000000000000000000000000000000000029
:10578000000000003E8FBF3C000000007EB82ABC35
:1057900000000000000000008E73AC3C7F1DC1BC07
:1057A000F78B213C00000000000000001FD0313CBE
:1057B00000000000375AC63B772F343D0000000040
:1057C00002E3473C2F482E3C0085653D212B83BCDE
:1057D000B7D6033D4FA742BCD38551BD00000000A2
:1057E00000000000E018D7BCE099933CDC8E46BD79
:1057F0002EA3B83B000000000000000000000000E5
:105800000000000000000000000000000000000098
:1058100083D81ABC00000000634D743C00000000F7
:10582000C3DE3ABD7E7C103C00000000000000009A
:105830008805E03BB7B0203DF1300ABC08F045BD1B
:105840000000000000000000F9E314BC00000000AC
:10585000B80EDC3C0000000000000000000000006A
:10586000000000001C7B2D3D68904DBBC23850BD30
:1058700069E3243C6BCD0CBDCC3342BBFB08313D0E
:105880009DA7B7BCCDD5F13C0000000017A7AF3CE9
:1058900000000000C33ACABC000000000000000085
:1058A00000000000000000000000000000000000F8
:1058B0002BA8BF3C467E1E3DE5350C3B000000009A
:1058C000025ADE3C00000000000000006B4B8CBB65
:1058D00038C7FFBC509FE4BA20CA05BDF7FC1D3D88
:1058E000016506BC00000000000000000000000090
:1058F0000000000000000000BA4353BC270E163D14
:105900000000000000000000000000000000000097
:10591000000000002F1C453D0000000000000000BA
:105920000000000052CA5B3C5592E0BB76000A3D85
:105930009D75DF3C839C06BD00000000C00CAEBC22
:105940000000000075426ABD000000009327813A04
:105950006FA32E3D4311043C27FC893CEC3DB2BCB7
:10596000B7066EBC15277CBD0000000000000000DB
:105970000000000000000000000000000000000027
:1059800000000000F30C02BDA78A173CC09ED7BBE5
:105990000000000000000000517D0E3DB32927BD2E
:1059A000E5FD0F3B07664A3D0284EE3B0000000028
:1059B00000000000000000000000000000000000E7
:1059C00000000000C4EA463C647D2E3DD330A03C7C
:1059D000D11CB8BCA2B0F2BC9500963CE7F941BB23
:1059E000CE2434BD000000000000000000000000D4
:1059F0008F1EFD3C89F117BB000000000000000075
:105A00005DFFD23B0000000000000000729BE23C02
:105A1000FFD51EBC0BE52BBD000000000000000000
:105A2000531D143D30B4DFBB000000000000000037
:105A3000008FB1BBABA2FF3C9B36D8BCA468873BB0
:105A40000000000000000000000000000000000056
:105A50000000000000000000000000004A43F8BC05
:105A6000891E103C3FD3683B359D303D000000004F
:105A70002FC3063D8FE323BDDBF2063B0000000091
:105A80000000000000000000000000000000000016
:105A900000000000BB0E263DD970313CBEC3943CD3
:105AA00045AFAABCEE96A13C080307BD2DB986BC44
:105AB000E51D133D00000000000000000000000094
:105AC00000000000000000000000000000000000D6
:105AD0000000000000000000C314B13C0000000002
:105AE000448921BD57C77DBB0000000000000000B5
:105AF0004797A6BC79180C3CF8BEF53900000000A9
:105B000089E42E3C000000000000000000000000BE
:105B1000461B3CBC00000000A8CE603B36E93D3D82
:105B2000C87837BC5F8247BD7120A8BBBCCE2BBDF7
:105B300000000000000000002BFD343DF68E91BBFC
:105B4000DB4C313D5B67A93BDAB2DBBCADCC073C3B
:105B5000000000008FAEA63C00000000A642C3BCBF
:105B60000000000000000000000000000000000035
:105B7000000000000000000000000000A45C203DC8
:105B80009243DEBA0000000048F2BF3C0000000073
:105B90000000000000000000000000007EA714BB11
:105BA000ADFEFFBC8219DF3BCFF03BBD1AD2F43C07
:105BB000E7F17BBC32882FBBC9C10A3D175507BD31
:105BC000C758103B0000000000000000000000006B
:105BD00000000000000000004A23653C00000000B7
:105BE0000000000000000000003A333D000000000B
:105BF0002A21A7B9010939BD0000000000000000FA
:105C000000000000E8C4843C27B505BD000000008A
:105C10000000000000000000F3F1353D755F023A1E
:105C2000927FF0BB7FB35ABD9272FB3C389D6CBC37
:105C3000200D3C3C32D5FEBCDD9C293DA31C2CBC78
:105C40000000000000000000000000000000000054
:105C5000000000006010E23C37979CBB0000000091
:105C60000000000000000000000000000000000034
:105C7000000000001FD1983C000000001EAB38BDA2
:105C8000000000000000000000000000CC73273C72
:105C90009316AEBC0154BE3B5721303D00000000BE
:105CA000D41D3C3C35277F3C8FC6E4BC000000007F
:105CB000E6CDBBBC784211BD2D45103A491D31BC23
:105CC00045C645BD3B5C0A3DD3E8EC3A0000000008
:105CD000C452953C000000000000000000000000DD
:105CE000DBB8BE3BBF0108BD0000000000000000A3
:105CF0000000000000000000BC4805BD00000000DE
:105D0000082665BB00000000FA22593C9225EEBC33
:105D1000000000000000000064ADAD3BCD26363D24
:105D2000EDA6C03C5FB5F1BCB46091BC1D349D3C98
:105D300000000000000000001E96A13C00000000D2
:105D40000000000004DF813C0000000000000000B3
:105D50000000000021578ABBC27150BD036EDCBC3D
:105D60000000000000000000000000000000000033
:105D700000000000000000009DF8E43B4281F83C78
:105D800000000000F35CD53CC0A9E6BC7EC23E3DED
:105D9000ADA31ABCCA1E52BD18BA23BCC3BD923CE7
:105DA0005BEEB2BC0000000000000000000000003C
:105DB00000000000000000000000000000000000E3
:105DC00064662FBC00000000DB70AF3BF8691DBDAE
:105DD000E87BD9BC000000000000000000000000CB
:105DE0000000000076B3AD3A0000000000000000A3
:105DF00073EA153D00000000AA5ED4BB92F95CBDB9
:105E00006FBE333D9905483C0000000000000000D3
:105E100000000000A4EA82BBE2490CBDE9F0403C6E
:105E2000E73DE93C1BED98BBC823FFBC4BA2463BBA
:105E30003B03403C3FAF2F3D00000000E4679E3C29
:105E4000000000000000000000000000CC5009BD70
:105E500044A6AC3B6570F3BC0000000000000000ED
:105E600000000000180A71BC0000000000000000E3
:105E7000000000008FC661BCC817AA3CDCC0AA3C69
:105E8000ABD0D5BC36F52FBDDF44C53B00000000CC
:105E900000000000490B933C0000000000000000DF
:105EA00000000000000000000000000000000000F2
:105EB0006FA885BCE825DF3C00000000EF40B13B47
:105EC000132204BD000000003B44013D7B8F3737A7
:105ED0000813703B000000000000000000000000FC
:105EE000EB1268BD3DBA0BBCC2E719BC39FA113DD3
:105EF0001F1BAABC2FFA883C000000000000000015
:105F00000000000000000000000000000000000091
:105F100000000000000000003D0826BC419A363C0D
:105F2000F37E09BD00000000000000000E91973CC8
:105F30000000000083EB2A3DCCDF853B8325F4B9CC
:105F4000D3831FBD0000000000000000000000001F
:105F5000C8AF063CD9D4033CC39E243D00000000DA
:105F6000574408BD000000001C88833B4188C93CA1
:105F70004F5622BCA3FC01BCC70277BD0000000045
:105F800043F1993C0000000057B7C3BC000000007B
:105F90000000000000000000000000000000000001
:105FA00000000000FE140D3D000000000000000095
:105FB0003551623C00000000DD76C7BC6F289C3C78
:105FC000E762E93C2DF776BA1DF735BD53B7F43BD0
:105FD0002C9A06BBDB8644BD0000000000000000D8
:105FE000000000000000000000000000B36016BDCB
:105FF00038F6433C0000000000000000FF52823BE6
:106000008EAB0D3D0000000000000000000000000D
:10601000000000000000000000000000327A1E3C7A
:10602000ABBBDBBC0000000000000000CD7873BCFF
:10603000000000002FE3313DD0B0BA3A47B68FBC24
:1060400028ACBC3CC01A9FB90EDB30BD8311B2BC7A
:1060500007BEE33C03F5983BA67D083D0000000029
:1060600000000000F9D58D3C000000000000000099
:1060700000000000CF7B423C000000000000000058
:10608000C35B133C000000000000000000000000A3
:106090007A68703C6F6533BD0000000000000000AE
:1060A000AC07863C0000000000000000000000007B
:1060B000749C14BCDF404EBD9DE77D3CEA5894BC07
:1060C00097861B3CFFA307BDA751233D4B58AB3917
:1060D0005B99EEBCBF00863C0000000000000000A1
:1060E00000000000000000003F4B023D00000000E7
:1060F00000000000000000000000000007079FBC37
:1061000000000000933F9F3B0000000000000000E3
:1061100000000000DDF073BBD37E1A3D852FA8BBC5
:10612000067D053D79C3B2BB6D064DBDDB3AA93B8B
:10613000C0003FBD000000000000000000C595BA8F
:1061400025D5DF3C9F21663CDB6641BD0000000099
:10615000000000000000000000000000000000003F
:10616000000000000000000000000000000000002F
:106170000000000009FEA0BCAABD053C0000000014
:106180004A91193DF89D57BC0000000068F44FBCCF
:1061900000000000000000005BDF563D21C4393CD8
:1061A000312637BCAA7C3FBD23AFC03A52271B3DE6
:1061B0000000000000000000404AF63B0000000024
:1061C000E2229AB8DFFD0C3D0871613CE75423BD23
:1061D000F59351BDAF8000BC00000000000000003E
:1061E00000000000000000000000000079A62EBCA6
:1061F00000A4F93C000000000000000000000000C6
:106200006153873C00000000CED403BC00000000B6
:1062100000000000000000000000000077B83B3DD7
:10622000DF506F3B578DABBB6380293D0000000002
:10623000000000001BDC9E3C6727BFBC9FDA5DBCF2
:1062400003894DBDE0CB8EBC6798BD3C657757BBDD
:1062500055704CBD00000000000000000000000070
:10626000000000000000000000000000000000002E
:106270007594CFBC4FF2043CE27382BB0000000077
:10628000000000000000000000000000F0869E3CBE
:1062900042731F3C5C823A3D000000003922C0BCC2
:1062A00013FE10BDB31D7D3C0000000095D0F03BF7
:1062B00000000000E26A6ABB4360A5BA000000006B
:1062C000A810143D1BC38FB8CA225ABDCDDEEBBB4C
:1062D000000000008084893C0000000000000000F5
:1062E0004F3A883C00000000000000000000000061
:1062F0000000000000000000000000008D933BBC87
:10630000D5BC3CBD00000000000000002D00413C59
:10631000FCFD0FBDBC2DA6BC000000007D6E643BE3
:10632000503E36BDEA00023D9B1230BCA70BF83C44
:1063300059F480BC000000000000000000000000D4
:106340000000000000000000B5AEBA3C39813EBB41
:10635000000000000000000084B227BDC094F93B9B
:1063600000000000CFA8003D05A7143B30B61DBDBE
:106370000000000000000000C906B43C8B3774BB6D
:10638000B75719BD4F1C72BA000000000000000092
:10639000000000000000000000000000CBD730BC6F
:1063A0000AF4F03CB2190ABDA3C4A63A00000000EA
:1063B0000000000000000000AA6B9EBB000000006F
:1063C00000000000B5F61B3D925BCD3B00000000D5
:1063D0000000000000000000000000004813953C91
:1063E000B59514BDB73C5A3B6A2C123D2965CB3C90
:1063F0009BE884BC0A54943BB2AC18BD000000007A
:10640000000000000000000000000000000000008C
:1064100000000000000000001FAE193D5ED6B3BAB8
:10642000FA3FD6BCBBB72A3C0000000000000000C9
:1064300000000000CDCB973C00000000A2EF79BC2B
:10644000E0E6843CEE290ABD00000000F2D6CC3B19
:106450000000000000E21ABC9CDB05BA000000004E
:1064600045D80C3DEFCBC338271D52BDC596F0BBB8
:1064700000000000000000007E12833C00000000CD
:10648000000000000000000000000000000000000C
:1064900000000000900778BCD36DC53C00000000F0
:1064A000D0A1963B000000000000000000000000AA
:1064B0000000000002069DBAB6592DBD578BE03989
:1064C00000000000914F823CBF8FDFBC19C01D3D12
:1064D000FB2938BC0000000000000000D7D7223D97
:1064E0007BB21B3CDF9A06BC2015AD3CD74D30BDBE
:1064F000CE303A3B00000000052C7E3C000000003E
:10650000C3EEC0BC00000000A3D6B2BC0000000077
:10651000000000000000000000000000000000007B
:1065200000000000000000008A9DCA3CA22EFDBBB6
:106530004B4DA13BC35723BDCBAAD53B4EAB0CBDA6
:106540004EFD9F3C52D4D0BB000000000000000074
:10655000000000000000000000000000000000003B
:10656000000000009D09D5BC280EC23BF24B71BB58
:106570000000000007BFA23B000000000000000078
:1065800000000000F140283C76AE2E3D7785CDBB63
:10659000772821BDCB9662BACBDCEFBC00000000AF
:1065A000000000005906C0BB000000000000000011
:1065B00000000000AB0EF33B73FD243D9A37CE3C48
:1065C00003EF39BC0CCB16BB780825BD00000000DA
:1065D000C234823C00000000000000000000000007
:1065E00000000000000000000000000000000000AB
:1065F000A0EC0C3D00000000BDDC233C8F950DBDE0
:10660000000000000734053C00000000000000000E
:106610006C97A4BC0542A23C5F5A3ABD3B1A63B9D1
:1066200000000000000000006D2D0DBD0000000006
:1066300042218C3C9152A1BCDAFE163DF5EC723B36
:1066400007AAC73C13A29BBC00000000000000008A
:10665000000000000000000000000000000000003A
:10666000000000000000000000000000000000002A
:10667000B67E96BC00000000AD7E4E3B2C3E083D31
:10668000DA69D3BB30D0883C000000000000000075
:1066900000000000C349483D52D0173CB2C3643AE1
:1066A0006F6F66BD0000000000000000FD3A183D5D
:1066B000B681203CAB7ACEBCD077623C253A53BD44
:1066C000A293133C292DB53C5D387FBC000000002F
:1066D00000000000000000000000000000000000BA
:1066E000000000000000000017E233BAC08F113D27
:1066F00000000000000000007E450FBD40B988BBCF
:10670000000000000000000000000000B5261C3C56
:1067100041D547BC804EDE3C000000000000000078
:1067200000000000638804BC77B387BB778112BD8B
:106730006B0519BD3BF1C2BB805DD23CE9722FBC39
:106740005CD61A3DC512423B00000000000000006C
:106750000000000000000000BF58F43C00000000F2
:1067600000000000000000002337A63C00000000ED
:1067700047B404BDCF8AD83CAF3822BC8365DEBCA9
:106780000000000086E3CABC26B3A53C0000000060
:1067900000000000D76EF0BA3AE5D13C32A5473C84
:1067A000C26E34BD000000000000000000000000C8
:1067B0000000000000000000342B29BC57BDE73C5E
:1067C000C783F93C0000000000000000000000004A
:1067D000D2F9713CBB38B1BC0000000000000000E1
:1067E00000000000000000000000000000000000A9
:1067F0000FE5493BBF16023D07B7ADBC7615B23C6D
:10680000000000002F06B83962D2B73A6B4D2BBD9D
:106810005751013D50F6B0BBD51E67BC560745BD6C
:106820000000000000000000000000000000000068
:1068300000000000886C02BDDA891A3C00000000EC
:10684000000000000FABFC3CFDE6DB3B3A7064BC93
:106850000000000000000000000000000000000038
:10686000A51DD3BB00000000000000003DB644BCE5
:1068700072B5BD3CCF533C3D87B20D3C1B271A3B44
:106880009ADE19BD1EC2A0BC5363C63C00000000C6
:1068900000000000000000000000000000000000F8
:1068A0000000000093DDC5BCCD19C1BCA8ADF03B14
:1068B0003C958FBA6DD90C3D00000000B39BD13CD4
:1068C00000000000000000000C54043D0000000027
:1068D0000000000000000000C753973C8FBB93BC32
:1068E00023E8AEBBCE2A29BDCBB69CBC8B87A03C8F
:1068F0000000000000000000000000009846FFBCFF
:1069000000000000713F053D0000000008BDA6BC6E
:1069100000000000057A33BD000000000000000008
:10692000DD5890BCF24E9DBCC8A7753C000000002D
:10693000EF19303DB794023DA37DD6BA00000000A8
:106940000000000000000000000000000000000047
:10695000314F12BD000000000000000000000000E8
:10696000ABD98D3C00000000539CC63CA7DA23BC89
:106970000000000000000000CF2975BB00000000EF
:1069800005E315BBC0062EBD6304D73994B7033D9C
:10699000ED5B963C0000000097B74A3CF3F12F3DB9
:1069A000DB67D83B071EDCBC0000000000000000D5
:1069B00000000000000000000000000000000000D7
:1069C0000000000000000000BBA0063DE77405BD0C
:1069D00000000000B86D88BC00000000B31C6F3BD5
:1069E000516909BD00000000000000000000000027
:1069F000DA4398BC29D1013D38CBFABA0000000037
:106A000060626ABC00000000537F12BDF61BCB3AE7
:106A1000B29DF23C36073A3B51802C3D4267A5BB04
:106A200049EFC13C00000000000000000000000031
:106A3000000000000000000000000000DA9903BD23
:106A40002D3315BD00000000EFEBE83C0000000016
:106A5000CA7E4FBCD866BC3CA87176BC0000000062
:106A6000000000007FB13FBD000000000D771FBC9B
:106A7000F72AC8BCCA414B3C88B21BBB27120A3D4F
:106A80000000000000000000000000000000000006
:106A90000000000000000000000000007097253C8E
:106AA0003F7FCCBCF4B9A4BA05951F3D000000009F
:106AB000DB72783C000000000C8CCCBC370EB03B85
:106AC000000000000000000000000000FF8A37BD49
:106AD00000000000E9449EBB00000000A73AF03B24
:106AE000C0A3CBBC7F5D423C8FC6D1BCC28F813B73
:106AF00056C91A3D00000000000000000000000020
:106B0000000000009220B53C1793FABC7059063C77
:106B10000000000000000000000000002E7B0CBC04
:106B2000000000000000000000000000B980273ACB
:106B30000000000000000000212C1CBCCF88B03CED
:106B4000A9DE143D73A9A63BD68309BA33161CBD32
:106B50003CF3C13C6D6888BC0000000000000000F0
:106B6000000000000000000000000000311505BD1D
:106B7000000000000000000000000000BB7D6D3C34
:106B80000000000069C222BCEBA2C13C87D80FBB49
:106B9000000000008D69B0BC000000001D9767BBBD
:106BA00067FA1ABDE614163C4F181D3D00000000A0
:106BB00000000000DD0EA6BB2AA9E13C62CDE9BCC5
:106BC0001F6D0C3C000000000000000000000000F1
:106BD000000000000000000000000000C3D3613C82
:106BE000000000000000000000000000D72070BC82
:106BF000589F16BDD6FA943A6518DB3C131AD4BBDD
:106C00000000000000000000AB793B3DA8C9E83B54
:106C100000000000000000000B2E593A00000000A8
:106C2000A38AD73C3AB97DBA0F69593CA3A51FBDC9
:106C3000A3C93EBD47061FBC0000000000000000C5
:106C40000000000000000000000000000000000044
:106C5000000000007337113C4B84BFBC0C2204BA07
:106C6000AC40163D000000000000000013AD18BC51
:106C700067B3F63C00000000237621BD0000000051
:106C80000000000000000000B9E9803C61B701BDD0
:106C9000000000005D57B9BCABC7213D376D9A3A83
:106CA00026720ABDBD942DBCE894CD3C00000000C6
:106CB0000000000000000000000000007A15AA3C5F
:106CC000BF05053C8B17E7BC00000000000000007A
:106CD000DD1A34BC000000000000000000000000CD
:106CE00000000000770DD9BB00000000000000008C
:106CF000A72B09BCE0DEB33C14962A3D28DCCD3B33
:106D0000898B223BA5980CBD678B8BBCD9ADAF3C62
:106D10000000000000000000000000000000000073
:106D20000000000000000000000000008907AEBC69
:106D30004FA7BD3B2321063DCEEE1CB9000000004D
:106D400000000000000000006F8B4F3C0053023D2C
:106D500000000000E8D301BDEFB8713CC31B00B9CF
:106D6000000000000000000000000000DA5205BC36
:106D7000840B46BDA1180D3C9E6C11BDC89FD23C32
:106D8000182BF13A00000000B0777A3C00000000B8
:106D9000579CABBC00000000000000000000000099
:106DA000B50CEF3C3569B9BB0000000000000000E5
:106DB000000000000000000000000000B562A2BC5E
:106DC0008FD8493C79921CBDE7DC0A3DB2F037BC54
:106DD000B5E3923BB8250D3D000000000000000027
:106DE00000000000000000002A7B26BC000000001C
:106DF0000000000083140C3DCB47EEBAC3693E3B54
:106E000000000000780492BC0000000073DEDABBD2
:106E1000478A0EBD000000000000000000000000D6
:106E2000000000003B216F3C0000000051AF8D3C92
:106E3000D32F22BCAA84233DB515CE3B73A123BD1D
:106E400076693C3B00000000000000003DA1773C5B
:106E500000000000000000000000000003EC2F3CD8
:106E600000000000E0AE5CBCB70DC03B00000000BD
:106E7000000000000000000024DB953B0000000043
:106E80002DC5613C00000000000000000000000073
:106E90009FA73CBD15089ABBE3C16D3B25C9F6BC55
:106EA0004D4E143D6ED1813B3A37ABBCE0FB513CBB
:106EB00000000000000000000000000000000000D2
:106EC0000000000000000000000000000BEFA2BC6A
:106ED000FF52AA3BF4D6013D0BB8D0B84BFDDB3BCB
:106EE000000000000000000000000000D823CEBA1F
:106EF000284D10BD00000000A51ABFBC682AD4BCF4
:106F000000000000000000006F0FDFBBF2907DBCAE
:106F100092D0B23C90D7D6BA46950D3D0000000005
:106F20000000000000000000000000000000000061
:106F3000C359DBBCE25B053C7413983C00000000C5
:106F40005FD0DCBB0000000000000000000000007B
:106F500097EB0C3DB5B8013C9D75D53CBD6EEDBBC6
:106F6000000000000000000011102EBC1FE2A03C39
:106F7000815621BDE0A30F3C00000000000000008E
:106F80000000000000000000000000000000000001
:106F900000000000CF96403CF2B686BC88EEEABA0C
:106FA00003C4123D0000000000000000955380BCA7
:106FB000000000005FB36D3B000000000000000017
:106FC0006B92B9BC8485CC3BFDC6023DED4DCEBB7A
:106FD00005C32FBDB7237ABC00000000121FFE3C82
:106FE0000D7FC2BB020004000600FFFF08000A007C
:106FF0000C000E00FFFF1000120014001600FFFF2F
:1070000018001A00FFFF1C001E00200022002400B0
:10701000FFFFFFFF260028002A00FFFFFFFFFFFF02
:10702000FFFFFFFF2C002E003000FFFFFFFFFFFFE0
:10703000FFFFFFFFFFFFFFFFFFFFFFFFFFFFFFFF60
:10704000FFFFFFFFFFFF33003500370039003B0033
:107050003D003F0041004300FFFF4500470049005D
:107060004B004D00FFFFFFFF4F005100FFFFFFFFF0
:107070005300550057005900FFFFFFFFFFFFFFFFC0
:107080005B00FFFF5D00FFFF5F006100FFFFFFFF90
:107090006300650067006900FFFFFFFFFFFFFFFF60
:1070A000FFFFFFFFFFFFFFFFFFFFFFFFFFFFFFFFF0
:1070B000FFFFFFFFFFFFFFFF6C006E00700072001C
:1070C000740076007800FFFF7A007C007E0080006C
:1070D00082008400860088008A00FFFFFFFF8C008A
:1070E000FFFF8E00FFFFFFFF9000FFFFFFFFFFFF8E
:1070F000FFFFFFFF9200940096009800FFFF9A00A8
:107100009C009E00A000FFFFFFFFFFFFFFFFFFFFAF
:10711000FFFFFFFFFFFFFFFFFFFFFFFFFFFFFFFF7F
:10712000FFFFFFFFFFFFA300A500A700A900AB0022
:10713000AD00AF00B100B300B500B700B900BB00AF
:10714000BD00BF00C100FFFFC300C500FFFFFFFF80
:10715000C700C900FFFFCB00CD00CF00FFFFD1006B
:10716000D300FFFFFFFFFFFFD500FFFFFFFFFFFF83
:10717000FFFFD700FFFFD900FFFFFFFFFFFFFFFF6B
:10718000DB00FFFFDD00DF00FFFFE100FFFFFFFF8F
:10719000FFFFFFFFFFFFFFFFFFFFFFFFFFFFFFFFFF
:1071A000FFFFFFFFFFFFFFFFE400E600E800EA004B
:1071B000EC00EE00F000F200F400F600F800FA0037
:1071C000FC00FE00FFFFFFFFFFFFFFFFFFFFFFFFD1
:1071D000000102010401FFFFFFFFFFFF060108019C
:1071E000FFFF0A01FFFF0C010E011001FFFF12015A
:1071F000FFFF14011601FFFFFFFFFFFFFFFFFFFF6F
:10720000FFFFFFFFFFFFFFFFFFFFFFFFFFFFFFFF8E
:10721000FFFF19011B011D011F0121012301250190
:107220002701FFFF29012B012D012F01310133011E
:10723000FFFF3501370139013B013D013F014101AC
:10724000FFFF430145014701FFFF4901FFFFFFFF2A
:10725000FFFF4B014D014F015101530155015701F2
:10726000FFFF5901FFFFFFFFFFFFFFFF5B01FFFF74
:10727000FFFFFFFF5D015F01FFFFFFFFFFFFFFFF5C
:10728000FFFFFFFFFFFFFFFFFFFFFFFFFFFFFFFF0E
:10729000FFFFFFFFFFFFFFFFFFFFFFFFFFFFFFFFFE
:1072A000FFFFFFFF62016401660168016A016C0172
:1072B0006E017001FFFF72017401FFFF760178011A
:1072C0007A01FFFF7C017E0180018201FFFF8401C2
:1072D000860188018A018C01FFFF8E01FFFF90016A
:1072E00092019401960198019A019C019E01A001CE
:1072F000A201A401A601A801FFFFAA01AC01FFFFA2
:10730000FFFFFFFFFFFFFFFFFFFFFFFFFFFFFFFF8D
:10731000FFFFFFFFFFFFFFFFFFFFFFFFFFFFFFFF7D
:10732000FFFFFFFFFFFFFFFFFFFFFFFFFFFFFFFF6D
:10733000FFFFFFFFFFFFFFFFFFFFFFFFFFFFAF01AB
:10734000B101B301B501B701B901BB01BD01FFFF37
:10735000BF01C101C301C501C701C901FFFFCB01C5
:10736000CD01CF01D101D301D501D701FFFFD90153
:10737000DB01DD01DF01E101E301FFFFE501E701E1
:10738000E901EB01FFFFED01EF01F101FFFFF30167
:10739000FFFFFFFFFFFFF501FFFFF701F901FFFF0F
:1073A000FB01FD01FFFFFFFFFFFFFFFFFFFFFFFFEF
:1073B000FFFFFFFFFFFFFFFFFFFFFFFFFFFFFFFFDD
:1073C000FFFFFFFFFFFFFFFFFFFFFFFFFFFFFFFFCD
:1073D000FFFFFFFFFFFFFFFFFFFFFFFFFFFFFFFFBD
:1073E000000202020402060208020A020C020E0255
:1073F000FFFF10021202FFFF140216021802FFFF25
:107400001A021C021E0220022202FFFFFFFF2402BA
:1074100026022802FFFFFFFFFFFF2A022C02FFFFC8
:107420002E02FFFF30023202340236023802FFFF22
:107430003A02FFFFFFFFFFFFFFFFFFFFFFFFFFFF1E
:10744000FFFFFFFFFFFFFFFFFFFFFFFFFFFFFFFF4C
:10745000FFFFFFFFFFFFFFFFFFFF3D023F02410273
:107460004302450247024902FFFF4B024D024F0211
:1074700051025302550257025902FFFF5B025D029F
:107480005F026102FFFF63026502670269026B022D
:107490006D026F02FFFFFFFF710273027502770238
:1074A00079027B02FFFF7D027F02FFFFFFFF810267
:1074B00083028502870289028B02FFFFFFFF8D0294
:1074C000FFFFFFFFFFFFFFFFFFFFFFFFFFFFFFFFCC
:1074D000FFFFFFFFFFFFFFFFFFFFFFFFFFFFFFFFBC
:1074E000FFFFFFFFFFFFFFFFFFFFFFFFFFFFFFFFAC
:1074F000FFFFFFFFFFFFFFFFFFFFFFFFFFFFFFFF9C
:10750000900292029402960298029A029C02FFFF55
:107510009E02A002A202FFFFA402A602A802AA02E3
:10752000FFFFAC02FFFFAE02B002FFFFFFFFB2029F
:10753000B402FFFFB602B802BA02BC02BE02FFFFED
:10754000FFFFC002FFFFC202C402FFFFC602FFFF2F
:10755000FFFFFFFFFFFFFFFFFFFFFFFFFFFFFFFF3B
:10756000FFFFFFFFFFFFFFFFFFFFFFFFFFFFFFFF2B
:10757000FFFFC902CB02CD02CF02D102D302D50256
:10758000FFFFD702D902FFFFDB02DD02DF02E102CB
:10759000E302FFFFE502E702E902EB02ED02EF0280
:1075A000F102F302F502F702FFFFFFFFF902FFFF0E
:1075B000FB02FD02FFFFFFFFFF02FFFFFFFF0103D2
:1075C00003030503FFFF070309030B030D03FFFF7D
:1075D000FFFFFFFFFFFFFFFFFFFFFFFFFFFFFFFFBB
:1075E000FFFFFFFFFFFFFFFFFFFFFFFFFFFFFFFFAB
:1075F000FFFFFFFFFFFFFFFFFFFFFFFFFFFFFFFF9B
:10760000100312031403160318031A031C031E03AA
:10761000200322032403260328032A032C03FFFF4D
:10762000FFFF2E033003FFFF3203FFFF3403360357
:1076300038033A033C033E03400342034403FFFF85
:10764000FFFF46034803FFFFFFFFFFFFFFFFFFFFB2
:10765000FFFFFFFFFFFFFFFF4A034C034E03FFFF47
:107660005003FFFFFFFF5203FFFF54035603FFFFCA
:10767000FFFFFFFFFFFFFFFFFFFFFFFFFFFFFFFF1A
:10768000FFFFFFFFFFFFFFFFFFFFFFFFFFFFFFFF0A
:10769000FFFF59035B035D035F036103630365033E
:1076A00067036903FFFFFFFF6B036D036F03FFFFBA
:1076B00071037303750377037903FFFF7B037D0376
:1076C000FFFF7F03810383038503FFFF8703890394
:1076D0008B038D03FFFFFFFFFFFFFFFFFFFF8F0304
:1076E00091039303FFFFFFFFFFFFFFFFFFFFFFFF7C
:1076F000FFFFFFFFFFFFFFFFFFFFFFFFFFFFFFFF9A
:10770000FFFFFFFFFFFFFFFFFFFFFFFF9603980351
:107710009A039C039E03A003A203A403A603FFFFF6
:10772000FFFFA803AA03AC03FFFFAE03B003B2033D
:10773000B403FFFFB603B803BA03FFFFBC03BE03E5
:10774000C003C203FFFFC403C603C803CA03FFFF8D
:10775000FFFFFFFFFFFFFFFFFFFFCC03CE03FFFF95
:10776000FFFFFFFFFFFFFFFFFFFFFFFFFFFFFFFF29
:10777000FFFFFFFFFFFFFFFFFFFFFFFFFFFFFFFF19
:10778000FFFFD103D303D503D703D903DB03DD0305
:10779000DF03E103FFFFFFFFE303E503E703E90383
:1077A000EB03ED03FFFFFFFFEF03F103F303F5032B
:1077B000F703F903FB03FD03FF03010403040504BE
:1077C000070409040B040D040F0411041304FFFF44
:1077D000FFFFFFFFFFFFFFFF1504FFFFFFFFFFFF9E
:1077E000FFFFFFFFFFFFFFFFFFFFFFFFFFFFFFFFA9
:1077F000FFFFFFFFFFFFFFFFFFFFFFFFFFFFFFFF99
:10780000FFFFFFFFFFFFFFFFFFFFFFFFFFFFFFFF88
:1078100018041A041C041E04200422042404260450
:10782000FFFF28042A042C042E043004FFFFFFFF6E
:1078300032043404360438043A043C04FFFF3E04A6
:10784000400442044404FFFF460448044A044C0434
:107850004E04FFFFFFFF50045204FFFFFFFFFFFF36
:10786000FFFFFFFF5404560458045A04FFFFFFFFB4
:10787000FFFFFFFFFFFFFFFFFFFFFFFFFFFFFFFF18
:10788000FFFFFFFFFFFFFFFFFFFFFFFFFFFFFFFF08
:10789000FFFFFFFFFFFFFFFFFFFF5D045F046104C9
:1078A00063046504670469046B046D046F04710468
:1078B0007304750477047904FFFFFFFF7B047D04E4
:1078C000FFFFFFFFFFFF7F04810483048504FFFFA8
:1078D00087048904FFFF8B048D04FFFF8F0491044C
:1078E000FFFFFFFF9304FFFFFFFF9504FFFFFFFF74
:1078F000FFFFFFFFFFFFFFFFFFFFFFFFFFFFFFFF98
:10790000FFFFFFFFFFFFFFFFFFFFFFFFFFFFFFFF87
:1079100098049A049C049E04A004A204A404A6044F
:10792000A804FFFFFFFFAA04AC04FFFFAE04B004ED
:10793000B204FFFFFFFFB404B604B804BA04BC04E9
:10794000BE04C004FFFFC204C404C604C804CA04C1
:10795000CC04CE04D004D204D404D604FFFFFFFF2D
:10796000FFFFFFFFFFFFFFFFFFFFFFFFFFFFFFFF27
:10797000FFFFFFFFFFFFFFFFFFFFFFFFFFFFFFFF17
:10798000FFFFFFFFFFFFFFFFFFFFFFFFFFFFFFFF07
:10799000FFFFD904DB04DD04DF04E104E304E504B4
:1079A000E704E904EB04ED04EF04F104F304F50447
:1079B000FFFFFFFFF704F904FFFFFB04FFFFFD04D7
:1079C000FF040105FFFF030505050705FFFF090586
:1079D0000B050D05FFFFFFFFFFFFFFFFFFFFFFFF91
:1079E0000F05FFFFFFFF1105FFFFFFFFFFFFFFFF79
:1079F000FFFF1305FFFFFFFFFFFFFFFFFFFFFFFF7D
:107A0000FFFFFFFFFFFFFFFFFFFFFFFF160518054A
:107A10001A051C051E052005220524052605280536
:107A20002A05FFFF2C052E053005FFFFFFFF32055D
:107A30003405360538053A053C05FFFFFFFF3E05D6
:107A40004005420544054605FFFFFFFFFFFF4805CF
:107A50004A054C054E055005FFFF52055405FFFF32
:107A6000FFFF560558055A055C055E056005FFFFDA
:107A7000FFFFFFFFFFFFFFFFFFFFFFFFFFFFFFFF16
:107A8000FFFFFFFFFFFFFFFFFFFFFFFFFFFFFFFF06
:107A9000FFFFFFFFFFFFFFFFFFFFFFFFFFFFFFFFF6
:107AA000FFFFFFFFFFFF63056505670569056B05C0
:107AB0006D05FFFF6F057105730575057705790580
:107AC0007B057D057F058105FFFF8305FFFF85059C
:107AD000FFFF87058905FFFFFFFFFFFFFFFFFFFF98
:107AE0008B058D058F0591059305FFFFFFFFFFFFB8
:107AF0009505FFFF97059905FFFFFFFFFFFFFFFFBC
:107B0000FFFFFFFFFFFFFFFFFFFFFFFFFFFFFFFF85
:107B1000FFFFFFFFFFFFFFFF9C059E05A005A205DD
:107B2000A405A605A805AA05AC05FFFFAE05B0058E
:107B3000B205B405B605B805BA05FFFFFFFFBC05E1
:107B4000FFFFFFFFFFFFBE05C005FFFFFFFFC205F0
:107B5000FFFFFFFFFFFFC405C605FFFFFFFFFFFF9D
:107B6000FFFFC805FFFFFFFFFFFFFFFFFFFFFFFF56
:107B7000FFFFFFFFFFFFCB05CD05CF05D105D305E7
:107B8000D505D705D905DB05FFFFFFFFDD05DF05BF
:107B9000E105E305E505E705E905EB05ED05EF057D
:107BA000FFFFF105F305F505F705F905FB05FFFFF7
:107BB000FD05FF05010603060506FFFFFFFFFFFFAA
:107BC000FFFFFFFF070609060B060D060F06FFFF66
:107BD0001106FFFF13061506FFFFFFFFFFFFFFFF64
:107BE000FFFFFFFFFFFFFFFFFFFFFFFFFFFFFFFFA5
:107BF000FFFFFFFFFFFFFFFFFFFFFFFFFFFFFFFF95
:107C0000FFFFFFFFFFFFFFFFFFFFFFFFFFFFFFFF84
:107C100018061A061C061E06FFFF2006220624066A
:107C2000260628062A062C062E06FFFFFFFFFFFF6A
:107C3000FFFFFFFF300632063406FFFF3606FFFF68
:107C400038063A063C063E0640064206440646060C
:107C5000FFFF4806FFFFFFFFFFFFFFFFFFFFFFFFE4
:107C6000FFFFFFFFFFFFFFFFFFFFFFFFFFFFFFFF24
:107C7000FFFFFFFFFFFF4B064D064F065106530661
:107C80005506570659065B065D06FFFFFFFFFFFF1F
:107C90005F066106630665066706FFFFFFFFFFFFDD
:107CA0006906FFFFFFFFFFFF6B066D066F0671069B
:107CB000FFFF7306FFFF7506FFFFFFFFFFFFFFFFDC
:107CC000FFFFFFFFFFFFFFFFFFFFFFFFFFFFFFFFC4
:107CD00078067A067C067E06FFFF8006820684060A
:107CE000FFFF860688068A068C06FFFFFFFFFFFF60
:107CF0008E06900692069406FFFFFFFF96069806F2
:107D00009A069C069E06A006A206A406A606FFFFEB
:107D1000A806FFFFFFFFFFFFFFFFFFFFFFFFFFFFC3
:107D2000FFFFFFFFFFFFFFFFFFFFFFFFFFFFFFFF63
:107D3000FFFFFFFFFFFFAB06AD06AF06FFFFFFFF34
:107D4000B106B306B506B706B906BB06FFFFBD060A
:107D5000BF06C106FFFFC306C506C706C906CB0698
:107D6000CD06CF06D106D306D506FFFFFFFFD70607
:107D7000FFFFFFFFFFFFFFFFFFFFFFFFFFFFFFFF13
:107D8000FFFFFFFFFFFFFFFFFFFFFFFFFFFFFFFF03
:107D9000FFFFFFFFDA06DC06DE06FFFFE006E20675
:107DA000E406E606E806EA06FFFFEC06EE06FFFF3D
:107DB000FFFFFFFFFFFFF006F206F406FFFFF606E7
:107DC000F806FFFFFFFFFFFFFFFFFFFFFFFFFA06C1
:107DD000FC06FE060007FFFFFFFFFFFFFFFFFFFFA0
:107DE000FFFFFFFFFFFF03070507070709070B0753
:107DF0000D070F0711071307FFFFFFFF15071707F1
:107E000019071B071D07FFFFFFFFFFFF1F072107C4
:107E100023072507270729072B072D072F07FFFF14
:107E200031073307FFFF3507FFFF370739073B07E8
:107E30003D073F074107430745074707FFFFFFFF90
:107E4000FFFFFFFFFFFFFFFFFFFFFFFFFFFFFFFF42
:107E5000FFFFFFFFFFFFFFFFFFFFFFFFFFFFFFFF32
:107E6000FFFFFFFFFFFFFFFFFFFFFFFFFFFFFFFF22
:107E7000FFFFFFFF4A074C074E0750075207FFFF5F
:107E8000FFFF54075607FFFFFFFFFFFFFFFF5807E5
:107E90005A07FFFF5C075E076007FFFFFFFFFFFF5A
:107EA000FFFFFFFFFFFF63076507670769076B07B2
:107EB0006D076F07710773077507770779077B07EA
:107EC0007D077F07810783078507FFFF87078907EE
:107ED0008B078D07FFFF8F0791079307FFFF95071C
:107EE000FFFFFFFF9707FFFF99079B07FFFFFFFFBC
:107EF000FFFFFFFFFFFFFFFF9D079F07A107A307EE
:107F0000A507A707A907AB07AD07AF07FFFFB10795
:107F1000FFFFFFFFFFFFFFFFFFFFFFFFFFFFFFFF71
:107F2000FFFFFFFFFFFFFFFFFFFFFFFFFFFFFFFF61
:107F3000FFFFFFFFFFFFFFFFFFFFFFFFFFFFFFFF51
:107F4000FFFFFFFFFFFFFFFFB407B607B807BA0741
:107F5000BC07FFFFFFFFBE07FFFFFFFFFFFFC007DC
:107F6000C207C407FFFFC607C807FFFFFFFFFFFFE9
:107F7000FFFFFFFFFFFFCB07CD07CF07D107FFFFB5
:107F8000D307D507D707D907DB07DD07DF07E107E9
:107F9000FFFFFFFFFFFFFFFFFFFFE307E507E70727
:107FA000E907EB07ED07EF07F107F307FFFFFFFF17
:107FB000F507FFFFF707F907FFFFFFFFFB07FD07C7
:107FC000FF070108FFFFFFFFFFFFFFFFFFFFFFFFAE
:107FD000FFFFFFFFFFFFFFFFFFFFFFFFFFFFFFFFB1
:107FE000FFFFFFFFFFFFFFFF040806080808FFFF71
:107FF000FFFF0A080C080E08FFFF100812081408FB
:10800000160818081A081C081E08FFFFFFFFFFFFCC
:10801000FFFFFFFF20082208240826082808FFFF8A
:10802000FFFFFFFFFFFFFFFFFFFFFFFFFFFFFFFF60
:10803000FFFFFFFFFFFF2B082D082F083108330833
:10804000FFFFFFFF3508FFFFFFFFFFFF3708FFFFC0
:1080500039083B08FFFFFFFFFFFFFFFF3E08400816
:108060004208FFFFFFFF4408460848084A084C083A
:108070004E0850085208FFFFFFFFFFFFFFFF5408A4
:108080005608FFFFFFFFFFFFFFFF58085A085C0874
:108090005E08FFFFFFFFFFFFFFFFFFFFFFFFFFFF88
:1080A000FFFF61086308650867086908FFFFFFFFB5
:1080B0006B086D086F0871087308750877087908F0
:1080C0007B087D08FFFF7F088108FFFF8308850884
:1080D000FFFFFFFF870889088B088D088F0891082C
:1080E000FFFFFFFFFFFFFFFFFFFFFFFFFFFFFFFFA0
:1080F000FFFFFFFFFFFFFFFFFFFFFFFFFFFFFFFF90
:10810000FFFFFFFFFFFFFFFF9408960898089A08FB
:10811000FFFF9C089E08A008FFFFA208FFFFA4081D
:10812000A608A808FFFFFFFFFFFFAA08AC08FFFF93
:10813000AE08FFFFFFFFFFFFB008FFFFFFFFB20821
:10814000B408FFFFFFFFFFFFFFFFFFFFFFFFB708C0
:10815000B908BB08FFFFBD08BF08C108FFFFFFFF4C
:10816000C308C508C708C908FFFFCB08CD08CF085A
:10817000D108D308FFFFD508D708D908DB08DD08E8
:10818000FFFFFFFFDF08FFFFFFFFFFFFFFFFFFFF16
:10819000FFFFFFFFFFFFFFFFFFFFFFFFFFFFFFFFEF
:1081A000FFFFFFFFE208E408E608FFFFFFFFE80823
:1081B000EA08EC08EE08F008F208F408F608F808F7
:1081C000FA08FC08FE08000902090409FFFF060975
:1081D00008090A09FFFF0C090E0910091209140900
:1081E000FFFF160918091A091C09FFFFFFFFFFFF0F
:1081F000FFFFFFFFFFFFFFFFFFFFFFFFFFFFFFFF8F
:10820000FFFFFFFFFFFFFFFFFFFFFFFFFFFFFFFF7E
:10821000FFFFFFFFFFFFFFFFFFFFFFFFFFFF1F0944
:1082200021092309FFFFFFFF2509270929092B0938
:108230002D092F093109FFFF3309FFFF3509FFFF22
:10824000370939093B09FFFFFFFFFFFF3D093F09E0
:108250004109430945094709FFFFFFFFFFFFFFFFF2
:10826000FFFFFFFFFFFFFFFFFFFFFFFFFFFFFFFF1E
:10827000FFFFFFFF4A094C094E0950095209FFFF51
:10828000FFFF54095609FFFFFFFF58095A095C090F
:108290005E09FFFF6009FFFFFFFF620964096609CD
:1082A0006809FFFFFFFFFFFFFFFFFFFFFFFFFFFF6B
:1082B000FFFFFFFFFFFF6B096D096F09710973096C
:1082C00075097709FFFF79097B097D097F09810914
:1082D000FFFFFFFF83098509870989098B098D093C
:1082E0008F0991099309950997099909FFFFFFFFE4
:1082F0009B09FFFFFFFFFFFFFFFF9D09FFFF9F0996
:10830000A109A309A509FFFFA709FFFFFFFFFFFFC1
:10831000FFFFFFFFFFFFFFFFFFFFFFFFFFFFFFFF6D
:10832000FFFFFFFFFFFFFFFFFFFFFFFFFFFFFFFF5D
:10833000FFFFFFFFAA09AC09FFFFAE09B009B209B0
:10834000FFFFB409B609FFFFFFFFB809FFFFBA0935
:10835000BC09FFFFBE09C009C209C409C609FFFF65
:10836000FFFFFFFFFFFFFFFFFFFFFFFFFFFFFFFF1D
:10837000FFFFC909CB09CD09FFFFFFFFCF09D109D5
:10838000D309FFFFD509D709D909FFFFFFFFFFFF79
:10839000FFFFDB09FFFFFFFFDD09DF09FFFFFFFF35
:1083A000FFFFFFFFE209E409E609E809EA09FFFF28
:1083B000FFFFEC09FFFFFFFFFFFFEE09F009F209E5
:1083C000F409F609F809FFFFFFFFFFFFFFFFFFFFBA
:1083D000FFFFFFFFFFFFFB09FD09FF09FFFFFFFF95
:1083E000010A030A050A070AFFFF090A0B0A0D0A18
:1083F0000F0A110A130A150A170A190A1B0A1D0A7D
:10840000FFFFFFFF1F0AFFFF210A230AFFFF250AC4
:10841000FFFFFFFFFFFFFFFFFFFFFFFFFFFFFFFF6C
:10842000FFFFFFFFFFFFFFFFFFFFFFFFFFFFFFFF5C
:10843000280A2A0A2C0AFFFFFFFFFFFF2E0A300A34
:10844000320A340A360AFFFFFFFF380A3A0AFFFFF2
:10845000FFFFFFFFFFFFFFFFFFFF3D0A3F0A410A4B
:10846000FFFFFFFF430A450A470AFFFF490A4B0A7D
:108470004D0AFFFF4F0A510A530A550AFFFFFFFF3B
:10848000570AFFFF590A5B0A5D0A5F0A610A630A1D
:10849000FFFFFFFFFFFFFFFFFFFFFFFFFFFFFFFFEC
:1084A000FFFFFFFFFFFFFFFFFFFFFFFF660A680AF6
:1084B0006A0A6C0A6E0AFFFF700A720AFFFFFFFF6A
:1084C000FFFF740A760A780AFFFF7A0A7C0A7E0A9E
:1084D000800A820AFFFF840A860A880A8A0A8C0AAE
:1084E0008E0AFFFFFFFFFFFFFFFFFFFFFFFFFFFF02
:1084F000FFFFFFFFFFFFFFFFFFFFFFFFFFFFFFFF8C
:10850000FFFF910A930A950A970A990A9B0A9D0A06
:10851000FFFFFFFFFFFFFFFF9F0AA10AA30AA50AB3
:10852000A70AA90AAB0AAD0AFFFFAF0AB10AB30A4C
:10853000B50AB70AB90ABB0ABD0ABF0AC10AFFFFDA
:10854000FFFFC30AFFFFFFFFFFFFC50AFFFFFFFF9B
:10855000FFFFFFFFFFFFFFFFFFFFFFFFFFFFFFFF2B
:10856000FFFFFFFFFFFFFFFFFFFFFFFFFFFFFFFF1B
:10857000C80ACA0AFFFFCC0ACE0AD00AD20AD40A15
:10858000D60AD80ADA0ADC0ADE0AE00AE20AE40AB3
:10859000E60AE80AFFFFEA0AEC0AEE0AF00AF20A23
:1085A000F40AF60AF80AFA0AFC0AFFFFFFFFFE0ABD
:1085B000000BFFFFFFFFFFFFFFFFFFFFFFFFFFFFBE
:1085C000FFFFFFFFFFFFFFFFFFFFFFFFFFFFFFFFBB
:1085D000FFFFFFFFFFFFFFFFFFFFFFFFFFFFFFFFAB
:1085E000FFFFFFFFFFFF030B050B070BFFFFFFFF65
:1085F000090B0B0B0D0B0F0BFFFF110B130B150BC7
:10860000170B190B1B0B1D0B1F0B210B230B250B22
:10861000FFFFFFFF270BFFFF290B2B0BFFFFFFFFC8
:10862000FFFFFFFFFFFFFFFFFFFFFFFFFFFFFFFF5A
:10863000FFFFFFFFFFFFFFFFFFFFFFFF2E0B300BD2
:10864000320BFFFFFFFF340B360B380B3A0BFFFFEB
:108650003C0BFFFFFFFFFFFFFFFF3E0B400BFFFF49
:10866000FFFF420B440BFFFFFFFFFFFFFFFF470B26
:10867000FFFF490B4B0B4D0B4F0B510BFFFFFFFF48
:10868000530B550B570B590B5B0BFFFF5D0B5F0B30
:10869000610B630B650B670BFFFFFFFFFFFFFFFF26
:1086A000FFFFFFFFFFFFFFFFFFFFFFFFFFFFFFFFDA
:1086B000FFFFFFFF6A0B6C0B6E0BFFFFFFFF700BE2
:1086C000720B740B760BFFFFFFFF780B7A0B7C0BA2
:1086D0007E0BFFFFFFFF800BFFFF820B840B860BDF
:1086E000880BFFFFFFFFFFFFFFFFFFFFFFFFFFFF05
:1086F000FFFFFFFFFFFF8B0B8D0B8F0B910B930B7E
:10870000950B970B990B9B0BFFFF9D0B9F0BA10BE1
:10871000FFFFFFFFA30BA50BFFFFFFFFA70BFFFF53
:10872000A90BAB0BAD0BAF0BB10BB30BFFFFB50B35
:10873000FFFFFFFFFFFFB70BFFFFB90BBB0BBD0B2D
:10874000BF0BC10BFFFFFFFFFFFFFFFFFFFFFFFF9F
:10875000FFFFFFFFFFFFFFFFFFFFFFFFFFFFFFFF29
:10876000FFFFFFFFFFFFFFFFC40BC60BC80BFFFFA0
:10877000FFFFCA0BFFFFFFFFCC0BCE0BD00BD20BC2
:10878000D40BFFFFFFFFFFFFFFFFFFFFFFFFD70B34
:10879000D90BDB0BFFFFFFFFDD0BDF0BE10BFFFF57
:1087A000E30BE50BFFFFE70BE90BEB0BED0BEF0B1F
:1087B000FFFFFFFFF10BFFFFF30BF50BF70BF90BBF
:1087C000FB0BFD0BFFFFFFFFFFFFFFFFFFFFFFFFA7
:1087D000FFFFFFFFFFFFFFFFFFFFFFFFFFFFFFFFA9
:1087E000000C020C040C060C080CFFFFFFFFFFFF3F
:1087F000FFFF0A0C0C0C0E0C100C120C140CFFFFDB
:10880000FFFF160C180C1A0C1C0C1E0CFFFFFFFFB0
:10881000FFFFFFFFFFFFFFFFFFFFFFFFFFFFFFFF68
:10882000FFFF210C230C250C270C290CFFFFFFFF59
:108830002B0C2D0C2F0C310CFFFF330CFFFF350CD4
:10884000370C390CFFFFFFFF3B0C3D0C3F0C410C7C
:10885000FFFFFFFFFFFFFFFFFFFFFFFFFFFFFFFF28
:10886000FFFFFFFFFFFFFFFF440C460C480CFFFF1C
:10887000FFFF4A0C4C0C4E0CFFFF500C520CFFFF3C
:10888000540CFFFFFFFF560C580CFFFFFFFF5A0C64
:108890005C0CFFFF5E0CFFFFFFFFFFFFFFFFFFFF12
:1088A000FFFF610C630CFFFF650C670C690CFFFF99
:1088B0006B0C6D0CFFFFFFFF6F0C710C730C750CD4
:1088C000FFFF770C790C7B0CFFFFFFFFFFFFFFFF23
:1088D000FFFFFFFFFFFFFFFFFFFFFFFF7E0C800C8E
:1088E000820CFFFFFFFF840C860C880C8A0C8C0C1A
:1088F0008E0C900C920CFFFF940C960C980CFFFFC2
:10890000FFFF9A0C9C0CFFFFFFFFFFFFFFFF9E0C79
:10891000A00CFFFFA20CFFFFFFFFFFFFFFFFFFFF09
:10892000FFFFFFFFFFFFFFFFFFFFA50CA70CA90C38
:10893000AB0CAD0CFFFFFFFFFFFFFFFFAF0CB10C57
:10894000B30CFFFFB50CB70CB90CBB0CBD0CBF0CC6
:10895000C10CC30CFFFFFFFFFFFFFFFFFFFFFFFF87
:10896000FFFFFFFFFFFFFFFFFFFFFFFFC60CFFFF43
:10897000C80CCA0CFFFFCC0CCE0CD00CD20CD40C03
:10898000D60CD80CDA0CDC0CDE0CE00CE20CFFFF91
:10899000E40CFFFFFFFFFFFFFFFFFFFFFFFFFFFFF5
:1089A000FFFFFFFFFFFFFFFFFFFFFFFFFFFFE70CE2
:1089B000E90CEB0CED0CEF0CFFFFFFFFF10CF30CDF
:1089C000F50CF70CF90CFB0CFD0CFFFFFFFFFFFF94
:1089D000FF0C010D030DFFFF050D070D090D0B0D1C
:1089E000FFFFFFFFFFFFFFFFFFFFFFFFFFFFFFFF97
:1089F000FFFFFFFFFFFFFFFFFFFFFFFF0E0D100D4B
:108A0000120D140D160DFFFF180DFFFFFFFFFFFFE6
:108A1000FFFF1A0D1C0D1E0D200D220D240DFFFF52
:108A2000260D280D2A0D2C0DFFFF2E0D300DFFFFFA
:108A3000FFFFFFFFFFFFFFFFFFFFFFFFFFFFFFFF46
:108A4000FFFFFFFFFFFF330D350D370DFFFFFFFF6A
:108A5000390D3B0D3D0DFFFFFFFFFFFF3F0D410DAA
:108A6000FFFF430D450D470DFFFFFFFFFFFFFFFF1A
:108A7000FFFFFFFF4A0D4C0D4E0D500DFFFFFFFF96
:108A8000520DFFFFFFFF540D560DFFFFFFFF580D66
:108A90005A0D5C0D5E0D600D620DFFFFFFFFFFFFC5
:108AA000FFFFFFFFFFFFFFFFFFFF650D670D690D74
:108AB000FFFFFFFF6B0D6D0D6F0D710D730D750DCC
:108AC000770D790D7B0D7D0D7F0D810D830DFFFFE2
:108AD000850DFFFF870D890DFFFFFFFF8B0DFFFF4A
:108AE000FFFFFFFFFFFFFFFFFFFFFFFFFFFFFFFF96
:108AF000FFFFFFFFFFFFFFFFFFFFFFFF8E0D900D4A
:108B0000920D940D960D980D9A0D9C0D9E0DA00D35
:108B1000A20DA40DA60DFFFFA80DAA0DAC0DFFFF21
:108B2000FFFFFFFFFFFFFFFFFFFFAE0DB00DB20D18
:108B3000B40DFFFFFFFFB60DFFFFB80DBA0DFFFF2D
:108B4000FFFFFFFFFFFFFFFFBC0DFFFFBE0DFFFF9D
:108B5000FFFFFFFFFFFFFFFFFFFFFFFFFFFFFFFF25
:108B6000FFFFC10DC30DC50DFFFFFFFFC70DFFFFC9
:108B7000C90DFFFFCB0DCD0DCF0DD10DD30DD50DF3
:108B8000FFFFFFFFFFFFFFFFFFFFFFFFFFFFFFFFF5
:108B9000D80DDA0DDC0DFFFFDE0DE00DE20DFFFF5D
:108BA000FFFFE40DE60DE80DEA0DFFFFEC0DEE0D05
:108BB000F00DF20DF40DF60DF80DFFFFFA0DFC0DA2
:108BC000FE0DFFFF000EFFFF020E040E060E080E44
:108BD0000A0E0C0E0E0EFFFFFFFFFFFFFFFFFFFF51
:108BE000FFFFFFFFFFFFFFFFFFFFFFFFFFFFFFFF95
:108BF000FFFFFFFFFFFFFFFFFFFFFFFFFFFFFFFF85
:108C0000FFFF110E130EFFFF150E170E190E1B0E90
:108C10001D0E1F0E210E230E250E270EFFFF290EFF
:108C20002B0E2D0E2F0E310EFFFFFFFF330E350ED4
:108C3000FFFFFFFFFFFFFFFFFFFFFFFF370EFFFFFD
:108C4000FFFFFFFFFFFFFFFFFFFFFFFFFFFFFFFF34
:108C5000FFFFFFFF3A0E3C0E3E0E400E420E440E4A
:108C6000460E480E4A0E4C0E4E0EFFFFFFFFFFFF52
:108C7000500E520E540E560EFFFF580E5A0EFFFFA6
:108C80005C0EFFFFFFFFFFFF5E0EFFFF600EFFFFAA
:108C9000FFFF620E640EFFFFFFFF660E680EFFFF10
:108CA000FFFFFFFFFFFFFFFFFFFFFFFFFFFFFFFFD4
:108CB000FFFFFFFFFFFF6B0E6D0E6F0EFFFFFFFF4D
:108CC000710EFFFF730E750E770EFFFF790E7B0E90
:108CD0007D0E7F0EFFFFFFFF810E830EFFFFFFFF64
:108CE000FFFFFFFFFFFFFFFFFFFFFFFF860E880E66
:108CF0008A0E8C0EFFFF8E0E900EFFFF920E940ECA
:108D0000960E980E9A0EFFFFFFFF9C0E9E0EFFFF21
:108D1000FFFFA00EA20EA40EA60EFFFFFFFFFFFF97
:108D2000FFFFFFFFFFFFA80EFFFFAA0EAC0EAE0E67
:108D3000B00EFFFFFFFFFFFFFFFFFFFFFFFFFFFF83
:108D4000FFFFFFFFFFFFB30EFFFFB50EB70EB90E1B
:108D5000BB0EFFFFBD0EBF0EFFFFFFFFC10EFFFFEB
:108D6000C30EC50EFFFFC70EFFFFFFFFC90ECB0EE0
:108D7000FFFFFFFFFFFFFFFFFFFFFFFFCE0ED00E45
:108D8000D20ED40ED60ED80EFFFFDA0EDC0EDE0E9B
:108D9000FFFFE00EE20EFFFFE40EFFFFE60EE80E1F
:108DA000EA0EEC0EEE0EF00EF20EFFFFFFFFFFFFDD
:108DB000FFFFF40EFFFFFFFFFFFFFFFFF60EFFFFB9
:108DC000F80EFA0EFC0EFE0E000FFFFFFFFFFFFF76
:108DD000FFFFFFFFFFFFFFFFFFFFFFFFFFFFFFFFA3
:108DE000FFFFFFFFFFFF030FFFFF050F070F090F37
:108DF0000B0FFFFF0D0F0F0FFFFFFFFFFFFFFFFF29
:108E0000110F130F150F170F190F1B0FFFFFFFFF88
:108E1000FFFFFFFFFFFFFFFFFFFFFFFF1E0F200F02
:108E2000220FFFFF240F260F280FFFFFFFFF2A0F3F
:108E3000FFFF2C0F2E0FFFFFFFFFFFFF300F320F42
:108E4000340FFFFFFFFF360FFFFF380F3A0FFFFF12
:108E5000FFFFFFFFFFFFFFFFFFFF3D0F3F0FFFFF84
:108E6000410F430F450F470F490F4B0F4D0F4F0F4A
:108E7000FFFFFFFF510F530F550F570F590F5B0F98
:108E8000FFFF5D0F5F0F610FFFFFFFFF630F650FB8
:108E9000670F690FFFFFFFFFFFFFFFFFFFFFFFFFF0
:108EA000FFFFFFFFFFFFFFFFFFFFFFFFFFFFFFFFD2
:108EB000FFFFFFFFFFFFFFFF6C0F6E0FFFFF700F45
:108EC000720FFFFFFFFF740F760F780F7A0F7C0F82
:108ED0007E0F800F820F840F860F880F8A0F8C0FF2
:108EE000FFFFFFFFFFFFFFFFFFFFFFFFFFFFFFFF92
:108EF000FFFFFFFFFFFFFFFFFFFFFFFFFFFF8F0FE2
:108F0000910F930F950F970F990F9B0F9D0F9F0F29
:108F1000FFFFA10FA30FA50FFFFFFFFFA70FFFFF8D
:108F2000A90FAB0FFFFFAD0FFFFFFFFFFFFFFFFF1D
:108F3000FFFFAF0FB10FB30FB50FB70FFFFFFFFF6D
:108F4000FFFFFFFFFFFFFFFFFFFFFFFFFFFFFFFF31
:108F5000FFFFFFFFBA0FBC0FBE0FC00FFFFFC20F16
:108F6000C40FC60FFFFFC80FFFFFCA0FCC0FFFFFD4
:108F7000FFFFFFFFFFFFCE0FD00FFFFFFFFFD20F5E
:108F8000D40FD60FD80FFFFFFFFFFFFFFFFFFFFF3C
:108F9000FFFFFFFFFFFFDB0FFFFFDD0FDF0FFFFF17
:108FA000E10FE30FE50FE70FFFFFFFFFE90FFFFF03
:108FB000EB0FED0FFFFFFFFFFFFFFFFFFFFFFFFFC7
:108FC000F00FFFFFF20FF40FF60FF80FFA0FFC0F80
:108FD000FE0F001002100410FFFF06100810FFFF24
:108FE000FFFF0A100C100E101010FFFFFFFFFFFF15
:108FF000FFFFFFFFFFFFFFFFFFFFFFFFFFFFFFFF81
:10900000FFFFFFFFFFFF1310151017101910FFFFD0
:109010001B101D10FFFFFFFF1F10FFFF211023106B
:10902000FFFFFFFFFFFF251027102910FFFF2B1068
:10903000FFFF2D102F103110FFFFFFFFFFFFFFFF7D
:10904000FFFFFFFFFFFFFFFF341036103810FFFF58
:109050003A103C103E10FFFFFFFF4010421044103A
:109060004610FFFF48104A104C104E10501052107E
:10907000FFFFFFFF541056105810FFFF5A105C10EE
:109080005E1060106210FFFFFFFFFFFFFFFFFFFF9A
:10909000FFFFFFFFFFFFFFFFFFFFFFFFFFFFFFFFE0
:1090A000FFFFFFFFFFFFFFFFFFFF65106710691065
:1090B0006B106D106F1071107310751077107910A0
:1090C000FFFFFFFFFFFFFFFF7B107D107F10FFFF03
:1090D00081108310FFFF8510FFFF8710FFFF8910AD
:1090E000FFFFFFFF8B108D108F10FFFF9110FFFF10
:1090F000FFFFFFFFFFFFFFFFFFFFFFFFFFFFFFFF80
:10910000FFFFFFFFFFFFFFFF9410FFFF9610981077
:109110009A109C10FFFFFFFF9E10FFFFFFFFFFFF55
:10912000A010FFFFA210FFFFFFFFA510A710A910BE
:10913000AB10AD10AF10B110B310FFFFB510B710EA
:10914000B910BB10BD10BF10FFFFC110C310C51078
:10915000C710C910FFFFCB10CD10CF10FFFFFFFFCE
:10916000D110D310FFFFD510FFFFFFFFD710D9108C
:10917000DB10FFFFFFFFDD10DF10FFFFE110E3104A
:10918000FFFFE510FFFFFFFFFFFFE710FFFFFFFFFF
:10919000FFFFFFFFFFFFFFFFFFFFFFFFFFFFFFFFDF
:1091A000FFFFFFFFFFFFFFFFFFFFFFFFFFFFFFFFCF
:1091B000FFFFFFFFEA10EC10FFFFEE10F010F210BF
:1091C000FFFFF410F610F810FFFFFA10FC10FE106D
:1091D00000110211FFFF04110611FFFF08110A110F
:1091E0000C110E111011FFFFFFFFFFFFFFFFFFFF2C
:1091F000FFFFFFFFFFFFFFFFFFFFFFFFFFFFFFFF7F
:10920000FFFFFFFFFFFF13111511171119111B119C
:10921000FFFFFFFF1D11FFFF1F1121112311FFFF92
:109220002511271129112B112D112F11FFFFFFFFE0
:109230003111FFFF3311351137113911FFFFFFFFD6
:10924000FFFFFFFFFFFFFFFFFFFFFFFFFFFFFFFF2E
:10925000FFFFFFFFFFFFFFFF3C113E1140114211D6
:1092600044114611FFFF4811FFFF4A114C11FFFF47
:10927000FFFFFFFFFFFF4E11501152115411FFFF6E
:1092800056115811FFFF5A115C115E11FFFFFFFFCD
:10929000FFFFFFFFFFFFFFFFFFFFFFFFFFFFFFFFDE
:1092A000FFFF611163116511671169116B116D1178
:1092B000FFFFFFFF6F117111731175117711791194
:1092C0007B117D11FFFFFFFF7F11FFFF8111FFFF6A
:1092D00083118511871189118B118D11FFFF8F115A
:1092E000FFFF9111FFFFFFFFFFFF9311FFFFFFFF44
:1092F000FFFF9511FFFFFFFFFFFFFFFFFFFFFFFFD6
:10930000FFFFFFFFFFFFFFFFFFFFFFFFFFFFFFFF6D
:1093100098119A119C119E11A011A211A411A611CD
:10932000A811AA11FFFFFFFFFFFFFFFFFFFFAC1116
:10933000AE11B011FFFFB211B411FFFFFFFFFFFF2D
:10934000B611FFFFFFFFB811BA11FFFFBC11FFFFFD
:10935000FFFFFFFFFFFFFFFFFFFFFFFFFFFFBF114B
:10936000FFFFC111C311C511FFFFFFFFC711C911D5
:10937000CB11CD11CF11D111D311D511D711D911D5
:10938000DB11DD11FFFFFFFFFFFFFFFFFFFFFFFF0F
:10939000FFFFFFFFFFFFFFFFFFFFFFFFFFFFFFFFDD
:1093A000E011FFFFE211E411E611E811EA11EC11FE
:1093B000FFFFFFFFEE11F011F211FFFFFFFFFFFFB4
:1093C000FFFFF411F611FFFFFFFFFFFFFFFFFFFF9D
:1093D000FFFFF911FB11FD11FF110112031205121C
:1093E0000712FFFFFFFF0912FFFFFFFF0B120D1215
:1093F000FFFF0F12FFFFFFFF1112FFFF13121512E5
:10940000FFFFFFFFFFFFFFFF171219121B121D12B4
:10941000FFFFFFFFFFFFFFFFFFFFFFFFFFFFFFFF5C
:109420002012221224122612FFFF28122A12FFFFF6
:10943000FFFF2C12FFFF2E123012FFFFFFFFFFFF76
:10944000321234123612FFFFFFFF38123A12FFFFBA
:10945000FFFFFFFFFFFFFFFFFFFF3D12FFFF3F1278
:10946000411243124512471249124B124D124F122C
:10947000FFFF51125312FFFFFFFFFFFF551257125C
:1094800059125B125D125F12FFFFFFFFFFFFFFFF2C
:10949000FFFFFFFFFFFFFFFFFFFFFFFFFFFFFFFFDC
:1094A000FFFFFFFF62126412661268126A126C12EA
:1094B0006E127012FFFFFFFF721274127612781292
:1094C0007A12FFFF7C127E12FFFF8012821284123A
:1094D000861288128A128C12FFFFFFFFFFFFFFFF28
:1094E000FFFF8E129012FFFFFFFFFFFFFFFFFFFF46
:1094F000FFFFFFFF9212FFFFFFFFFFFFFFFFFFFFD6
:10950000FFFFFFFFFFFFFFFFFFFF9512971299126A
:109510009B129D12FFFF9F12A112A312A512A71268
:10952000FFFFFFFFA912AB12AD12FFFFAF12B11286
:10953000B312B512FFFFFFFFFFFFFFFFFFFFFFFFAB
:10954000FFFFB712B912FFFFFFFFBB12BD12BF1220
:10955000FFFFFFFFFFFFFFFFFFFFFFFFFFFFFFFF1B
:10956000FFFFFFFFC212C412C612C812CA12CC12E9
:10957000CE12FFFFD012D212D412D612D812DA12A3
:10958000DC12DE12FFFFE012FFFFFFFFE212E41227
:10959000FFFFE612E812FFFFFFFFEA12EC12FFFFE7
:1095A000FFFFFFFFEE12F012FFFFFFFFFFFFF212BF
:1095B000FFFFFFFFF412FFFFFFFFF612FFFFFFFFA9
:1095C000FFFFFFFFFFFFFFFFFFFFFFFFFFFFFFFFAB
:1095D000FFFFF912FB12FD12FF12FFFF011303132D
:1095E000FFFF0513071309130B130D13FFFFFFFFF5
:1095F000FFFFFFFF0F1311131313FFFFFFFFFFFF09
:10960000151317131913FFFFFFFFFFFFFFFFFFFFE6
:10961000FFFFFFFFFFFFFFFF1C131E13201322138A
:109620002413261328132A13FFFF2C13FFFF2E13D6
:10963000FFFF30133213FFFFFFFFFFFFFFFF341365
:10964000361338133A133C133E134013421344139A
:109650004613FFFF48134A13FFFFFFFFFFFFFFFF03
:10966000FFFFFFFFFFFFFFFFFFFFFFFFFFFFFFFF0A
:10967000FFFFFFFFFFFFFFFFFFFF4D13FFFF4F1334
:1096800051135313FFFFFFFF551357135913FFFFD8
:10969000FFFF5B13FFFFFFFF5D135F13FFFFFFFF84
:1096A000FFFFFFFF62136413FFFF66136813FFFFE2
:1096B000FFFF6A136C13FFFFFFFF6E137013FFFFB2
:1096C000FFFF72137413FFFFFFFFFFFFFFFF77130E
:1096D00079137B13FFFFFFFF7D137F13FFFFFFFF56
:1096E00081138313851387138913FFFF8B138D1346
:1096F0008F139113FFFFFFFFFFFFFFFFFFFFFFFF30
:10970000FFFFFFFFFFFFFFFF9413961398139A13B9
:109710009C139E13A013FFFFA213A413FFFFFFFFD0
:10972000FFFFA613A813FFFFFFFFFFFFFFFFAA1312
:10973000FFFFAC13AE13FFFFFFFFB013B213B41360
:10974000B613FFFFFFFFFFFFFFFFFFFFFFFFFFFF5E
:10975000FFFFB913BB13FFFFBD13BF13FFFFC113FF
:10976000C313C513FFFFC713C913FFFFCB13CD13DB
:10977000FFFFFFFFCF13D113D313D513D713D91383
:10978000FFFFFFFFFFFFFFFFFFFFFFFFFFFFFFFFE9
:10979000FFFFFFFFFFFFFFFFDC13DE13E013E21309
:1097A000E413FFFFFFFFE613FFFFE813EA13EC13D8
:1097B000FFFFEE13F013F213F413F613F813FFFF89
:1097C000FFFFFA13FFFFFC13FE1300140214FFFF48
:1097D000FFFFFFFFFFFFFFFFFFFFFFFFFFFFFFFF99
:1097E000FFFFFFFFFFFFFFFFFFFF0514FFFF071451
:1097F00009140B14FFFFFFFF0D14FFFF0F141114CA
:1098000013141514FFFF1714FFFFFFFFFFFFFFFFE7
:10981000FFFFFFFF1A141C141E142014221424141A
:1098200026142814FFFFFFFFFFFFFFFFFFFF2A148E
:109830002C142E143014FFFFFFFF3214FFFF3414DA
:10984000FFFF36143814FFFF3A14FFFFFFFFFFFF3E
:10985000FFFFFFFFFFFFFFFFFFFF3D143F14411419
:1098600043144514FFFFFFFF4714FFFF49144B1437
:109870004D14FFFF4F1451145314FFFF5514571488
:10988000FFFFFFFF59145B14FFFFFFFFFFFFFFFF08
:10989000FFFFFFFFFFFFFFFFFFFFFFFF5E146014EE
:1098A0006214FFFFFFFF641466146814FFFF6A145C
:1098B0006C14FFFFFFFFFFFF6E147014721474141A
:1098C000761478147A14FFFFFFFFFFFFFFFFFFFFFE
:1098D000FFFFFFFFFFFFFFFFFFFF7D147F148114D9
:1098E000FFFFFFFF83148514FFFFFFFF8714891418
:1098F0008B148D14FFFFFFFFFFFF8F14911493143F
:10990000FFFFFFFFFFFFFFFFFFFFFFFF961498140D
:109910009A149C149E14A014A214FFFFA414FFFF19
:10992000A614A814AA14AC14AE14FFFFFFFFFFFF87
:10993000FFFFB014FFFFB214B414B614FFFFFFFF13
:10994000FFFFB814BA14FFFFFFFFFFFFFFFFFFFF89
:10995000BC14FFFFFFFFFFFFFFFFFFFFFFFFBF1470
:10996000C114C314C514FFFFC714C914FFFFCB14DF
:10997000CD14CF14D114D314FFFFFFFFD514D71487
:10998000D914DB14DD14FFFFFFFFFFFFFFFFDF141F
:10999000E114E314E514FFFFE714E914FFFFFFFFF0
:1099A000FFFFFFFFFFFFFFFFFFFFFFFFFFFFFFFFC7
:1099B000FFFFFFFFFFFFFFFFEC14EE14F014F214A3
:1099C000F414FFFFF614F814FA14FC14FE14FFFF4D
:1099D000FFFFFFFF0015021504150615FFFFFFFF2F
:1099E000FFFF0815FFFF0A15FFFF0C150E151015D8
:1099F0001215FFFFFFFFFFFFFFFFFFFFFFFFFFFF4E
:109A0000FFFFFFFFFFFFFFFFFFFF151517151915DC
:109A10001B151D151F152115FFFF2315FFFF25150C
:109A200027152915FFFFFFFFFFFFFFFFFFFFFFFFC8
:109A30002B152D15FFFFFFFF2F153115331535158C
:109A4000FFFFFFFFFFFFFFFFFFFFFFFFFFFFFFFF26
:109A50003815FFFF3A153C153E15FFFFFFFF401577
:109A6000421544154615FFFFFFFF48154A154C15D2
:109A70004E15FFFFFFFFFFFFFFFFFFFFFFFFFFFF91
:109A8000FFFF511553155515571559155B155D15E4
:109A9000FFFF5F15FFFF611563156515FFFFFFFFF2
:109AA000FFFFFFFFFFFFFFFF67156915FFFFFFFFC8
:109AB0006B156D156F157115FFFFFFFFFFFFFFFFA2
:109AC000FFFFFFFFFFFFFFFF7415761578157A156E
:109AD000FFFFFFFF7C157E15FFFF80158215FFFF3E
:109AE000FFFF8415861588158A15FFFF8C158E15C6
:109AF0009015FFFFFFFFFFFF9215FFFFFFFFFFFF26
:109B0000FFFFFFFFFFFFFFFFFFFF9515971599155B
:109B10009B159D15FFFF9F15A115FFFFA315A5150B
:109B2000FFFFFFFFFFFFFFFFFFFFFFFFA715A915C7
:109B3000AB15AD15AF15B115FFFFFFFFFFFFFFFF21
:109B4000FFFFFFFFFFFFFFFFB415B615B815BA15ED
:109B5000BC15BE15FFFFC015C215FFFFFFFFFFFFBD
:109B6000FFFFC415FFFFFFFFFFFFC615C815FFFF6E
:109B7000FFFFFFFFFFFFCB15CD15CF15D115D31577
:109B8000D515D715FFFFD915FFFFDB15DD15DF153F
:109B9000E115E315FFFFFFFFFFFFFFFFE515FFFFE7
:109BA000E715FFFFE915FFFFFFFFFFFFEB15FFFFC5
:109BB000FFFFFFFFFFFFED15FFFFFFFFFFFFFFFFB1
:109BC000F015F215F415F615F815FA15FC15FFFF4A
:109BD000FE1500160216FFFF041606160816FFFFF4
:109BE000FFFF0A16FFFFFFFF0C16FFFFFFFF0E1619
:109BF00010161216FFFFFFFF14161616FFFFFFFFC9
:109C000018161A161C16FFFFFFFFFFFFFFFFFFFFCE
:109C1000FFFFFFFFFFFFFFFFFFFFFFFFFFFF1F161D
:109C2000211623162516271629162B16FFFF2D168B
:109C30002F163116FFFF331635163716FFFFFFFFBD
:109C40003916FFFFFFFF3B16FFFFFFFF3D163F16D4
:109C50004116FFFFFFFF43164516FFFFFFFF4716A4
:109C600049164B16FFFFFFFFFFFFFFFFFFFFFFFF40
:109C7000FFFFFFFFFFFFFFFFFFFFFFFF4E16501626
:109C80005216FFFF54165616FFFF58165A16FFFFBE
:109C9000FFFF5C165E166016FFFFFFFFFFFF6216F8
:109CA0006416FFFFFFFFFFFFFFFFFFFFFFFF6716C9
:109CB000FFFF69166B166D166F1671167316FFFF90
:109CC00075167716FFFF79167B16FFFF7D167F1638
:109CD00081168316FFFFFFFFFFFFFFFFFFFFFFFF60
:109CE000FFFFFFFFFFFFFFFFFFFFFFFF8616881646
:109CF0008A168C16FFFFFFFF8E1690169216FFFF36
:109D0000FFFF9416961698169A169C169E16A01685
:109D1000A216FFFFFFFFA416FFFFFFFFFFFFFFFFDD
:109D2000FFFFFFFFFFFFFFFFFFFFFFFFFFFFA71684
:109D3000FFFFA916AB16AD16AF16B116B316B516C2
:109D4000FFFFB716FFFFB916FFFFFFFFFFFFFFFF83
:109D5000BB16BD16FFFFFFFFFFFFFFFFFFFFFFFF6B
:109D6000C016C216C416C616C816CA16CC16CE160B
:109D7000FFFFFFFFFFFFD016FFFFD216D416FFFF35
:109D8000FFFFFFFFFFFFD616D816DA16DC16FFFF1F
:109D9000DE16FFFFE016FFFFFFFFFFFFE216FFFFEB
:109DA000FFFFFFFFFFFFFFFFFFFFE516E716E916C6
:109DB000EB16ED16EF16F116F316F516F716F91663
:109DC000FFFFFB16FD16FFFFFFFFFFFFFF1601174A
:109DD000FFFFFFFFFFFF0317FFFFFFFF0517071739
:109DE000FFFFFFFFFFFFFFFFFFFFFFFFFFFFFFFF83
:109DF00009170B17FFFFFFFFFFFFFFFF0E171017DD
:109E00001217141716171817FFFF1A171C17FFFF42
:109E1000FFFF1E172017FFFFFFFFFFFFFFFF2217A7
:109E20002417FFFF2617FFFFFFFF28172A17FFFF42
:109E3000FFFFFFFFFFFFFFFFFFFF2D172F1731175A
:109E400033173517FFFFFFFF37173917FFFF3B1792
:109E50003D173F174117431745174717FFFFFFFFF0
:109E600049174B174D17FFFF4F175117FFFFFFFF04
:109E7000FFFFFFFFFFFFFFFFFFFFFFFFFFFFFFFFF2
:109E8000FFFFFFFFFFFFFFFF5417FFFF5617FFFF06
:109E900058175A175C175E17601762176417FFFF91
:109EA000FFFF6617FFFF68176A17FFFF6C17FFFFBA
:109EB000FFFFFFFFFFFFFFFFFFFFFFFFFFFF6F172A
:109EC000711773177517771779177B17FFFF7D17B2
:109ED000FFFFFFFF7F17811783178517FFFFFFFF26
:109EE0008717FFFF89178B17FFFFFFFFFFFFFFFF9C
:109EF0008D178F179117FFFFFFFFFFFFFFFFFFFF7A
:109F0000FFFFFFFFFFFFFFFF9417961798179A17A1
:109F10009C179E17A017A217FFFFFFFFFFFFA417B4
:109F2000FFFFA617A817FFFFFFFFFFFFFFFFAA17FE
:109F3000AC17AE17B017FFFFB217B417B617FFFF75
:109F4000FFFFFFFFB817FFFFFFFFFFFFFFFFFFFF50
:109F5000FFFFFFFFFFFFBB17BD17BF17C117C317D9
:109F6000C517C717FFFFC917CB17CD17FFFFFFFF97
:109F7000CF17D117FFFFFFFFD317D517FFFFD71755
:109F8000D917DB17DD17FFFFFFFFFFFFFFFFFFFF05
:109F9000DF17FFFFFFFFE117E317E517FFFFFFFFE5
:109FA000FFFFFFFFFFFFFFFFFFFFFFFFFFFFFFFFC1
:109FB000E817EA17EC17EE17F017FFFFF217F41780
:109FC000F617F817FA17FFFFFFFFFC17FFFFFFFF59
:109FD000FFFFFE1700180218FFFFFFFFFFFFFFFF44
:109FE000FFFFFFFFFFFF04180618FFFFFFFFFFFF43
:109FF000FFFF09180B180D180F1811181318151852
:10A0000017181918FFFF1B18FFFF1D181F18FFFF57
:10A01000FFFFFFFF21182318FFFF2518FFFFFFFF99
:10A020002718FFFFFFFFFFFFFFFFFFFFFFFFFFFFFF
:10A0300029182B18FFFFFFFFFFFFFFFF2E18301816
:10A0400032183418361838183A18FFFF3C18FFFF3A
:10A050003E18FFFFFFFF40184218FFFFFFFFFFFF02
:10A06000FFFF44184618FFFF4818FFFF4A184C1816
:10A070004E185018FFFFFFFFFFFFFFFFFFFFFFFF1E
:10A08000FFFFFFFFFFFF5318FFFF5518FFFF571893
:10A0900059185B185D185F186118FFFFFFFFFFFF7D
:10A0A0006318FFFF65186718FFFFFFFFFFFFFFFF43
:10A0B000FFFFFFFF6A186C186E1870187218FFFF08
:10A0C000FFFF7418761878187A187C18FFFF7E182E
:10A0D00080188218FFFFFFFFFFFFFFFFFFFF8418BC
:10A0E000FFFF8618FFFF8818FFFFFFFFFFFFFFFF3E
:10A0F000FFFFFFFFFFFF8B188D188F189118931823
:10A1000095189718FFFFFFFFFFFF99189B18FFFF97
:10A11000FFFFFFFFFFFFFFFF9D189F18A118A31867
:10A12000A518A718FFFFFFFFFFFFFFFFFFFFFFFFBF
:10A13000FFFFFFFFAA18AC18AE18FFFFFFFFB01813
:10A14000B218FFFFB418B618FFFFFFFFFFFFB818E3
:10A15000BA18FFFFFFFFBC18BE18FFFFFFFFFFFF8D
:10A16000FFFFC118C318C518C718C918CB18CD18D8
:10A17000FFFFFFFFFFFFFFFFCF18FFFFFFFFFFFF06
:10A18000D118D318D518D718D918DB18FFFFFFFF3F
:10A19000FFFFFFFFFFFFFFFFFFFFFFFFDE18E018DD
:10A1A000E218E418E618E818EA18EC18EE18FFFFB1
:10A1B000F018FFFFFFFFF218F418FFFFFFFFFFFF8B
:10A1C000F618FFFFF818FA18FC18FFFFFE18FFFF3B
:10A1D000FFFFFFFFFFFFFFFFFFFF00190219FFFF57
:10A1E000FFFFFFFFFFFFFFFFFFFF0519FFFF07193D
:10A1F000FFFF09190B190D190F1911191319151949
:10A20000FFFFFFFF1719FFFF19191B191D191F1950
:10A21000FFFFFFFFFFFFFFFFFFFFFFFFFFFFFFFF4E
:10A22000FFFFFFFF22192419261928192A19FFFFF9
:10A230002C192E193019FFFF3219FFFFFFFF3419B7
:10A2400036193819FFFFFFFF3A193C193E19FFFF75
:10A25000FFFFFFFFFFFFFFFFFFFFFFFFFFFFFFFF0E
:10A26000FFFF41194319451947194919FFFFFFFF1E
:10A270004B194D194F19511953195519FFFF5719FA
:10A28000FFFF59195B195D19FFFFFFFFFFFFFFFF7C
:10A290005F19FFFFFFFFFFFF6119FFFFFFFFFFFFD8
:10A2A000FFFFFFFFFFFFFFFF6419FFFF661968193B
:10A2B0006A19FFFFFFFF6C196E1970197219FFFF01
:10A2C0007419FFFF7619FFFFFFFF78197A19FFFF56
:10A2D000FFFFFFFFFFFFFFFFFFFF7D197F19FFFF5C
:10A2E00081198319FFFF851987198919FFFFFFFF5E
:10A2F000FFFF8B198D198F19911993199519FFFF6C
:10A30000FFFF9719FFFFFFFFFFFFFFFFFFFFFFFFAB
:10A31000FFFFFFFF9A199C199E19A019A219A419F1
:10A32000A619FFFFA819FFFFFFFFFFFFAA19AC192D
:10A33000AE19B019FFFFB219B419FFFFB619FFFF2C
:10A34000FFFFFFFFFFFFB819BA19BC19FFFFFFFF9E
:10A35000FFFFFFFFFFFFFFFFFFFFFFFFFFFFBF1933
:10A36000FFFFC119C319C519FFFFFFFFFFFFC71981
:10A37000C919CB19FFFFCD19CF19D119FFFFFFFF65
:10A38000FFFFFFFFFFFFFFFFD419D619FFFFD8190A
:10A39000DA19DC19DE19E019E219FFFFFFFFE419F1
:10A3A000FFFFFFFFE619FFFFFFFFFFFFE819EA19B4
:10A3B000EC19FFFFFFFFFFFFFFFFFFFFFFFFEF199C
:10A3C000F119F319F519F719F919FB19FD19FFFF1F
:10A3D000FFFFFFFFFF19011AFFFF031AFFFFFFFF37
:10A3E000FFFFFFFF051A071A091AFFFFFFFFFFFF14
:10A3F0000B1AFFFF0D1AFFFFFFFFFFFFFFFFFFFF1D
:10A40000101AFFFF121AFFFF141A161A181A1A1A36
:10A410001C1A1E1AFFFF201A221AFFFF241AFFFF20
:10A42000FFFFFFFFFFFFFFFFFFFFFFFFFFFF271AF9
:10A43000291A2B1A2D1A2F1AFFFFFFFF311A331A70
:10A44000FFFFFFFF351A371A391A3B1A3D1A3F1A18
:10A45000FFFFFFFF411A431AFFFF451AFFFFFFFFEF
:10A46000FFFFFFFFFFFFFFFFFFFFFFFFFFFFFFFFFC
:10A47000481A4A1AFFFF4C1A4E1A501AFFFF521A76
:10A48000541AFFFF561A581A5A1AFFFFFFFF5C1A98
:10A490005E1AFFFF601A621A641AFFFFFFFFFFFFD8
:10A4A000FFFFFFFFFFFFFFFFFFFFFFFFFFFF671A39
:10A4B000691A6B1A6D1AFFFF6F1A711A731A751ADF
:10A4C000FFFF771AFFFF791A7B1A7D1AFFFFFFFF44
:10A4D000FFFFFFFFFFFFFFFFFFFFFFFF7F1A811A54
:10A4E000FFFFFFFFFFFFFFFF841A861A881A8A1AF0
:10A4F0008C1A8E1A901A921A941A961AFFFFFFFF5E
:10A50000981AFFFFFFFF9A1AFFFF9C1A9E1AFFFF7F
:10A51000FFFFFFFFFFFFFFFFFFFFA01AA21AFFFFD1
:10A52000A41AFFFFFFFFFFFFFFFFFFFFFFFFA71AB8
:10A53000A91AAB1AAD1AAF1AFFFFFFFFB11AB31A6F
:10A54000B51AFFFFB71AFFFFB91ABB1ABD1ABF1A17
:10A55000FFFFFFFFFFFFFFFFC11AC31AFFFFFFFF4F
:10A56000FFFFFFFFFFFFFFFFFFFFFFFFC61AC81A35
:10A57000CA1ACC1ACE1AD01AD21AFFFFFFFFFFFF59
:10A58000D41AD61AD81ADA1AFFFFFFFFFFFFDC1A17
:10A59000FFFFFFFFFFFFDE1AFFFFE01AFFFFFFFFD5
:10A5A000E21AFFFFFFFFFFFFFFFFE51AFFFFE71AB9
:10A5B000E91AFFFFEB1AED1AEF1AF11AF31AF51A5E
:10A5C000FFFFFFFFF71AF91AFFFFFFFFFFFFFB1A5C
:10A5D000FFFFFFFFFFFFFFFFFFFFFFFFFE1A001B54
:10A5E000021B041B061BFFFFFFFF081B0A1BFFFFCC
:10A5F000FFFF0C1BFFFFFFFFFFFF0E1B101BFFFFEA
:10A60000FFFFFFFFFFFF131B151B171B191B1B1B56
:10A61000FFFFFFFFFFFFFFFF1D1B1F1B211BFFFF96
:10A62000231B251BFFFFFFFF271B291B2B1B2D1B9C
:10A63000FFFFFFFFFFFFFFFFFFFFFFFFFFFFFFFF2A
:10A64000301B321B341B361B381B3A1B3C1BFFFFD5
:10A65000FFFFFFFFFFFF3E1B401B421BFFFF441B92
:10A66000FFFFFFFFFFFF461BFFFF481BFFFFFFFF32
:10A670004A1BFFFFFFFFFFFFFFFF4D1B4F1BFFFFAD
:10A68000511B531B551B571B591B5B1BFFFFFFFF28
:10A690005D1BFFFF5F1B611B631B651BFFFFFFFF54
:10A6A000FFFF671BFFFFFFFFFFFFFFFF691B6B1B28
:10A6B000FFFFFFFFFFFFFFFFFFFFFFFF6E1BFFFF1F
:10A6C000701BFFFF721BFFFF741B761B781B7A1B2E
:10A6D0007C1B7E1B801BFFFFFFFFFFFFFFFFFFFFB9
:10A6E000FFFFFFFFFFFF831B851B871B891B8B1B46
:10A6F0008D1B8F1BFFFFFFFFFFFF911BFFFF931BB6
:10A70000951B971BFFFFFFFFFFFFFFFFFFFFFFFFF3
:10A71000991B9B1BFFFF9D1B9F1BA11BFFFFFFFFA7
:10A72000FFFFFFFFFFFFFFFFA41BFFFFA61BA81BF0
:10A73000AA1BAC1BAE1BB01BB21BFFFFB41BFFFF61
:10A74000FFFFB61BFFFFB81BBA1BFFFFFFFFFFFF9A
:10A75000FFFFBC1BBE1BFFFFC01BFFFFFFFFFFFF78
:10A76000FFFFFFFFFFFFC31BC51BC71BC91BCB1B85
:10A77000CD1BCF1BD11BD31BD51BFFFFD71BFFFF4F
:10A78000FFFFFFFFFFFFD91BDB1BDD1BFFFFFFFFF1
:10A79000FFFFFFFFDF1BE11BFFFFFFFFFFFFFFFFCF
:10A7A000FFFFFFFFFFFFFFFFE41BE61BE81BEA1BA9
:10A7B000EC1BEE1BF01BFFFFFFFFF21BF41BFFFF68
:10A7C000FFFFF61BF81BFA1BFFFFFFFFFFFFFC1B41
:10A7D000FE1B001CFFFFFFFFFFFFFFFFFFFFFFFF50
:10A7E000FFFFFFFFFFFF031C051C071C091CFFFFE9
:10A7F0000B1C0D1C0F1CFFFF111CFFFFFFFFFFFFB9
:10A80000FFFF131CFFFFFFFF151C171CFFFFFFFFBF
:10A81000FFFFFFFF1A1C1C1C1E1C201C221CFFFF1C
:10A82000FFFFFFFF241C261C281CFFFFFFFF2A1C24
:10A830002C1C2E1C301C321C341CFFFFFFFFFFFFA2
:10A84000FFFF361CFFFFFFFFFFFFFFFFFFFFFFFFC4
:10A85000FFFF391C3B1C3D1C3F1C411CFFFFFFFF41
:10A86000431C451CFFFFFFFFFFFF471C491C4B1CFF
:10A870004D1CFFFF4F1C511CFFFFFFFFFFFFFFFFA1
:10A88000FFFFFFFFFFFFFFFF541C561C581C5A1C04
:10A890005C1C5E1CFFFFFFFFFFFFFFFFFFFF601C54
:10A8A000FFFF621C641CFFFF661C681C6A1CFFFF24
:10A8B000FFFFFFFFFFFFFFFFFFFF6D1C6F1C711C01
:10A8C000FFFF731CFFFF751CFFFF771CFFFF791C48
:10A8D0007B1CFFFFFFFFFFFF7D1CFFFFFFFFFFFF54
:10A8E000801C821C841C861C881CFFFF8A1C8C1CFC
:10A8F0008E1CFFFF901CFFFFFFFF921C941CFFFFAC
:10A90000961CFFFFFFFFFFFFFFFFFFFF981CFFFFED
:10A91000FFFFFFFFFFFF9B1C9D1C9F1CA11CA31C96
:10A92000A51CA71CA91CFFFFFFFFAB1CFFFFAD1C54
:10A93000FFFFFFFFAF1CB11CB31CFFFFFFFFFFFFBA
:10A94000B51CFFFFB71CFFFFFFFFFFFFFFFFFFFF6F
:10A95000FFFFFFFFBA1CBC1CBE1CC01CC21CC41CD9
:10A96000FFFFFFFFC61CFFFFC81CFFFFFFFFFFFF2D
:10A97000CA1CCC1CFFFFCE1CFFFFFFFFFFFFFFFF29
:10A98000FFFFD11CD31CD51CD71CD91CDB1CDD1C24
:10A99000FFFFFFFFFFFFFFFFDF1CFFFFE11CFFFFCB
:10A9A000FFFFE31CE51CE71CFFFFE91CFFFFEB1C9E
:10A9B000FFFFFFFFFFFFFFFFFFFFFFFFEE1CF01C8D
:10A9C000F21CF41CFFFFFFFFFFFFF61CF81CFA1C33
:10A9D000FFFFFC1CFE1C001DFFFF021D041DFFFFEE
:10A9E000FFFFFFFFFFFFFFFFFFFFFFFFFFFF071D51
:10A9F000091D0B1D0D1D0F1DFFFF111D131D151D25
:10AA0000FFFF171DFFFFFFFFFFFF191DFFFF1B1DAE
:10AA1000FFFFFFFFFFFFFFFF1D1D1F1DFFFFFFFFCC
:10AA2000FFFFFFFF221D241D261D281D2A1D2C1D92
:10AA3000FFFF2E1D301D321DFFFFFFFFFFFFFFFF39
:10AA4000FFFF341D361DFFFFFFFF381D3A1DFFFFBE
:10AA50003C1DFFFFFFFFFFFFFFFFFFFFFFFF3F1D4D
:10AA6000411D431D451D471D491D4B1DFFFFFFFF98
:10AA7000FFFFFFFF4D1D4F1DFFFFFFFF511DFFFF9C
:10AA8000531D551D571DFFFFFFFF591DFFFFFFFF02
:10AA9000FFFFFFFFFFFFFFFF5C1D5E1D601D621DCE
:10AAA000FFFFFFFFFFFF641D661DFFFF681D6A1D9E
:10AAB0006C1D6E1DFFFF701D721DFFFFFFFFFFFF6E
:10AAC000FFFFFFFFFFFFFFFFFFFF751D771D791DD4
:10AAD0007B1D7D1D7F1D811DFFFFFFFFFFFFFFFF12
:10AAE000831D851D871DFFFFFFFF891DFFFFFFFFE2
:10AAF000FFFF8B1D8D1D8F1DFFFFFFFFFFFFFFFF62
:10AB0000FFFFFFFF921DFFFF941DFFFF961D981D85
:10AB10009A1DFFFFFFFF9C1D9E1DA01DA21DA41DD1
:10AB2000FFFFFFFFFFFFFFFFFFFFFFFFFFFFA71D6F
:10AB3000A91DAB1DAD1DFFFFAF1DB11DFFFFFFFF29
:10AB4000FFFFB31DFFFFB51DFFFFFFFFB71DB91DC1
:10AB5000BB1DBD1DFFFFBF1DFFFFFFFFFFFFFFFF71
:10AB6000FFFFFFFFC21DC41DFFFFC61DC81DCA1D7C
:10AB7000FFFFCC1DFFFFFFFFCE1DD01DD21DFFFF2D
:10AB8000D41DFFFFD61DD81DDA1DFFFFFFFFFFFFFD
:10AB9000FFFFFFFFFFFFFFFFFFFFDD1DDF1DE11DCB
:10ABA000E31DE51DE71DE91DFFFFFFFFFFFFFFFFA1
:10ABB000FFFFEB1DED1DEF1DFFFFFFFFF11DFFFF71
:10ABC000FFFFF31DF51DFFFFFFFFFFFFFFFFFFFF6F
:10ABD000F81DFA1DFC1DFE1D001EFFFFFFFFFFFFFD
:10ABE000021EFFFF041E061E081EFFFFFFFFFFFFE1
:10ABF000FFFF0A1E0C1EFFFFFFFFFFFFFFFF0F1EE0
:10AC0000111E131E151E171E191E1B1EFFFFFFFF10
:10AC1000FFFFFFFF1D1E1F1EFFFF211EFFFF231E44
:10AC2000251EFFFFFFFFFFFFFFFFFFFFFFFF271EA8
:10AC3000FFFFFFFF010003000500FFFF0700090001
:10AC40000B000D00FFFF0F00110013001500FFFFA8
:10AC500017001900FFFF1B001D001F00210023002B
:10AC6000FFFFFFFF250027002900FFFFFFFFFFFF79
:10AC7000FFFFFFFF2B002D002F00FFFFFFFFFFFF57
:10AC8000FFFFFFFFFFFFFFFFFFFFFFFFFFFFFFFFD4
:10AC9000FFFFFFFFFFFF32003400360038003A00AC
:10ACA0003C003E0040004200FFFF440046004800D8
:10ACB0004A004C00FFFFFFFF4E005000FFFFFFFF68
:10ACC0005200540056005800FFFFFFFFFFFFFFFF38
:10ACD0005A00FFFF5C00FFFF5E006000FFFFFFFF08
:10ACE0006200640066006800FFFFFFFFFFFFFFFFD8
:10ACF000FFFFFFFFFFFFFFFFFFFFFFFFFFFFFFFF64
:10AD0000FFFFFFFFFFFFFFFF6B006D006F00710093
:10AD1000730075007700FFFF79007B007D007F00E6
:10AD200081008300850087008900FFFFFFFF8B0003
:10AD3000FFFF8D00FFFFFFFF8F00FFFFFFFFFFFF03
:10AD4000FFFFFFFF9100930095009700FFFF990020
:10AD50009B009D009F00FFFFFFFFFFFFFFFFFFFF26
:10AD6000FFFFFFFFFFFFFFFFFFFFFFFFFFFFFFFFF3
:10AD7000FFFFFFFFFFFFA200A400A600A800AA009B
:10AD8000AC00AE00B000B200B400B600B800BA002B
:10AD9000BC00BE00C000FFFFC200C400FFFFFFFFF9
:10ADA000C600C800FFFFCA00CC00CE00FFFFD000E5
:10ADB000D200FFFFFFFFFFFFD400FFFFFFFFFFFFF9
:10ADC000FFFFD600FFFFD800FFFFFFFFFFFFFFFFE1
:10ADD000DA00FFFFDC00DE00FFFFE000FFFFFFFF07
:10ADE000FFFFFFFFFFFFFFFFFFFFFFFFFFFFFFFF73
:10ADF000FFFFFFFFFFFFFFFFE300E500E700E900C3
:10AE0000EB00ED00EF00F100F300F500F700F900B2
:10AE1000FB00FD00FFFFFFFFFFFFFFFFFFFFFFFF46
:10AE2000FF0001010301FFFFFFFFFFFF0501070115
:10AE3000FFFF0901FFFF0B010D010F01FFFF1101D2
:10AE4000FFFF13011501FFFFFFFFFFFFFFFFFFFFE4
:10AE5000FFFFFFFFFFFFFFFFFFFFFFFFFFFFFFFF02
:10AE6000FFFF18011A011C011E012001220124010B
:10AE70002601FFFF28012A012C012E013001320199
:10AE8000FFFF3401360138013A013C013E01400127
:10AE9000FFFF420144014601FFFF4801FFFFFFFFA2
:10AEA000FFFF4A014C014E0150015201540156016D
:10AEB000FFFF5801FFFFFFFFFFFFFFFF5A01FFFFEA
:10AEC000FFFFFFFF5C015E01FFFFFFFFFFFFFFFFD2
:10AED000FFFFFFFFFFFFFFFFFFFFFFFFFFFFFFFF82
:10AEE000FFFFFFFFFFFFFFFFFFFFFFFFFFFFFFFF72
:10AEF000FFFFFFFF610163016501670169016B01EC
:10AF00006D016F01FFFF71017301FFFF7501770193
:10AF10007901FFFF7B017D017F018101FFFF83013B
:10AF20008501870189018B01FFFF8D01FFFF8F01E3
:10AF3000910193019501970199019B019D019F0149
:10AF4000A101A301A501A701FFFFA901AB01FFFF1B
:10AF5000FFFFFFFFFFFFFFFFFFFFFFFFFFFFFFFF01
:10AF6000FFFFFFFFFFFFFFFFFFFFFFFFFFFFFFFFF1
:10AF7000FFFFFFFFFFFFFFFFFFFFFFFFFFFFFFFFE1
:10AF8000FFFFFFFFFFFFFFFFFFFFFFFFFFFFAE0120
:10AF9000B001B201B401B601B801BA01BC01FFFFB2
:10AFA000BE01C001C201C401C601C801FFFFCA0140
:10AFB000CC01CE01D001D201D401D601FFFFD801CE
:10AFC000DA01DC01DE01E001E201FFFFE401E6015C
:10AFD000E801EA01FFFFEC01EE01F001FFFFF201E1
:10AFE000FFFFFFFFFFFFF401FFFFF601F801FFFF86
:10AFF000FA01FC01FFFFFFFFFFFFFFFFFFFFFFFF65
:10B00000FFFFFFFFFFFFFFFFFFFFFFFFFFFFFFFF50
:10B01000FFFFFFFFFFFFFFFFFFFFFFFFFFFFFFFF40
:10B02000FFFFFFFFFFFFFFFFFFFFFFFFFFFFFFFF30
:10B03000FF01010203020502070209020B020D02D1
:10B04000FFFF0F021102FFFF130215021702FFFF9D
:10B0500019021B021D021F022102FFFFFFFF230234
:10B0600025022702FFFFFFFFFFFF29022B02FFFF40
:10B070002D02FFFF2F023102330235023702FFFF9C
:10B080003902FFFFFFFFFFFFFFFFFFFFFFFFFFFF93
:10B09000FFFFFFFFFFFFFFFFFFFFFFFFFFFFFFFFC0
:10B0A000FFFFFFFFFFFFFFFFFFFF3C023E024002EA
:10B0B0004202440246024802FFFF4A024C024E028C
:10B0C00050025202540256025802FFFF5A025C021A
:10B0D0005E026002FFFF62026402660268026A02A8
:10B0E0006C026E02FFFFFFFF7002720274027602B2
:10B0F00078027A02FFFF7C027E02FFFFFFFF8002E0
:10B1000082028402860288028A02FFFFFFFF8C020D
:10B11000FFFFFFFFFFFFFFFFFFFFFFFFFFFFFFFF3F
:10B12000FFFFFFFFFFFFFFFFFFFFFFFFFFFFFFFF2F
:10B13000FFFFFFFFFFFFFFFFFFFFFFFFFFFFFFFF1F
:10B14000FFFFFFFFFFFFFFFFFFFFFFFFFFFFFFFF0F
:10B150008F02910293029502970299029B02FFFFD0
:10B160009D029F02A102FFFFA302A502A702A9025E
:10B17000FFFFAB02FFFFAD02AF02FFFFFFFFB10217
:10B18000B302FFFFB502B702B902BB02BD02FFFF67
:10B19000FFFFBF02FFFFC102C302FFFFC502FFFFA7
:10B1A000FFFFFFFFFFFFFFFFFFFFFFFFFFFFFFFFAF
:10B1B000FFFFFFFFFFFFFFFFFFFFFFFFFFFFFFFF9F
:10B1C000FFFFC802CA02CC02CE02D002D202D402D1
:10B1D000FFFFD602D802FFFFDA02DC02DE02E00245
:10B1E000E202FFFFE402E602E802EA02EC02EE02FB
:10B1F000F002F202F402F602FFFFFFFFF802FFFF87
:10B20000FA02FC02FFFFFFFFFE02FFFFFFFF000349
:10B2100002030403FFFF060308030A030C03FFFFF6
:10B22000FFFFFFFFFFFFFFFFFFFFFFFFFFFFFFFF2E
:10B23000FFFFFFFFFFFFFFFFFFFFFFFFFFFFFFFF1E
:10B24000FFFFFFFFFFFFFFFFFFFFFFFFFFFFFFFF0E
:10B250000F03110313031503170319031B031D0326
:10B260001F03210323032503270329032B03FFFFC8
:10B27000FFFF2D032F03FFFF3103FFFF33033503D0
:10B28000370339033B033D033F0341034303FFFF00
:10B29000FFFF45034703FFFFFFFFFFFFFFFFFFFF28
:10B2A000FFFFFFFFFFFFFFFF49034B034D03FFFFBE
:10B2B0004F03FFFFFFFF5103FFFF53035503FFFF42
:10B2C000FFFFFFFFFFFFFFFFFFFFFFFFFFFFFFFF8E
:10B2D000FFFFFFFFFFFFFFFFFFFFFFFFFFFFFFFF7E
:10B2E000FFFF58035A035C035E03600362036403B9
:10B2F00066036803FFFFFFFF6A036C036E03FFFF33
:10B3000070037203740376037803FFFF7A037C03F0
:10B31000FFFF7E03800382038403FFFF860388030D
:10B320008A038C03FFFFFFFFFFFFFFFFFFFF8E037A
:10B3300090039203FFFFFFFFFFFFFFFFFFFFFFFFF1
:10B34000FFFFFFFFFFFFFFFFFFFFFFFFFFFFFFFF0D
:10B35000FFFFFFFFFFFFFFFFFFFFFFFF95039703C7
:10B3600099039B039D039F03A103A303A503FFFF71
:10B37000FFFFA703A903AB03FFFFAD03AF03B103B7
:10B38000B303FFFFB503B703B903FFFFBB03BD035F
:10B39000BF03C103FFFFC303C503C703C903FFFF07
:10B3A000FFFFFFFFFFFFFFFFFFFFCB03CD03FFFF0B
:10B3B000FFFFFFFFFFFFFFFFFFFFFFFFFFFFFFFF9D
:10B3C000FFFFFFFFFFFFFFFFFFFFFFFFFFFFFFFF8D
:10B3D000FFFFD003D203D403D603D803DA03DC0380
:10B3E000DE03E003FFFFFFFFE203E403E603E803FD
:10B3F000EA03EC03FFFFFFFFEE03F003F203F403A5
:10B40000F603F803FA03FC03FE0300040204040439
:10B41000060408040A040C040E0410041204FFFFBE
:10B42000FFFFFFFFFFFFFFFF1404FFFFFFFFFFFF12
:10B43000FFFFFFFFFFFFFFFFFFFFFFFFFFFFFFFF1C
:10B44000FFFFFFFFFFFFFFFFFFFFFFFFFFFFFFFF0C
:10B45000FFFFFFFFFFFFFFFFFFFFFFFFFFFFFFFFFC
:10B46000170419041B041D041F04210423042504CC
:10B47000FFFF270429042B042D042F04FFFFFFFFE7
:10B48000310433043504370439043B04FFFF3D0421
:10B490003F0441044304FFFF4504470449044B04AF
:10B4A0004D04FFFFFFFF4F045104FFFFFFFFFFFFAD
:10B4B000FFFFFFFF5304550457045904FFFFFFFF2C
:10B4C000FFFFFFFFFFFFFFFFFFFFFFFFFFFFFFFF8C
:10B4D000FFFFFFFFFFFFFFFFFFFFFFFFFFFFFFFF7C
:10B4E000FFFFFFFFFFFFFFFFFFFF5C045E04600440
:10B4F00062046404660468046A046C046E047004E4
:10B500007204740476047804FFFFFFFF7A047C045D
:10B51000FFFFFFFFFFFF7E04800482048404FFFF1F
:10B5200086048804FFFF8A048C04FFFF8E049004C5
:10B53000FFFFFFFF9204FFFFFFFF9404FFFFFFFFE9
:10B54000FFFFFFFFFFFFFFFFFFFFFFFFFFFFFFFF0B
:10B55000FFFFFFFFFFFFFFFFFFFFFFFFFFFFFFFFFB
:10B56000970499049B049D049F04A104A304A504CB
:10B57000A704FFFFFFFFA904AB04FFFFAD04AF0466
:10B58000B104FFFFFFFFB304B504B704B904BB0463
:10B59000BD04BF04FFFFC104C304C504C704C9043C
:10B5A000CB04CD04CF04D104D304D504FFFFFFFFA7
:10B5B000FFFFFFFFFFFFFFFFFFFFFFFFFFFFFFFF9B
:10B5C000FFFFFFFFFFFFFFFFFFFFFFFFFFFFFFFF8B
:10B5D000FFFFFFFFFFFFFFFFFFFFFFFFFFFFFFFF7B
:10B5E000FFFFD804DA04DC04DE04E004E204E4042F
:10B5F000E604E804EA04EC04EE04F004F204F404C3
:10B60000FFFFFFFFF604F804FFFFFA04FFFFFC044E
:10B61000FE040005FFFF020504050605FFFF0805FF
:10B620000A050C05FFFFFFFFFFFFFFFFFFFFFFFF06
:10B630000E05FFFFFFFF1005FFFFFFFFFFFFFFFFEE
:10B64000FFFF1205FFFFFFFFFFFFFFFFFFFFFFFFF1
:10B65000FFFFFFFFFFFFFFFFFFFFFFFF15051705C0
:10B6600019051B051D051F052105230525052705B2
:10B670002905FFFF2B052D052F05FFFFFFFF3105D6
:10B6800033053505370539053B05FFFFFFFF3D0550
:10B690003F05410543054505FFFFFFFFFFFF470548
:10B6A00049054B054D054F05FFFF51055305FFFFAC
:10B6B000FFFF5505570559055B055D055F05FFFF54
:10B6C000FFFFFFFFFFFFFFFFFFFFFFFFFFFFFFFF8A
:10B6D000FFFFFFFFFFFFFFFFFFFFFFFFFFFFFFFF7A
:10B6E000FFFFFFFFFFFFFFFFFFFFFFFFFFFFFFFF6A
:10B6F000FFFFFFFFFFFF62056405660568056A0539
:10B700006C05FFFF6E0570057205740576057805FA
:10B710007A057C057E058005FFFF8205FFFF840515
:10B72000FFFF86058805FFFFFFFFFFFFFFFFFFFF0D
:10B730008A058C058E0590059205FFFFFFFFFFFF30
:10B740009405FFFF96059805FFFFFFFFFFFFFFFF32
:10B75000FFFFFFFFFFFFFFFFFFFFFFFFFFFFFFFFF9
:10B76000FFFFFFFFFFFFFFFF9B059D059F05A10555
:10B77000A305A505A705A905AB05FFFFAD05AF0509
:10B78000B105B305B505B705B905FFFFFFFFBB055B
:10B79000FFFFFFFFFFFFBD05BF05FFFFFFFFC10567
:10B7A000FFFFFFFFFFFFC305C505FFFFFFFFFFFF13
:10B7B000FFFFC705FFFFFFFFFFFFFFFFFFFFFFFFCB
:10B7C000FFFFFFFFFFFFCA05CC05CE05D005D20560
:10B7D000D405D605D805DA05FFFFFFFFDC05DE0539
:10B7E000E005E205E405E605E805EA05EC05EE05F9
:10B7F000FFFFF005F205F405F605F805FA05FFFF71
:10B80000FC05FE05000602060406FFFFFFFFFFFF22
:10B81000FFFFFFFF060608060A060C060E06FFFFDE
:10B820001006FFFF12061406FFFFFFFFFFFFFFFFDA
:10B83000FFFFFFFFFFFFFFFFFFFFFFFFFFFFFFFF18
:10B84000FFFFFFFFFFFFFFFFFFFFFFFFFFFFFFFF08
:10B85000FFFFFFFFFFFFFFFFFFFFFFFFFFFFFFFFF8
:10B86000170619061B061D06FFFF1F0621062306E5
:10B870002506270629062B062D06FFFFFFFFFFFFE3
:10B88000FFFFFFFF2F0631063306FFFF3506FFFFE0
:10B89000370639063B063D063F0641064306450688
:10B8A000FFFF4706FFFFFFFFFFFFFFFFFFFFFFFF59
:10B8B000FFFFFFFFFFFFFFFFFFFFFFFFFFFFFFFF98
:10B8C000FFFFFFFFFFFF4A064C064E0650065206DA
:10B8D0005406560658065A065C06FFFFFFFFFFFF98
:10B8E0005E066006620664066606FFFFFFFFFFFF56
:10B8F0006806FFFFFFFFFFFF6A066C066E06700614
:10B90000FFFF7206FFFF7406FFFFFFFFFFFFFFFF51
:10B91000FFFFFFFFFFFFFFFFFFFFFFFFFFFFFFFF37
:10B92000770679067B067D06FFFF7F068106830684
:10B93000FFFF8506870689068B06FFFFFFFFFFFFD7
:10B940008D068F0691069306FFFFFFFF950697066B
:10B9500099069B069D069F06A106A306A506FFFF66
:10B96000A706FFFFFFFFFFFFFFFFFFFFFFFFFFFF38
:10B97000FFFFFFFFFFFFFFFFFFFFFFFFFFFFFFFFD7
:10B98000FFFFFFFFFFFFAA06AC06AE06FFFFFFFFAB
:10B99000B006B206B406B606B806BA06FFFFBC0685
:10B9A000BE06C006FFFFC206C406C606C806CA0613
:10B9B000CC06CE06D006D206D406FFFFFFFFD60681
:10B9C000FFFFFFFFFFFFFFFFFFFFFFFFFFFFFFFF87
:10B9D000FFFFFFFFFFFFFFFFFFFFFFFFFFFFFFFF77
:10B9E000FFFFFFFFD906DB06DD06FFFFDF06E106EE
:10B9F000E306E506E706E906FFFFEB06ED06FFFFB7
:10BA0000FFFFFFFFFFFFEF06F106F306FFFFF5065E
:10BA1000F706FFFFFFFFFFFFFFFFFFFFFFFFF90636
:10BA2000FB06FD06FF06FFFFFFFFFFFFFFFFFFFF17
:10BA3000FFFFFFFFFFFF02070407060708070A07CB
:10BA40000C070E0710071207FFFFFFFF140716076A
:10BA500018071A071C07FFFFFFFFFFFF1E0720073D
:10BA600022072407260728072A072C072E07FFFF8F
:10BA700030073207FFFF3407FFFF360738073A0762
:10BA80003C073E074007420744074607FFFFFFFF0A
:10BA9000FFFFFFFFFFFFFFFFFFFFFFFFFFFFFFFFB6
:10BAA000FFFFFFFFFFFFFFFFFFFFFFFFFFFFFFFFA6
:10BAB000FFFFFFFFFFFFFFFFFFFFFFFFFFFFFFFF96
:10BAC000FFFFFFFF49074B074D074F075107FFFFD8
:10BAD000FFFF53075507FFFFFFFFFFFFFFFF57075C
:10BAE0005907FFFF5B075D075F07FFFFFFFFFFFFD2
:10BAF000FFFFFFFFFFFF62076407660768076A072B
:10BB00006C076E07700772077407760778077A0765
:10BB10007C077E07800782078407FFFF8607880768
:10BB20008A078C07FFFF8E0790079207FFFF940795
:10BB3000FFFFFFFF9607FFFF98079A07FFFFFFFF32
:10BB4000FFFFFFFFFFFFFFFF9C079E07A007A20765
:10BB5000A407A607A807AA07AC07AE07FFFFB00710
:10BB6000FFFFFFFFFFFFFFFFFFFFFFFFFFFFFFFFE5
:10BB7000FFFFFFFFFFFFFFFFFFFFFFFFFFFFFFFFD5
:10BB8000FFFFFFFFFFFFFFFFFFFFFFFFFFFFFFFFC5
:10BB9000FFFFFFFFFFFFFFFFB307B507B707B907B9
:10BBA000BB07FFFFFFFFBD07FFFFFFFFFFFFBF0753
:10BBB000C107C307FFFFC507C707FFFFFFFFFFFF61
:10BBC000FFFFFFFFFFFFCA07CC07CE07D007FFFF2D
:10BBD000D207D407D607D807DA07DC07DE07E00765
:10BBE000FFFFFFFFFFFFFFFFFFFFE207E407E6079E
:10BBF000E807EA07EC07EE07F007F207FFFFFFFF91
:10BC0000F407FFFFF607F807FFFFFFFFFA07FC073F
:10BC1000FE070008FFFFFFFFFFFFFFFFFFFFFFFF23
:10BC2000FFFFFFFFFFFFFFFFFFFFFFFFFFFFFFFF24
:10BC3000FFFFFFFFFFFFFFFF030805080708FFFFE7
:10BC4000FFFF09080B080D08FFFF0F081108130874
:10BC50001508170819081B081D08FFFFFFFFFFFF45
:10BC6000FFFFFFFF1F082108230825082708FFFF03
:10BC7000FFFFFFFFFFFFFFFFFFFFFFFFFFFFFFFFD4
:10BC8000FFFFFFFFFFFF2A082C082E0830083208AC
:10BC9000FFFFFFFF3408FFFFFFFFFFFF3608FFFF36
:10BCA00038083A08FFFFFFFFFFFFFFFF3D083F088E
:10BCB0004108FFFFFFFF43084508470849084B08B4
:10BCC0004D084F085108FFFFFFFFFFFFFFFF53081C
:10BCD0005508FFFFFFFFFFFFFFFF570859085B08EC
:10BCE0005D08FFFFFFFFFFFFFFFFFFFFFFFFFFFFFD
:10BCF000FFFF60086208640866086808FFFFFFFF2E
:10BD00006A086C086E08700872087408760878086B
:10BD10007A087C08FFFF7E088008FFFF82088408FD
:10BD2000FFFFFFFF860888088A088C088E089008A5
:10BD3000FFFFFFFFFFFFFFFFFFFFFFFFFFFFFFFF13
:10BD4000FFFFFFFFFFFFFFFFFFFFFFFFFFFFFFFF03
:10BD5000FFFFFFFFFFFFFFFF930895089708990873
:10BD6000FFFF9B089D089F08FFFFA108FFFFA30896
:10BD7000A508A708FFFFFFFFFFFFA908AB08FFFF0B
:10BD8000AD08FFFFFFFFFFFFAF08FFFFFFFFB10898
:10BD9000B308FFFFFFFFFFFFFFFFFFFFFFFFB60836
:10BDA000B808BA08FFFFBC08BE08C008FFFFFFFFC5
:10BDB000C208C408C608C808FFFFCA08CC08CE08D5
:10BDC000D008D208FFFFD408D608D808DA08DC0863
:10BDD000FFFFFFFFDE08FFFFFFFFFFFFFFFFFFFF8B
:10BDE000FFFFFFFFFFFFFFFFFFFFFFFFFFFFFFFF63
:10BDF000FFFFFFFFE108E308E508FFFFFFFFE7089B
:10BE0000E908EB08ED08EF08F108F308F508F70872
:10BE1000F908FB08FD08FF0801090309FFFF0509F0
:10BE200007090909FFFF0B090D090F09110913097A
:10BE3000FFFF1509170919091B09FFFFFFFFFFFF86
:10BE4000FFFFFFFFFFFFFFFFFFFFFFFFFFFFFFFF02
:10BE5000FFFFFFFFFFFFFFFFFFFFFFFFFFFFFFFFF2
:10BE6000FFFFFFFFFFFFFFFFFFFFFFFFFFFF1E09B9
:10BE700020092209FFFFFFFF2409260928092A09B2
:10BE80002C092E093009FFFF3209FFFF3409FFFF9B
:10BE9000360938093A09FFFFFFFFFFFF3C093E0959
:10BEA0004009420944094609FFFFFFFFFFFFFFFF6A
:10BEB000FFFFFFFFFFFFFFFFFFFFFFFFFFFFFFFF92
:10BEC000FFFFFFFF49094B094D094F095109FFFFCA
:10BED000FFFF53095509FFFFFFFF570959095B0988
:10BEE0005D09FFFF5F09FFFFFFFF61096309650946
:10BEF0006709FFFFFFFFFFFFFFFFFFFFFFFFFFFFE0
:10BF0000FFFFFFFFFFFF6A096C096E0970097209E4
:10BF100074097609FFFF78097A097C097E0980098E
:10BF2000FFFFFFFF82098409860988098A098C09B5
:10BF30008E0990099209940996099809FFFFFFFF5D
:10BF40009A09FFFFFFFFFFFFFFFF9C09FFFF9E090C
:10BF5000A009A209A409FFFFA609FFFFFFFFFFFF39
:10BF6000FFFFFFFFFFFFFFFFFFFFFFFFFFFFFFFFE1
:10BF7000FFFFFFFFFFFFFFFFFFFFFFFFFFFFFFFFD1
:10BF8000FFFFFFFFA909AB09FFFFAD09AF09B10929
:10BF9000FFFFB309B509FFFFFFFFB709FFFFB909AD
:10BFA000BB09FFFFBD09BF09C109C309C509FFFFDF
:10BFB000FFFFFFFFFFFFFFFFFFFFFFFFFFFFFFFF91
:10BFC000FFFFC809CA09CC09FFFFFFFFCE09D0094E
:10BFD000D209FFFFD409D609D809FFFFFFFFFFFFF1
:10BFE000FFFFDA09FFFFFFFFDC09DE09FFFFFFFFAC
:10BFF000FFFFFFFFE109E309E509E709E909FFFFA1
:10C00000FFFFEB09FFFFFFFFFFFFED09EF09F1095C
:10C01000F309F509F709FFFFFFFFFFFFFFFFFFFF30
:10C02000FFFFFFFFFFFFFA09FC09FE09FFFFFFFF0B
:10C03000000A020A040A060AFFFF080A0A0A0C0A92
:10C040000E0A100A120A140A160A180A1A0A1C0AF8
:10C05000FFFFFFFF1E0AFFFF200A220AFFFF240A3C
:10C06000FFFFFFFFFFFFFFFFFFFFFFFFFFFFFFFFE0
:10C07000FFFFFFFFFFFFFFFFFFFFFFFFFFFFFFFFD0
:10C08000270A290A2B0AFFFFFFFFFFFF2D0A2F0AAD
:10C09000310A330A350AFFFFFFFF370A390AFFFF6B
:10C0A000FFFFFFFFFFFFFFFFFFFF3C0A3E0A400AC2
:10C0B000FFFFFFFF420A440A460AFFFF480A4A0AF6
:10C0C0004C0AFFFF4E0A500A520A540AFFFFFFFFB4
:10C0D000560AFFFF580A5A0A5C0A5E0A600A620A98
:10C0E000FFFFFFFFFFFFFFFFFFFFFFFFFFFFFFFF60
:10C0F000FFFFFFFFFFFFFFFFFFFFFFFF650A670A6C
:10C10000690A6B0A6D0AFFFF6F0A710AFFFFFFFFE2
:10C11000FFFF730A750A770AFFFF790A7B0A7D0A17
:10C120007F0A810AFFFF830A850A870A890A8B0A28
:10C130008D0AFFFFFFFFFFFFFFFFFFFFFFFFFFFF76
:10C14000FFFFFFFFFFFFFFFFFFFFFFFFFFFFFFFFFF
:10C15000FFFF900A920A940A960A980A9A0A9C0A81
:10C16000FFFFFFFFFFFFFFFF9E0AA00AA20AA40A2B
:10C17000A60AA80AAA0AAC0AFFFFAE0AB00AB20AC7
:10C18000B40AB60AB80ABA0ABC0ABE0AC00AFFFF55
:10C19000FFFFC20AFFFFFFFFFFFFC40AFFFFFFFF11
:10C1A000FFFFFFFFFFFFFFFFFFFFFFFFFFFFFFFF9F
:10C1B000FFFFFFFFFFFFFFFFFFFFFFFFFFFFFFFF8F
:10C1C000C70AC90AFFFFCB0ACD0ACF0AD10AD30A90
:10C1D000D50AD70AD90ADB0ADD0ADF0AE10AE30A2F
:10C1E000E50AE70AFFFFE90AEB0AED0AEF0AF10A9E
:10C1F000F30AF50AF70AF90AFB0AFFFFFFFFFD0A37
:10C20000FF0AFFFFFFFFFFFFFFFFFFFFFFFFFFFF33
:10C21000FFFFFFFFFFFFFFFFFFFFFFFFFFFFFFFF2E
:10C22000FFFFFFFFFFFFFFFFFFFFFFFFFFFFFFFF1E
:10C23000FFFFFFFFFFFF020B040B060BFFFFFFFFDB
:10C24000080B0A0B0C0B0E0BFFFF100B120B140B41
:10C25000160B180B1A0B1C0B1E0B200B220B240B9E
:10C26000FFFFFFFF260BFFFF280B2A0BFFFFFFFF3F
:10C27000FFFFFFFFFFFFFFFFFFFFFFFFFFFFFFFFCE
:10C28000FFFFFFFFFFFFFFFFFFFFFFFF2D0B2F0B48
:10C29000310BFFFFFFFF330B350B370B390BFFFF64
:10C2A0003B0BFFFFFFFFFFFFFFFF3D0B3F0BFFFFC0
:10C2B000FFFF410B430BFFFFFFFFFFFFFFFF460B9D
:10C2C000FFFF480B4A0B4C0B4E0B500BFFFFFFFFC1
:10C2D000520B540B560B580B5A0BFFFF5C0B5E0BAB
:10C2E000600B620B640B660BFFFFFFFFFFFFFFFF9E
:10C2F000FFFFFFFFFFFFFFFFFFFFFFFFFFFFFFFF4E
:10C30000FFFFFFFF690B6B0B6D0BFFFFFFFF6F0B59
:10C31000710B730B750BFFFFFFFF770B790B7B0B1B
:10C320007D0BFFFFFFFF7F0BFFFF810B830B850B57
:10C33000870BFFFFFFFFFFFFFFFFFFFFFFFFFFFF79
:10C34000FFFFFFFFFFFF8A0B8C0B8E0B900B920BF6
:10C35000940B960B980B9A0BFFFF9C0B9E0BA00B5C
:10C36000FFFFFFFFA20BA40BFFFFFFFFA60BFFFFCA
:10C37000A80BAA0BAC0BAE0BB00BB20BFFFFB40BB0
:10C38000FFFFFFFFFFFFB60BFFFFB80BBA0BBC0BA5
:10C39000BE0BC00BFFFFFFFFFFFFFFFFFFFFFFFF15
:10C3A000FFFFFFFFFFFFFFFFFFFFFFFFFFFFFFFF9D
:10C3B000FFFFFFFFFFFFFFFFC30BC50BC70BFFFF17
:10C3C000FFFFC90BFFFFFFFFCB0BCD0BCF0BD10B3B
:10C3D000D30BFFFFFFFFFFFFFFFFFFFFFFFFD60BAA
:10C3E000D80BDA0BFFFFFFFFDC0BDE0BE00BFFFFD0
:10C3F000E20BE40BFFFFE60BE80BEA0BEC0BEE0B9A
:10C40000FFFFFFFFF00BFFFFF20BF40BF60BF80B37
:10C41000FA0BFC0BFFFFFFFFFFFFFFFFFFFFFFFF1C
:10C42000FFFFFFFFFFFFFFFFFFFFFFFFFFFFFFFF1C
:10C43000FF0B010C030C050C070CFFFFFFFFFFFFB8
:10C44000FFFF090C0B0C0D0C0F0C110C130CFFFF54
:10C45000FFFF150C170C190C1B0C1D0CFFFFFFFF29
:10C46000FFFFFFFFFFFFFFFFFFFFFFFFFFFFFFFFDC
:10C47000FFFF200C220C240C260C280CFFFFFFFFD2
:10C480002A0C2C0C2E0C300CFFFF320CFFFF340C4E
:10C49000360C380CFFFFFFFF3A0C3C0C3E0C400CF6
:10C4A000FFFFFFFFFFFFFFFFFFFFFFFFFFFFFFFF9C
:10C4B000FFFFFFFFFFFFFFFF430C450C470CFFFF93
:10C4C000FFFF490C4B0C4D0CFFFF4F0C510CFFFFB5
:10C4D000530CFFFFFFFF550C570CFFFFFFFF590CDC
:10C4E0005B0CFFFF5D0CFFFFFFFFFFFFFFFFFFFF88
:10C4F000FFFF600C620CFFFF640C660C680CFFFF12
:10C500006A0C6C0CFFFFFFFF6E0C700C720C740C4D
:10C51000FFFF760C780C7A0CFFFFFFFFFFFFFFFF99
:10C52000FFFFFFFFFFFFFFFFFFFFFFFF7D0C7F0C03
:10C53000810CFFFFFFFF830C850C870C890C8B0C93
:10C540008D0C8F0C910CFFFF930C950C970CFFFF3B
:10C55000FFFF990C9B0CFFFFFFFFFFFFFFFF9D0CF0
:10C560009F0CFFFFA10CFFFFFFFFFFFFFFFFFFFF7F
:10C57000FFFFFFFFFFFFFFFFFFFFA40CA60CA80CAF
:10C58000AA0CAC0CFFFFFFFFFFFFFFFFAE0CB00CCF
:10C59000B20CFFFFB40CB60CB80CBA0CBC0CBE0C41
:10C5A000C00CC20CFFFFFFFFFFFFFFFFFFFFFFFFFD
:10C5B000FFFFFFFFFFFFFFFFFFFFFFFFC50CFFFFB8
:10C5C000C70CC90CFFFFCB0CCD0CCF0CD10CD30C7E
:10C5D000D50CD70CD90CDB0CDD0CDF0CE10CFFFF0C
:10C5E000E30CFFFFFFFFFFFFFFFFFFFFFFFFFFFF6A
:10C5F000FFFFFFFFFFFFFFFFFFFFFFFFFFFFE60C57
:10C60000E80CEA0CEC0CEE0CFFFFFFFFF00CF20C58
:10C61000F40CF60CF80CFA0CFC0CFFFFFFFFFFFF0C
:10C62000FE0C000D020DFFFF040D060D080D0A0D96
:10C63000FFFFFFFFFFFFFFFFFFFFFFFFFFFFFFFF0A
:10C64000FFFFFFFFFFFFFFFFFFFFFFFF0D0D0F0DC0
:10C65000110D130D150DFFFF170DFFFFFFFFFFFF5E
:10C66000FFFF190D1B0D1D0D1F0D210D230DFFFFCC
:10C67000250D270D290D2B0DFFFF2D0D2F0DFFFF74
:10C68000FFFFFFFFFFFFFFFFFFFFFFFFFFFFFFFFBA
:10C69000FFFFFFFFFFFF320D340D360DFFFFFFFFE1
:10C6A000380D3A0D3C0DFFFFFFFFFFFF3E0D400D23
:10C6B000FFFF420D440D460DFFFFFFFFFFFFFFFF91
:10C6C000FFFFFFFF490D4B0D4D0D4F0DFFFFFFFF0E
:10C6D000510DFFFFFFFF530D550DFFFFFFFF570DDE
:10C6E000590D5B0D5D0D5F0D610DFFFFFFFFFFFF3E
:10C6F000FFFFFFFFFFFFFFFFFFFF640D660D680DEB
:10C70000FFFFFFFF6A0D6C0D6E0D700D720D740D45
:10C71000760D780D7A0D7C0D7E0D800D820DFFFF5C
:10C72000840DFFFF860D880DFFFFFFFF8A0DFFFFC1
:10C73000FFFFFFFFFFFFFFFFFFFFFFFFFFFFFFFF09
:10C74000FFFFFFFFFFFFFFFFFFFFFFFF8D0D8F0DBF
:10C75000910D930D950D970D990D9B0D9D0D9F0DB1
:10C76000A10DA30DA50DFFFFA70DA90DAB0DFFFF9B
:10C77000FFFFFFFFFFFFFFFFFFFFAD0DAF0DB10D8F
:10C78000B30DFFFFFFFFB50DFFFFB70DB90DFFFFA5
:10C79000FFFFFFFFFFFFFFFFBB0DFFFFBD0DFFFF13
:10C7A000FFFFFFFFFFFFFFFFFFFFFFFFFFFFFFFF99
:10C7B000FFFFC00DC20DC40DFFFFFFFFC60DFFFF41
:10C7C000C80DFFFFCA0DCC0DCE0DD00DD20DD40D6E
:10C7D000FFFFFFFFFFFFFFFFFFFFFFFFFFFFFFFF69
:10C7E000D70DD90DDB0DFFFFDD0DDF0DE10DFFFFD7
:10C7F000FFFFE30DE50DE70DE90DFFFFEB0DED0D7F
:10C80000EF0DF10DF30DF50DF70DFFFFF90DFB0D1C
:10C81000FD0DFFFFFF0DFFFF010E030E050E070EBE
:10C82000090E0B0E0D0EFFFFFFFFFFFFFFFFFFFFC7
:10C83000FFFFFFFFFFFFFFFFFFFFFFFFFFFFFFFF08
:10C84000FFFFFFFFFFFFFFFFFFFFFFFFFFFFFFFFF8
:10C85000FFFF100E120EFFFF140E160E180E1A0E0A
:10C860001C0E1E0E200E220E240E260EFFFF280E7A
:10C870002A0E2C0E2E0E300EFFFFFFFF320E340E4E
:10C88000FFFFFFFFFFFFFFFFFFFFFFFF360EFFFF72
:10C89000FFFFFFFFFFFFFFFFFFFFFFFFFFFFFFFFA8
:10C8A000FFFFFFFF390E3B0E3D0E3F0E410E430EC4
:10C8B000450E470E490E4B0E4D0EFFFFFFFFFFFFCB
:10C8C0004F0E510E530E550EFFFF570E590EFFFF20
:10C8D0005B0EFFFFFFFFFFFF5D0EFFFF5F0EFFFF21
:10C8E000FFFF610E630EFFFFFFFF650E670EFFFF88
:10C8F000FFFFFFFFFFFFFFFFFFFFFFFFFFFFFFFF48
:10C90000FFFFFFFFFFFF6A0E6C0E6E0EFFFFFFFFC3
:10C91000700EFFFF720E740E760EFFFF780E7A0E09
:10C920007C0E7E0EFFFFFFFF800E820EFFFFFFFFDB
:10C93000FFFFFFFFFFFFFFFFFFFFFFFF850E870EDB
:10C94000890E8B0EFFFF8D0E8F0EFFFF910E930E43
:10C95000950E970E990EFFFFFFFF9B0E9D0EFFFF9A
:10C96000FFFF9F0EA10EA30EA50EFFFFFFFFFFFF0F
:10C97000FFFFFFFFFFFFA70EFFFFA90EAB0EAD0EDF
:10C98000AF0EFFFFFFFFFFFFFFFFFFFFFFFFFFFFF8
:10C99000FFFFFFFFFFFFB20EFFFFB40EB60EB80E93
:10C9A000BA0EFFFFBC0EBE0EFFFFFFFFC00EFFFF63
:10C9B000C20EC40EFFFFC60EFFFFFFFFC80ECA0E59
:10C9C000FFFFFFFFFFFFFFFFFFFFFFFFCD0ECF0EBB
:10C9D000D10ED30ED50ED70EFFFFD90EDB0EDD0E16
:10C9E000FFFFDF0EE10EFFFFE30EFFFFE50EE70E98
:10C9F000E90EEB0EED0EEF0EF10EFFFFFFFFFFFF56
:10CA0000FFFFF30EFFFFFFFFFFFFFFFFF50EFFFF2E
:10CA1000F70EF90EFB0EFD0EFF0EFFFFFFFFFFFFEF
:10CA2000FFFFFFFFFFFFFFFFFFFFFFFFFFFFFFFF16
:10CA3000FFFFFFFFFFFF020FFFFF040F060F080FAE
:10CA40000A0FFFFF0C0F0E0FFFFFFFFFFFFFFFFF9F
:10CA5000100F120F140F160F180F1A0FFFFFFFFF02
:10CA6000FFFFFFFFFFFFFFFFFFFFFFFF1D0F1F0F78
:10CA7000210FFFFF230F250F270FFFFFFFFF290FB8
:10CA8000FFFF2B0F2D0FFFFFFFFFFFFF2F0F310FBA
:10CA9000330FFFFFFFFF350FFFFF370F390FFFFF8A
:10CAA000FFFFFFFFFFFFFFFFFFFF3C0F3E0FFFFFFA
:10CAB000400F420F440F460F480F4A0F4C0F4E0FC6
:10CAC000FFFFFFFF500F520F540F560F580F5A0F12
:10CAD000FFFF5C0F5E0F600FFFFFFFFF620F640F31
:10CAE000660F680FFFFFFFFFFFFFFFFFFFFFFFFF66
:10CAF000FFFFFFFFFFFFFFFFFFFFFFFFFFFFFFFF46
:10CB0000FFFFFFFFFFFFFFFF6B0F6D0FFFFF6F0FBB
:10CB1000710FFFFFFFFF730F750F770F790F7B0FFB
:10CB20007D0F7F0F810F830F850F870F890F8B0F6D
:10CB3000FFFFFFFFFFFFFFFFFFFFFFFFFFFFFFFF05
:10CB4000FFFFFFFFFFFFFFFFFFFFFFFFFFFF8E0F56
:10CB5000900F920F940F960F980F9A0F9C0F9E0FA5
:10CB6000FFFFA00FA20FA40FFFFFFFFFA60FFFFF05
:10CB7000A80FAA0FFFFFAC0FFFFFFFFFFFFFFFFF94
:10CB8000FFFFAE0FB00FB20FB40FB60FFFFFFFFFE6
:10CB9000FFFFFFFFFFFFFFFFFFFFFFFFFFFFFFFFA5
:10CBA000FFFFFFFFB90FBB0FBD0FBF0FFFFFC10F8F
:10CBB000C30FC50FFFFFC70FFFFFC90FCB0FFFFF4D
:10CBC000FFFFFFFFFFFFCD0FCF0FFFFFFFFFD10FD5
:10CBD000D30FD50FD70FFFFFFFFFFFFFFFFFFFFFB3
:10CBE000FFFFFFFFFFFFDA0FFFFFDC0FDE0FFFFF8E
:10CBF000E00FE20FE40FE60FFFFFFFFFE80FFFFF7C
:10CC0000EA0FEC0FFFFFFFFFFFFFFFFFFFFFFFFF3C
:10CC1000EF0FFFFFF10FF30FF50FF70FF90FFB0FFA
:10CC2000FD0FFF0F01100310FFFF05100710FFFF9E
:10CC3000FFFF09100B100D100F10FFFFFFFFFFFF8C
:10CC4000FFFFFFFFFFFFFFFFFFFFFFFFFFFFFFFFF4
:10CC5000FFFFFFFFFFFF1210141016101810FFFF48
:10CC60001A101C10FFFFFFFF1E10FFFF20102210E4
:10CC7000FFFFFFFFFFFF241026102810FFFF2A10E0
:10CC8000FFFF2C102E103010FFFFFFFFFFFFFFFFF4
:10CC9000FFFFFFFFFFFFFFFF331035103710FFFFCF
:10CCA00039103B103D10FFFFFFFF3F1041104310B4
:10CCB0004510FFFF471049104B104D104F105110F9
:10CCC000FFFFFFFF531055105710FFFF59105B1067
:10CCD0005D105F106110FFFFFFFFFFFFFFFFFFFF11
:10CCE000FFFFFFFFFFFFFFFFFFFFFFFFFFFFFFFF54
:10CCF000FFFFFFFFFFFFFFFFFFFF641066106810DC
:10CD00006A106C106E10701072107410761078101B
:10CD1000FFFFFFFFFFFFFFFF7A107C107E10FFFF79
:10CD200080108210FFFF8410FFFF8610FFFF881025
:10CD3000FFFFFFFF8A108C108E10FFFF9010FFFF87
:10CD4000FFFFFFFFFFFFFFFFFFFFFFFFFFFFFFFFF3
:10CD5000FFFFFFFFFFFFFFFF9310FFFF95109710EE
:10CD600099109B10FFFFFFFF9D10FFFFFFFFFFFFCC
:10CD70009F10FFFFA110FFFFFFFFA410A610A81037
:10CD8000AA10AC10AE10B010B210FFFFB410B61065
:10CD9000B810BA10BC10BE10FFFFC010C210C410F3
:10CDA000C610C810FFFFCA10CC10CE10FFFFFFFF47
:10CDB000D010D210FFFFD410FFFFFFFFD610D81005
:10CDC000DA10FFFFFFFFDC10DE10FFFFE010E210C3
:10CDD000FFFFE410FFFFFFFFFFFFE610FFFFFFFF75
:10CDE000FFFFFFFFFFFFFFFFFFFFFFFFFFFFFFFF53
:10CDF000FFFFFFFFFFFFFFFFFFFFFFFFFFFFFFFF43
:10CE0000FFFFFFFFE910EB10FFFFED10EF10F11037
:10CE1000FFFFF310F510F710FFFFF910FB10FD10E6
:10CE2000FF100111FFFF03110511FFFF0711091189
:10CE30000B110D110F11FFFFFFFFFFFFFFFFFFFFA2
:10CE4000FFFFFFFFFFFFFFFFFFFFFFFFFFFFFFFFF2
:10CE5000FFFFFFFFFFFF12111411161118111A1115
:10CE6000FFFFFFFF1C11FFFF1E1120112211FFFF0A
:10CE70002411261128112A112C112E11FFFFFFFF5A
:10CE80003011FFFF3211341136113811FFFFFFFF4F
:10CE9000FFFFFFFFFFFFFFFFFFFFFFFFFFFFFFFFA2
:10CEA000FFFFFFFFFFFFFFFF3B113D113F1141114E
:10CEB00043114511FFFF4711FFFF49114B11FFFFC0
:10CEC000FFFFFFFFFFFF4D114F1151115311FFFFE6
:10CED00055115711FFFF59115B115D11FFFFFFFF46
:10CEE000FFFFFFFFFFFFFFFFFFFFFFFFFFFFFFFF52
:10CEF000FFFF601162116411661168116A116C11F3
:10CF0000FFFFFFFF6E11701172117411761178110D
:10CF10007A117C11FFFFFFFF7E11FFFF8011FFFFE1
:10CF200082118411861188118A118C11FFFF8E11D4
:10CF3000FFFF9011FFFFFFFFFFFF9211FFFFFFFFB9
:10CF4000FFFF9411FFFFFFFFFFFFFFFFFFFFFFFF4A
:10CF5000FFFFFFFFFFFFFFFFFFFFFFFFFFFFFFFFE1
:10CF6000971199119B119D119F11A111A311A51149
:10CF7000A711A911FFFFFFFFFFFFFFFFFFFFAB118D
:10CF8000AD11AF11FFFFB111B311FFFFFFFFFFFFA5
:10CF9000B511FFFFFFFFB711B911FFFFBB11FFFF75
:10CFA000FFFFFFFFFFFFFFFFFFFFFFFFFFFFBE11C0
:10CFB000FFFFC011C211C411FFFFFFFFC611C8114E
:10CFC000CA11CC11CE11D011D211D411D611D81151
:10CFD000DA11DC11FFFFFFFFFFFFFFFFFFFFFFFF85
:10CFE000FFFFFFFFFFFFFFFFFFFFFFFFFFFFFFFF51
:10CFF000DF11FFFFE111E311E511E711E911EB1179
:10D00000FFFFFFFFED11EF11F111FFFFFFFFFFFF2A
:10D01000FFFFF311F511FFFFFFFFFFFFFFFFFFFF12
:10D02000FFFFF811FA11FC11FE1100120212041296
:10D030000612FFFFFFFF0812FFFFFFFF0A120C128C
:10D04000FFFF0E12FFFFFFFF1012FFFF121214125C
:10D05000FFFFFFFFFFFFFFFF161218121A121C122C
:10D06000FFFFFFFFFFFFFFFFFFFFFFFFFFFFFFFFD0
:10D070001F12211223122512FFFF27122912FFFF70
:10D08000FFFF2B12FFFF2D122F12FFFFFFFFFFFFED
:10D09000311233123512FFFFFFFF37123912FFFF33
:10D0A000FFFFFFFFFFFFFFFFFFFF3C12FFFF3E12EE
:10D0B000401242124412461248124A124C124E12A8
:10D0C000FFFF50125212FFFFFFFFFFFF54125612D4
:10D0D00058125A125C125E12FFFFFFFFFFFFFFFFA4
:10D0E000FFFFFFFFFFFFFFFFFFFFFFFFFFFFFFFF50
:10D0F000FFFFFFFF611263126512671269126B1264
:10D100006D126F12FFFFFFFF71127312751277120B
:10D110007912FFFF7B127D12FFFF7F1281128312B3
:10D120008512871289128B12FFFFFFFFFFFFFFFF9F
:10D13000FFFF8D128F12FFFFFFFFFFFFFFFFFFFFBB
:10D14000FFFFFFFF9112FFFFFFFFFFFFFFFFFFFF4A
:10D15000FFFFFFFFFFFFFFFFFFFF941296129812E1
:10D160009A129C12FFFF9E12A012A212A412A612E3
:10D17000FFFFFFFFA812AA12AC12FFFFAE12B012FF
:10D18000B212B412FFFFFFFFFFFFFFFFFFFFFFFF21
:10D19000FFFFB612B812FFFFFFFFBA12BC12BE1299
:10D1A000FFFFFFFFFFFFFFFFFFFFFFFFFFFFFFFF8F
:10D1B000FFFFFFFFC112C312C512C712C912CB1263
:10D1C000CD12FFFFCF12D112D312D512D712D9121E
:10D1D000DB12DD12FFFFDF12FFFFFFFFE112E312A0
:10D1E000FFFFE512E712FFFFFFFFE912EB12FFFF5F
:10D1F000FFFFFFFFED12EF12FFFFFFFFFFFFF11236
:10D20000FFFFFFFFF312FFFFFFFFF512FFFFFFFF1E
:10D21000FFFFFFFFFFFFFFFFFFFFFFFFFFFFFFFF1E
:10D22000FFFFF812FA12FC12FE12FFFF00130213A6
:10D23000FFFF0413061308130A130C13FFFFFFFF6D
:10D24000FFFFFFFF0E1310131213FFFFFFFFFFFF7F
:10D25000141316131813FFFFFFFFFFFFFFFFFFFF5D
:10D26000FFFFFFFFFFFFFFFF1B131D131F13211302
:10D270002313251327132913FFFF2B13FFFF2D1350
:10D28000FFFF2F133113FFFFFFFFFFFFFFFF3313DC
:10D290003513371339133B133D133F134113431316
:10D2A0004513FFFF47134913FFFFFFFFFFFFFFFF7A
:10D2B000FFFFFFFFFFFFFFFFFFFFFFFFFFFFFFFF7E
:10D2C000FFFFFFFFFFFFFFFFFFFF4C13FFFF4E13AA
:10D2D00050135213FFFFFFFF541356135813FFFF51
:10D2E000FFFF5A13FFFFFFFF5C135E13FFFFFFFFFB
:10D2F000FFFFFFFF61136313FFFF65136713FFFF5A
:10D30000FFFF69136B13FFFFFFFF6D136F13FFFF29
:10D31000FFFF71137313FFFFFFFFFFFFFFFF761384
:10D3200078137A13FFFFFFFF7C137E13FFFFFFFFCD
:10D3300080138213841386138813FFFF8A138C13C0
:10D340008E139013FFFFFFFFFFFFFFFFFFFFFFFFA5
:10D35000FFFFFFFFFFFFFFFF931395139713991331
:10D360009B139D139F13FFFFA113A313FFFFFFFF49
:10D37000FFFFA513A713FFFFFFFFFFFFFFFFA91389
:10D38000FFFFAB13AD13FFFFFFFFAF13B113B313D9
:10D39000B513FFFFFFFFFFFFFFFFFFFFFFFFFFFFD3
:10D3A000FFFFB813BA13FFFFBC13BE13FFFFC01378
:10D3B000C213C413FFFFC613C813FFFFCA13CC1355
:10D3C000FFFFFFFFCE13D013D213D413D613D813FD
:10D3D000FFFFFFFFFFFFFFFFFFFFFFFFFFFFFFFF5D
:10D3E000FFFFFFFFFFFFFFFFDB13DD13DF13E11381
:10D3F000E313FFFFFFFFE513FFFFE713E913EB1351
:10D40000FFFFED13EF13F113F313F513F713FFFF02
:10D41000FFFFF913FFFFFB13FD13FF130114FFFFC1
:10D42000FFFFFFFFFFFFFFFFFFFFFFFFFFFFFFFF0C
:10D43000FFFFFFFFFFFFFFFFFFFF0414FFFF0614C6
:10D4400008140A14FFFFFFFF0C14FFFF0E14101442
:10D4500012141414FFFF1614FFFFFFFFFFFFFFFF5E
:10D46000FFFFFFFF19141B141D141F142114231494
:10D4700025142714FFFFFFFFFFFFFFFFFFFF291405
:10D480002B142D142F14FFFFFFFF3114FFFF331453
:10D49000FFFF35143714FFFF3914FFFFFFFFFFFFB5
:10D4A000FFFFFFFFFFFFFFFFFFFF3C143E14401490
:10D4B00042144414FFFFFFFF4614FFFF48144A14B0
:10D4C0004C14FFFF4E1450145214FFFF5414561402
:10D4D000FFFFFFFF58145A14FFFFFFFFFFFFFFFF7E
:10D4E000FFFFFFFFFFFFFFFFFFFFFFFF5D145F1464
:10D4F0006114FFFFFFFF631465146714FFFF6914D5
:10D500006B14FFFFFFFFFFFF6D146F147114731492
:10D51000751477147914FFFFFFFFFFFFFFFFFFFF74
:10D52000FFFFFFFFFFFFFFFFFFFF7C147E1480144F
:10D53000FFFFFFFF82148414FFFFFFFF861488148F
:10D540008A148C14FFFFFFFFFFFF8E1490149214B7
:10D55000FFFFFFFFFFFFFFFFFFFFFFFF9514971483
:10D5600099149B149D149F14A114FFFFA314FFFF93
:10D57000A514A714A914AB14AD14FFFFFFFFFFFF00
:10D58000FFFFAF14FFFFB114B314B514FFFFFFFF8B
:10D59000FFFFB714B914FFFFFFFFFFFFFFFFFFFFFF
:10D5A000BB14FFFFFFFFFFFFFFFFFFFFFFFFBE14E6
:10D5B000C014C214C414FFFFC614C814FFFFCA1459
:10D5C000CC14CE14D014D214FFFFFFFFD414D61401
:10D5D000D814DA14DC14FFFFFFFFFFFFFFFFDE1497
:10D5E000E014E214E414FFFFE614E814FFFFFFFF69
:10D5F000FFFFFFFFFFFFFFFFFFFFFFFFFFFFFFFF3B
:10D60000FFFFFFFFFFFFFFFFEB14ED14EF14F1141A
:10D61000F314FFFFF514F714F914FB14FD14FFFFC6
:10D62000FFFFFFFFFF14011503150515FFFFFFFFA7
:10D63000FFFF0715FFFF0915FFFF0B150D150F1550
:10D640001115FFFFFFFFFFFFFFFFFFFFFFFFFFFFC2
:10D65000FFFFFFFFFFFFFFFFFFFF14151615181553
:10D660001A151C151E152015FFFF2215FFFF241586
:10D6700026152815FFFFFFFFFFFFFFFFFFFFFFFF3E
:10D680002A152C15FFFFFFFF2E1530153215341506
:10D69000FFFFFFFFFFFFFFFFFFFFFFFFFFFFFFFF9A
:10D6A0003715FFFF39153B153D15FFFFFFFF3F15F0
:10D6B000411543154515FFFFFFFF471549154B154C
:10D6C0004D15FFFFFFFFFFFFFFFFFFFFFFFFFFFF06
:10D6D000FFFF501552155415561558155A155C155F
:10D6E000FFFF5E15FFFF601562156415FFFFFFFF6A
:10D6F000FFFFFFFFFFFFFFFF66156815FFFFFFFF3E
:10D700006A156C156E157015FFFFFFFFFFFFFFFF19
:10D71000FFFFFFFFFFFFFFFF7315751577157915E5
:10D72000FFFFFFFF7B157D15FFFF7F158115FFFFB5
:10D73000FFFF8315851587158915FFFF8B158D153F
:10D740008F15FFFFFFFFFFFF9115FFFFFFFFFFFF9B
:10D75000FFFFFFFFFFFFFFFFFFFF941596159815D2
:10D760009A159C15FFFF9E15A015FFFFA215A41585
:10D77000FFFFFFFFFFFFFFFFFFFFFFFFA615A8153D
:10D78000AA15AC15AE15B015FFFFFFFFFFFFFFFF99
:10D79000FFFFFFFFFFFFFFFFB315B515B715B91565
:10D7A000BB15BD15FFFFBF15C115FFFFFFFFFFFF35
:10D7B000FFFFC315FFFFFFFFFFFFC515C715FFFFE5
:10D7C000FFFFFFFFFFFFCA15CC15CE15D015D215F0
:10D7D000D415D615FFFFD815FFFFDA15DC15DE15B9
:10D7E000E015E215FFFFFFFFFFFFFFFFE415FFFF5E
:10D7F000E615FFFFE815FFFFFFFFFFFFEA15FFFF3C
:10D80000FFFFFFFFFFFFEC15FFFFFFFFFFFFFFFF25
:10D81000EF15F115F315F515F715F915FB15FFFFC4
:10D82000FD15FF150116FFFF031605160716FFFF6E
:10D83000FFFF0916FFFFFFFF0B16FFFFFFFF0D168F
:10D840000F161116FFFFFFFF13161516FFFFFFFF40
:10D85000171619161B16FFFFFFFFFFFFFFFFFFFF45
:10D86000FFFFFFFFFFFFFFFFFFFFFFFFFFFF1E1692
:10D87000201622162416261628162A16FFFF2C1606
:10D880002E163016FFFF321634163616FFFFFFFF36
:10D890003816FFFFFFFF3A16FFFFFFFF3C163E164C
:10D8A0004016FFFFFFFF42164416FFFFFFFF46161C
:10D8B00048164A16FFFFFFFFFFFFFFFFFFFFFFFFB6
:10D8C000FFFFFFFFFFFFFFFFFFFFFFFF4D164F169C
:10D8D0005116FFFF53165516FFFF57165916FFFF37
:10D8E000FFFF5B165D165F16FFFFFFFFFFFF611670
:10D8F0006316FFFFFFFFFFFFFFFFFFFFFFFF66163F
:10D90000FFFF68166A166C166E1670167216FFFF09
:10D9100074167616FFFF78167A16FFFF7C167E16B1
:10D9200080168216FFFFFFFFFFFFFFFFFFFFFFFFD5
:10D93000FFFFFFFFFFFFFFFFFFFFFFFF85168716BB
:10D9400089168B16FFFFFFFF8D168F169116FFFFAE
:10D95000FFFF93169516971699169B169D169F1600
:10D96000A116FFFFFFFFA316FFFFFFFFFFFFFFFF53
:10D97000FFFFFFFFFFFFFFFFFFFFFFFFFFFFA616F9
:10D98000FFFFA816AA16AC16AE16B016B216B4163D
:10D99000FFFFB616FFFFB816FFFFFFFFFFFFFFFFF9
:10D9A000BA16BC16FFFFFFFFFFFFFFFFFFFFFFFFE1
:10D9B000BF16C116C316C516C716C916CB16CD1687
:10D9C000FFFFFFFFFFFFCF16FFFFD116D316FFFFAC
:10D9D000FFFFFFFFFFFFD516D716D916DB16FFFF97
:10D9E000DD16FFFFDF16FFFFFFFFFFFFE116FFFF62
:10D9F000FFFFFFFFFFFFFFFFFFFFE416E616E8163D
:10DA0000EA16EC16EE16F016F216F416F616F816DE
:10DA1000FFFFFA16FC16FFFFFFFFFFFFFE160017C1
:10DA2000FFFFFFFFFFFF0217FFFFFFFF04170617AF
:10DA3000FFFFFFFFFFFFFFFFFFFFFFFFFFFFFFFFF6
:10DA400008170A17FFFFFFFFFFFFFFFF0D170F1754
:10DA50001117131715171717FFFF19171B17FFFFBC
:10DA6000FFFF1D171F17FFFFFFFFFFFFFFFF21171E
:10DA70002317FFFF2517FFFFFFFF27172917FFFFBA
:10DA8000FFFFFFFFFFFFFFFFFFFF2C172E173017D1
:10DA900032173417FFFFFFFF36173817FFFF3A170B
:10DAA0003C173E174017421744174617FFFFFFFF6A
:10DAB00048174A174C17FFFF4E175017FFFFFFFF7D
:10DAC000FFFFFFFFFFFFFFFFFFFFFFFFFFFFFFFF66
:10DAD000FFFFFFFFFFFFFFFF5317FFFF5517FFFF7C
:10DAE000571759175B175D175F1761176317FFFF0C
:10DAF000FFFF6517FFFF67176917FFFF6B17FFFF32
:10DB0000FFFFFFFFFFFFFFFFFFFFFFFFFFFF6E179E
:10DB1000701772177417761778177A17FFFF7C172C
:10DB2000FFFFFFFF7E17801782178417FFFFFFFF9D
:10DB30008617FFFF88178A17FFFFFFFFFFFFFFFF12
:10DB40008C178E179017FFFFFFFFFFFFFFFFFFFFF0
:10DB5000FFFFFFFFFFFFFFFF931795179717991719
:10DB60009B179D179F17A117FFFFFFFFFFFFA3172D
:10DB7000FFFFA517A717FFFFFFFFFFFFFFFFA91775
:10DB8000AB17AD17AF17FFFFB117B317B517FFFFEF
:10DB9000FFFFFFFFB717FFFFFFFFFFFFFFFFFFFFC5
:10DBA000FFFFFFFFFFFFBA17BC17BE17C017C21752
:10DBB000C417C617FFFFC817CA17CC17FFFFFFFF10
:10DBC000CE17D017FFFFFFFFD217D417FFFFD617CE
:10DBD000D817DA17DC17FFFFFFFFFFFFFFFFFFFF7C
:10DBE000DE17FFFFFFFFE017E217E417FFFFFFFF5D
:10DBF000FFFFFFFFFFFFFFFFFFFFFFFFFFFFFFFF35
:10DC0000E717E917EB17ED17EF17FFFFF117F317FA
:10DC1000F517F717F917FFFFFFFFFB17FFFFFFFFD0
:10DC2000FFFFFD17FF170118FFFFFFFFFFFFFFFFBB
:10DC3000FFFFFFFFFFFF03180518FFFFFFFFFFFFB8
:10DC4000FFFF08180A180C180E18101812181418CC
:10DC500016181818FFFF1A18FFFF1C181E18FFFFD0
:10DC6000FFFFFFFF20182218FFFF2418FFFFFFFF10
:10DC70002618FFFFFFFFFFFFFFFFFFFFFFFFFFFF74
:10DC800028182A18FFFFFFFFFFFFFFFF2D182F188E
:10DC900031183318351837183918FFFF3B18FFFFB4
:10DCA0003D18FFFFFFFF3F184118FFFFFFFFFFFF79
:10DCB000FFFF43184518FFFF4718FFFF49184B188F
:10DCC0004D184F18FFFFFFFFFFFFFFFFFFFFFFFF94
:10DCD000FFFFFFFFFFFF5218FFFF5418FFFF56180A
:10DCE00058185A185C185E186018FFFFFFFFFFFFF6
:10DCF0006218FFFF64186618FFFFFFFFFFFFFFFFBA
:10DD0000FFFFFFFF69186B186D186F187118FFFF80
:10DD1000FFFF73187518771879187B18FFFF7D18A7
:10DD20007F188118FFFFFFFFFFFFFFFFFFFF831832
:10DD3000FFFF8518FFFF8718FFFFFFFFFFFFFFFFB3
:10DD4000FFFFFFFFFFFF8A188C188E18901892189B
:10DD500094189618FFFFFFFFFFFF98189A18FFFF0F
:10DD6000FFFFFFFFFFFFFFFF9C189E18A018A218DF
:10DD7000A418A618FFFFFFFFFFFFFFFFFFFFFFFF35
:10DD8000FFFFFFFFA918AB18AD18FFFFFFFFAF188B
:10DD9000B118FFFFB318B518FFFFFFFFFFFFB7185B
:10DDA000B918FFFFFFFFBB18BD18FFFFFFFFFFFF04
:10DDB000FFFFC018C218C418C618C818CA18CC1853
:10DDC000FFFFFFFFFFFFFFFFCE18FFFFFFFFFFFF7B
:10DDD000D018D218D418D618D818DA18FFFFFFFFB9
:10DDE000FFFFFFFFFFFFFFFFFFFFFFFFDD18DF1853
:10DDF000E118E318E518E718E918EB18ED18FFFF2C
:10DE0000EF18FFFFFFFFF118F318FFFFFFFFFFFF01
:10DE1000F518FFFFF718F918FB18FFFFFD18FFFFB3
:10DE2000FFFFFFFFFFFFFFFFFFFFFF180119FFFFCD
:10DE3000FFFFFFFFFFFFFFFFFFFF0419FFFF0619B2
:10DE4000FFFF08190A190C190E19101912191419C3
:10DE5000FFFFFFFF1619FFFF18191A191C191E19C9
:10DE6000FFFFFFFFFFFFFFFFFFFFFFFFFFFFFFFFC2
:10DE7000FFFFFFFF21192319251927192919FFFF72
:10DE80002B192D192F19FFFF3119FFFFFFFF331930
:10DE900035193719FFFFFFFF39193B193D19FFFFEE
:10DEA000FFFFFFFFFFFFFFFFFFFFFFFFFFFFFFFF82
:10DEB000FFFF40194219441946194819FFFFFFFF97
:10DEC0004A194C194E19501952195419FFFF561975
:10DED000FFFF58195A195C19FFFFFFFFFFFFFFFFF3
:10DEE0005E19FFFFFFFFFFFF6019FFFFFFFFFFFF4E
:10DEF000FFFFFFFFFFFFFFFF6319FFFF65196719B2
:10DF00006919FFFFFFFF6B196D196F197119FFFF79
:10DF10007319FFFF7519FFFFFFFF77197919FFFFCD
:10DF2000FFFFFFFFFFFFFFFFFFFF7C197E19FFFFD1
:10DF300080198219FFFF841986198819FFFFFFFFD6
:10DF4000FFFF8A198C198E19901992199419FFFFE5
:10DF5000FFFF9619FFFFFFFFFFFFFFFFFFFFFFFF20
:10DF6000FFFFFFFF99199B199D199F19A119A3196B
:10DF7000A519FFFFA719FFFFFFFFFFFFA919AB19A5
:10DF8000AD19AF19FFFFB119B319FFFFB519FFFFA5
:10DF9000FFFFFFFFFFFFB719B919BB19FFFFFFFF15
:10DFA000FFFFFFFFFFFFFFFFFFFFFFFFFFFFBE19A8
:10DFB000FFFFC019C219C419FFFFFFFFFFFFC619F9
:10DFC000C819CA19FFFFCC19CE19D019FFFFFFFFDE
:10DFD000FFFFFFFFFFFFFFFFD319D519FFFFD71981
:10DFE000D919DB19DD19DF19E119FFFFFFFFE3196B
:10DFF000FFFFFFFFE519FFFFFFFFFFFFE719E9192B
:10E00000EB19FFFFFFFFFFFFFFFFFFFFFFFFEE1911
:10E01000F019F219F419F619F819FA19FC19FFFF99
:10E02000FFFFFFFFFE19001AFFFF021AFFFFFFFFAD
:10E03000FFFFFFFF041A061A081AFFFFFFFFFFFF8A
:10E040000A1AFFFF0C1AFFFFFFFFFFFFFFFFFFFF92
:10E050000F1AFFFF111AFFFF131A151A171A191AB0
:10E060001B1A1D1AFFFF1F1A211AFFFF231AFFFF99
:10E07000FFFFFFFFFFFFFFFFFFFFFFFFFFFF261A6E
:10E08000281A2A1A2C1A2E1AFFFFFFFF301A321AEA
:10E09000FFFFFFFF341A361A381A3A1A3C1A3E1A92
:10E0A000FFFFFFFF401A421AFFFF441AFFFFFFFF66
:10E0B000FFFFFFFFFFFFFFFFFFFFFFFFFFFFFFFF70
:10E0C000471A491AFFFF4B1A4D1A4F1AFFFF511AF0
:10E0D000531AFFFF551A571A591AFFFFFFFF5B1A11
:10E0E0005D1AFFFF5F1A611A631AFFFFFFFFFFFF50
:10E0F000FFFFFFFFFFFFFFFFFFFFFFFFFFFF661AAE
:10E10000681A6A1A6C1AFFFF6E1A701A721A741A59
:10E11000FFFF761AFFFF781A7A1A7C1AFFFFFFFFBB
:10E12000FFFFFFFFFFFFFFFFFFFFFFFF7E1A801AC9
:10E13000FFFFFFFFFFFFFFFF831A851A871A891A67
:10E140008B1A8D1A8F1A911A931A951AFFFFFFFFD7
:10E15000971AFFFFFFFF991AFFFF9B1A9D1AFFFFF7
:10E16000FFFFFFFFFFFFFFFFFFFF9F1AA11AFFFF47
:10E17000A31AFFFFFFFFFFFFFFFFFFFFFFFFA61A2E
:10E18000A81AAA1AAC1AAE1AFFFFFFFFB01AB21AE9
:10E19000B41AFFFFB61AFFFFB81ABA1ABC1ABE1A91
:10E1A000FFFFFFFFFFFFFFFFC01AC21AFFFFFFFFC5
:10E1B000FFFFFFFFFFFFFFFFFFFFFFFFC51AC71AAB
:10E1C000C91ACB1ACD1ACF1AD11AFFFFFFFFFFFFD2
:10E1D000D31AD51AD71AD91AFFFFFFFFFFFFDB1A90
:10E1E000FFFFFFFFFFFFDD1AFFFFDF1AFFFFFFFF4B
:10E1F000E11AFFFFFFFFFFFFFFFFE41AFFFFE61A30
:10E20000E81AFFFFEA1AEC1AEE1AF01AF21AF41AD8
:10E21000FFFFFFFFF61AF81AFFFFFFFFFFFFFA1AD2
:10E22000FFFFFFFFFFFFFFFFFFFFFFFFFD1AFF1ACA
:10E23000011B031B051BFFFFFFFF071B091BFFFF44
:10E24000FFFF0B1BFFFFFFFFFFFF0D1B0F1BFFFF60
:10E25000FFFFFFFFFFFF121B141B161B181B1A1BCF
:10E26000FFFFFFFFFFFFFFFF1C1B1E1B201BFFFF0D
:10E27000221B241BFFFFFFFF261B281B2A1B2C1B16
:10E28000FFFFFFFFFFFFFFFFFFFFFFFFFFFFFFFF9E
:10E290002F1B311B331B351B371B391B3B1BFFFF50
:10E2A000FFFFFFFFFFFF3D1B3F1B411BFFFF431B0A
:10E2B000FFFFFFFFFFFF451BFFFF471BFFFFFFFFA8
:10E2C000491BFFFFFFFFFFFFFFFF4C1B4E1BFFFF24
:10E2D000501B521B541B561B581B5A1BFFFFFFFFA2
:10E2E0005C1BFFFF5E1B601B621B641BFFFFFFFFCD
:10E2F000FFFF661BFFFFFFFFFFFFFFFF681B6A1B9F
:10E30000FFFFFFFFFFFFFFFFFFFFFFFF6D1BFFFF93
:10E310006F1BFFFF711BFFFF731B751B771B791BA7
:10E320007B1B7D1B7F1BFFFFFFFFFFFFFFFFFFFF2F
:10E33000FFFFFFFFFFFF821B841B861B881B8A1BBE
:10E340008C1B8E1BFFFFFFFFFFFF901BFFFF921B2D
:10E35000941B961BFFFFFFFFFFFFFFFFFFFFFFFF69
:10E36000981B9A1BFFFF9C1B9E1BA01BFFFFFFFF20
:10E37000FFFFFFFFFFFFFFFFA31BFFFFA51BA71B67
:10E38000A91BAB1BAD1BAF1BB11BFFFFB31BFFFFDB
:10E39000FFFFB51BFFFFB71BB91BFFFFFFFFFFFF11
:10E3A000FFFFBB1BBD1BFFFFBF1BFFFFFFFFFFFFEF
:10E3B000FFFFFFFFFFFFC21BC41BC61BC81BCA1BFE
:10E3C000CC1BCE1BD01BD21BD41BFFFFD61BFFFFC9
:10E3D000FFFFFFFFFFFFD81BDA1BDC1BFFFFFFFF68
:10E3E000FFFFFFFFDE1BE01BFFFFFFFFFFFFFFFF45
:10E3F000FFFFFFFFFFFFFFFFE31BE51BE71BE91B21
:10E40000EB1BED1BEF1BFFFFFFFFF11BF31BFFFFE0
:10E41000FFFFF51BF71BF91BFFFFFFFFFFFFFB1BB8
:10E42000FD1BFF1BFFFFFFFFFFFFFFFFFFFFFFFFC6
:10E43000FFFFFFFFFFFF021C041C061C081CFFFF60
:10E440000A1C0C1C0E1CFFFF101CFFFFFFFFFFFF30
:10E45000FFFF121CFFFFFFFF141C161CFFFFFFFF36
:10E46000FFFFFFFF191C1B1C1D1C1F1C211CFFFF95
:10E47000FFFFFFFF231C251C271CFFFFFFFF291C9C
:10E480002B1C2D1C2F1C311C331CFFFFFFFFFFFF1B
:10E49000FFFF351CFFFFFFFFFFFFFFFFFFFFFFFF39
:10E4A000FFFF381C3A1C3C1C3E1C401CFFFFFFFFBA
:10E4B000421C441CFFFFFFFFFFFF461C481C4A1C78
:10E4C0004C1CFFFF4E1C501CFFFFFFFFFFFFFFFF18
:10E4D000FFFFFFFFFFFFFFFF531C551C571C591C7C
:10E4E0005B1C5D1CFFFFFFFFFFFFFFFFFFFF5F1CCB
:10E4F000FFFF611C631CFFFF651C671C691CFFFF9D
:10E50000FFFFFFFFFFFFFFFFFFFF6C1C6E1C701C77
:10E51000FFFF721CFFFF741CFFFF761CFFFF781CBF
:10E520007A1CFFFFFFFFFFFF7C1CFFFFFFFFFFFFC9
:10E530007F1C811C831C851C871CFFFF891C8B1C76
:10E540008D1CFFFF8F1CFFFFFFFF911C931CFFFF23
:10E55000951CFFFFFFFFFFFFFFFFFFFF971CFFFF63
:10E56000FFFFFFFFFFFF9A1C9C1C9E1CA01CA21C0F
:10E57000A41CA61CA81CFFFFFFFFAA1CFFFFAC1CCD
:10E58000FFFFFFFFAE1CB01CB21CFFFFFFFFFFFF31
:10E59000B41CFFFFB61CFFFFFFFFFFFFFFFFFFFFE5
:10E5A000FFFFFFFFB91CBB1CBD1CBF1CC11CC31C53
:10E5B000FFFFFFFFC51CFFFFC71CFFFFFFFFFFFFA3
:10E5C000C91CCB1CFFFFCD1CFFFFFFFFFFFFFFFFA0
:10E5D000FFFFD01CD21CD41CD61CD81CDA1CDC1C9F
:10E5E000FFFFFFFFFFFFFFFFDE1CFFFFE01CFFFF41
:10E5F000FFFFE21CE41CE61CFFFFE81CFFFFEA1C17
:10E60000FFFFFFFFFFFFFFFFFFFFFFFFED1CEF1C02
:10E61000F11CF31CFFFFFFFFFFFFF51CF71CF91CAB
:10E62000FFFFFB1CFD1CFF1CFFFF011D031DFFFF67
:10E63000FFFFFFFFFFFFFFFFFFFFFFFFFFFF061DC5
:10E64000081D0A1D0C1D0E1DFFFF101D121D141D9F
:10E65000FFFF161DFFFFFFFFFFFF181DFFFF1A1D25
:10E66000FFFFFFFFFFFFFFFF1C1D1E1DFFFFFFFF42
:10E67000FFFFFFFF211D231D251D271D291D2B1D0C
:10E68000FFFF2D1D2F1D311DFFFFFFFFFFFFFFFFB0
:10E69000FFFF331D351DFFFFFFFF371D391DFFFF36
:10E6A0003B1DFFFFFFFFFFFFFFFFFFFFFFFF3E1DC3
:10E6B000401D421D441D461D481D4A1DFFFFFFFF12
:10E6C000FFFFFFFF4C1D4E1DFFFFFFFF501DFFFF13
:10E6D000521D541D561DFFFFFFFF581DFFFFFFFF7A
:10E6E000FFFFFFFFFFFFFFFF5B1D5D1D5F1D611D46
:10E6F000FFFFFFFFFFFF631D651DFFFF671D691D16
:10E700006B1D6D1DFFFF6F1D711DFFFFFFFFFFFFE5
:10E71000FFFFFFFFFFFFFFFFFFFF741D761D781D4A
:10E720007A1D7C1D7E1D801DFFFFFFFFFFFFFFFF89
:10E73000821D841D861DFFFFFFFF881DFFFFFFFF59
:10E74000FFFF8A1D8C1D8E1DFFFFFFFFFFFFFFFFD8
:10E75000FFFFFFFF911DFFFF931DFFFF951D971DFD
:10E76000991DFFFFFFFF9B1D9D1D9F1DA11DA31D4B
:10E77000FFFFFFFFFFFFFFFFFFFFFFFFFFFFA61DE4
:10E78000A81DAA1DAC1DFFFFAE1DB01DFFFFFFFFA2
:10E79000FFFFB21DFFFFB41DFFFFFFFFB61DB81D39
:10E7A000BA1DBC1DFFFFBE1DFFFFFFFFFFFFFFFFE8
:10E7B000FFFFFFFFC11DC31DFFFFC51DC71DC91DF5
:10E7C000FFFFCB1DFFFFFFFFCD1DCF1DD11DFFFFA5
:10E7D000D31DFFFFD51DD71DD91DFFFFFFFFFFFF75
:10E7E000FFFFFFFFFFFFFFFFFFFFDC1DDE1DE01D42
:10E7F000E21DE41DE61DE81DFFFFFFFFFFFFFFFF19
:10E80000FFFFEA1DEC1DEE1DFFFFFFFFF01DFFFFE8
:10E81000FFFFF21DF41DFFFFFFFFFFFFFFFFFFFFE4
:10E82000F71DF91DFB1DFD1DFF1DFFFFFFFFFFFF76
:10E83000011EFFFF031E051E071EFFFFFFFFFFFF58
:10E84000FFFF091E0B1EFFFFFFFFFFFFFFFF0E1E56
:10E85000101E121E141E161E181E1A1EFFFFFFFF8A
:10E86000FFFFFFFF1C1E1E1EFFFF201EFFFF221EBC
:10E87000241EFFFFFFFFFFFFFFFFFFFFFFFF261E1E
:10E88000FFFFFFFFA4E8D9BFF45CCBBE6B9BA6BE25
:10E89000000000004E62514091995F3F345936406C
:10E8A0006A9B97BF0000000076F0EC3FB31A14405B
:10E8B0008D9840C06174113E000000009A0B1DC08D
:10E8C00074D080BC000000004F39E3BFCDCAFDBF4B
:10E8D0009CF4D8BE4CD7493DCDBE5340000000004B
:10E8E00000000000D081B23C01E14B3F1DB9D2BF16
:10E8F0000000000000000000000000000000000018
:10E90000000000006A109B3FDFAB9340A30A91C058
:10E9100000000000000000000000000000000000F7
:10E9200000000000000000000000000000000000E7
:10E9300000000000000000000000000000000000D7
:10E9400000000000000000009E0E87BFF9B925BF3F
:10E9500034593640A9462BC092570BC015B289BE18
:10E96000B4A6FFBD78DFC7BE446C983E000000002F
:10E9700010F60E40F217A23F8D9840C00F77D93E97
:10E980004AF2F03F0000000000000000C1E1BC407E
:10E990006A109B3F0000000000000000F08B813FE8
:10E9A000D9A91BC09CF4D8BEE907B2C00000000082
:10E9B0000000000000000000000000002074083F7C
:10E9C00000000000CDA9064000000000A8D09EBEB7
:10E9D000370A2AC00000000000000000670219BECC
:10E9E000088BD93F869066BF9D7BAE40000000003B
:10E9F0000000000000000000000000000000000017
:10EA00000000000000000000000000000000000006
:10EA100000000000000000000000000000000000F6
:10EA20000000000000000000000000009E0E87BFF4
:10EA3000162EE7BF3459364034524EC092570BC0A1
:10EA4000FA3D363FB4A6FFBD00000000FCA84ABF57
:10EA5000655F45BE17FB154010E13340E907B2C0C2
:10EA600034F7CABFFEDF2A402074083FE5349BBE5E
:10EA70000000000000000000C7454040000000000A
:10EA8000CB08673F000000000000000054DCCDBF51
:10EA90000000000000000000000000000000000076
:10EAA000000000004B8DC2BE3E0E94BF498A8A3FD3
:10EAB0007B44F03F000000004A0840C0ACF900C0B1
:10EAC000498A8A3FCA0B06C000000000000000000F
:10EAD0000000000000000000000000000000000036
:10EAE0000000000000000000000000000000000026
:10EAF0000000000000000000000000000000000016
:10EB00000000000000000000CA924DBFA8C6AF3F41
:10EB10009EFAF8BFBC54693E98C01EC0722919BD48
:10EB20004CD7493D225A13BFEB982E4032684D40D6
:10EB3000C63640BF5B841B4015B989C0DEF83DC0B6
:10EB4000A9214C40B941574000000000001D57BDAD
:10EB5000756A50C0000000000000000092570BC012
:10EB600027E725C00000000066431740CCA4E73F1C
:10EB70009FA6AA3F00000000DFAB9340AF1E9CC0E1
:10EB80000000000000000000000000007F47893FF7
:10EB90000000000000000000000000000000000075
:10EBA00013E99C3E00000000FCCB18BE00000000F2
:10EBB0000000000000000000000000004E1F9DBF8C
:10EBC000000000001FB4DDBF03016ABF00000000A9
:10EBD000F8081FBF00000000000000000000000057
:10EBE0000000000000000000000000000000000025
:10EBF0000000000000000000000000000000000015
:10EC00000000000000000000000000006B9BA6BE9A
:10EC100094606ABF9EFAF8BFD4900040A46286BF99
:10EC20009CF4D8BE5611BA405ECD1440D7BC0EBF7E
:10EC300034524EC0DFEC943EF45CCBBE825EA7C083
:10EC4000A9214C400000000000000000000000006E
:10EC500000000000000000000000000076F0EC3F23
:10EC600034E6E03F63D3453E0000000000000000B2
:10EC700000000000371DF13FF7DC95BF00000000E9
:10EC8000D490004000000000F599E03FE2E088C029
:10EC9000D7C056BF000000003EAEA53F00000000F8
:10ECA00082838440A30A91C000000000000000009D
:10ECB0000000000000000000000000000000000054
:10ECC0000000000000000000000000000000000044
:10ECD0000000000000000000000000000000000034
:10ECE0006B9BA6BEDC720CC08623AEBF4E62514049
:10ECF000FC4ED23D498A8A3FF7DC95BF3C187DC067
:10ED000000000000CF1162BEFC66713F34593640EE
:10ED1000097DDABFC486C940AF1E9CC00000000058
:10ED20001BE20F3FE08D833E508450BF0C933FC0E9
:10ED3000931EB8BE4D67A2BFFEDF2A400000000050
:10ED4000ABBF2E3E24FA8E3FEA7822C000000000BE
:10ED5000C63C17400000000000000000000000005A
:10ED6000872F9BBEDD0BB0BF435BE03ED3E23FC0CD
:10ED7000AF5C9BC0112E0EBE5245B23F000000009A
:10ED80003EAEA53F000000000000000000000000B3
:10ED900000000000872657BF0000000000000000B0
:10EDA0000000000016760840D081B23C0000000050
:10EDB0000000000000000000000000000000000053
:10EDC0000000000000000000000000000000000043
:10EDD0000000000000000000000000000000000033
:10EDE0000000000000000000000000000000000023
:10EDF0000000000000000000000000000000000013
:10EE0000000000006B9BA6BEDC720CC08623AEBF68
:10EE10004E625140927DD53E15C205C0F2348B3F03
:10EE20003C187DC000000000329892BE9EAB0740A7
:10EE30000000000045DF73C07178803FA9214C407D
:10EE4000000000001BE20F3F48E72DBF938BC6BFB9
:10EE5000FC66713F00000000AF8BD1BFC313B83F09
:10EE60008987093F5611BA4008FCD53F00000000D1
:10EE700013874D40000000001F170C407C3FAFBEC1
:10EE8000DC56C1BE505D07C00C933FC05245B23F37
:10EE90009B6BB33FB780643EF2791DBF3F37953F10
:10EEA0000B8D853FE13940BF97A7BA3F00000000B6
:10EEB000B8B0CFBFB5DBF63E000000000000000098
:10EEC0000000000000000000000000000000000042
:10EED0000000000000000000000000000000000032
:10EEE0000000000000000000000000000000000022
:10EEF0000000000000000000000000000000000012
:10EF00000000000000000000000000000000000001
:10EF100000000000000000000000000000000000F1
:10EF200000000000000000000000000000000000E1
:10EF300000000000000000006B9BA6BEDC720CC04D
:10EF4000EB9F9ABF4E625140DA9B513F498A8A3FFC
:10EF5000F2348B3F3C187DC000000000F6055C3F9A
:10EF6000C63640BF3459364086A7D8BF783F564092
:10EF700008FCD53F000000001BE20F3F48E72DBF13
:10EF8000E5DB1240ABE6B9BEBA215E3FE4230EC01A
:10EF9000F82FC7BF0000000027B9C1BCCB5326C063
:10EFA0003783734072BC4BC04987E2BF13874D4023
:10EFB0000000000058404C40EE24C9BF61F992BFE8
:10EFC000938BC6BF00000000C5D671C082629ABF95
:10EFD000B899EC3F00000000FC99853F000000005C
:10EFE000000000000000000075868F3F0000000058
:10EFF000540047C02968CB3F00000000C1359D4048
:10F00000B8B0CFBF0000000000000000000000000A
:10F0100000000000000000000000000000000000F0
:10F0200000000000000000000000000000000000E0
:10F0300000000000000000000000000000000000D0
:10F0400000000000000000000000000000000000C0
:10F0500000000000000000000000000000000000B0
:10F0600000000000000000000000000000000000A0
:10F070000000000000000000000000006B9BA6BE26
:10F08000A9462BC0825EA7C0111A4640FF448CBE21
:10F09000706359C0277CF93F800F61BF00000000FA
:10F0A000D776803FC71D18BF00000000DC3F59BD68
:10F0B00054DCCDBF8316C33F0000000022FF563F43
:10F0C000989049C0576E8BBF508450BFBE53F03FDD
:10F0D00000000000000000009CF4D8BEAF1E9CC0E1
:10F0E000744802BE000000000000000000000000A4
:10F0F0007319613E9E0E87BF0000000039E5D6BF40
:10F1000000000000370C0040CA739DBFC8AE01402C
:10F110005B841B403EAEA53F000000004CD7493D3C
:10F1200000000000000000000000000000000000DF
:10F1300000000000000000000000000000000000CF
:10F1400000000000000000000000000000000000BF
:10F1500000000000000000000000000000000000AF
:10F16000000000000000000000000000000000009F
:10F170006B9BA6BEA9462BC0D0DF80BF15FC6AC022
:10F18000FF448CBEB6928DBFF2348B3F000000006E
:10F19000111A4640D776803FAEFBBB3ED4E803C091
:10F1A000A5E6BBBE7178803F08FCD53F800F61BFEC
:10F1B00000000000989049C0576E8BBF0B0F993F1D
:10F1C00013A5CBBF00000000AB83B83F6A914D3F51
:10F1D000DECEBA3F8987093F5611BA4072BC4BC098
:10F1E000DD9E114000000000000000007319613E28
:10F1F0009E0E87BFC07F1AC039E5D6BFAA628EBEF9
:10F20000FD101BBF000000002E274BC04B1AA8BFEB
:10F21000000000000000000011A3D43D001A803F50
:10F2200063343140F7083F3DE13940BF97A7BA3F0B
:10F230000000000000000000B8B0CFBF00000000D8
:10F2400000000000000000000000000000000000BE
:10F2500000000000000000000000000000000000AE
:10F26000000000000000000000000000000000009E
:10F27000000000000000000000000000000000008E
:10F28000000000000000000000000000000000007E
:10F29000000000000000000000000000000000006E
:10F2A000000000000000000000000000000000005E
:10F2B00000000000000000000000000015B289BE40
:10F2C000DC720CC0825EA7C03C187DC034DE763F85
:10F2D000706359C0277CF93F0000000032684D4040
:10F2E00017854D3F1503BCBD00000000DC3F59BD34
:10F2F0005BA089BFABE6B9BE800F61BF0000000014
:10F30000383617C00000000045A7C83E3858033EF5
:10F310000000000000000000545B09BFA30A91C078
:10F3200000000000446C983EB12C14C0B899EC3F2A
:10F3300082F992BFCC1E413F000000000000000097
:10F34000AEE62A3E00000000C555C23E54DCCDBFEB
:10F3500000000000B6928DBF000000000000000019
:10F36000000000000000000000000000000000009D
:10F37000000000000000000000000000000000008D
:10F38000000000000000000000000000000000007D
:10F39000000000000000000000000000000000006D
:10F3A0006B9BA6BEA9462BC0D0DF80BF15FC6AC0F0
:10F3B00043C424405672F53EF2348B3F00000000F7
:10F3C000111A4640B8CFABBF00000000F45CCBBEC2
:10F3D000AA9197C0783F564008FCD53F0C40B5BF76
:10F3E0000000000001CEF03F7EF4283F2EC25ABF3D
:10F3F0005B841B40AF8BD1BF3EAEA53FCB5326C035
:10F4000003016ABF1AD10F4070F0154000000000E0
:10F4100000000000F84CE7BF00000000E21CBD3F08
:10F42000815B8ABF0000000000000000A49CAABE0F
:10F43000000000000000000020DD953F1680D3BFD3
:10F440004B0ADF3C00000000DE367540B8FC01C00E
:10F45000D46F20C0500FFDBF00000000000000006E
:10F46000000000000000000000000000000000009C
:10F47000000000000000000000000000000000008C
:10F48000000000000000000000000000000000007C
:10F49000000000000000000000000000000000006C
:10F4A000000000000000000000000000000000005C
:10F4B00000000000000000000000000071996CBE18
:10F4C000F217A23FD0DF80BF34524EC00991A23F55
:10F4D000B6928DBFF7DC95BF74DB2F3F383617C06F
:10F4E000498D3FBF248D89BF9FDD0540A5E6BBBE8A
:10F4F000E5E38B3DC63C1740000000000000000023
:10F500002212A0BF7EF4283F00000000E5069CBF49
:10F51000000000000936473F3EAEA53F1E40473F72
:10F520006A914D3F31161CBFFB920040CAD715C0EF
:10F5300080E20340F0659ABE000000000000000079
:10F540003C107FBEACCBD03F0000000000000000AC
:10F5500000000000000000000000000000000000AB
:10F560000000000000000000000000006AFB4FBF28
:10F57000F59340BFEFDC1E3F00000000F622B23FD3
:10F5800000000000000000009A3BE13F0000000086
:10F59000399346C00FC2B03F0000000000000000D9
:10F5A000000000000000000000000000000000005B
:10F5B000000000000000000000000000000000004B
:10F5C000000000000000000000000000000000003B
:10F5D000000000000000000000000000000000002B
:10F5E0008B814F3F4F0A224054DCCDBFA46286BFBF
:10F5F000938E1E3DC313B83F5611BA403C5EB3BF55
:10F600001AB59D3F0000000000000000CCAC3ABEDF
:10F6100045DF73C0344902C000000000C859D8BF9C
:10F620009B2C01409473DC3F938BC6BFF7083F3D92
:10F6300000000000D5D78FBF4E1F9DBF0000000007
:10F6400072FBD0BF0F1EE4BE32ADDB40178668BF31
:10F6500000000000C989BCBFC4E8AEBE3478E1BF79
:10F66000FCA84ABF000000000000000000000000ED
:10F670000000000000000000BB0396BF331524C04B
:10F6800028E883BF00000000000000000000000028
:10F69000000000000000000000000000000000006A
:10F6A000000000000000000000000000000000005A
:10F6B000000000000000000000000000000000004A
:10F6C000000000000000000000000000000000003A
:10F6D000000000008B814F3F21B1194054DCCDBFA9
:10F6E000DD2B7BBF8F5B2D40786AEABD5611BA4097
:10F6F0003C5EB3BF2982DD3F000000000000000037
:10F70000CB6EE33EA5E6BBBECA0B06C00000000000
:10F71000C859D8BF9B2C01402D8342408145EEBF84
:10F7200000000000B183E63D75D632C01288034068
:10F730000000000029EBB83F0F1EE4BE32ADDB40F5
:10F7400023878BBF0000000064E2B6BFE0DD523FBC
:10F750007C28E9BFD4470FBF000000000000000074
:10F760000000000000000000000000000000000099
:10F77000F61EF1BF2968CB3F00000000000000002A
:10F780000000000000000000000000000000000079
:10F790000000000000000000000000000000000069
:10F7A0000000000000000000000000000000000059
:10F7B0000000000000000000000000000000000049
:10F7C0009E0E87BFB348A53FBDA0A93FAA895E4052
:10F7D0006DCF66BF4CD7493D4C2A3BBF4FEF92BF20
:10F7E000BA4706C00000000000000000DFAB9340F5
:10F7F000BD6CC73F128803405ECD1440CDF7CF3FAC
:10F8000063BBC73F000000000000000068CCEBBEF7
:10F810004284F4BCB6EA1A40D39F44BFC6A0584005
:10F820005B8DC03E0CB5C83F65F58ABE5D9F1BBFB2
:10F83000A6A7893FB0A086BF699684BF53D3663F11
:10F84000712EBB3F59BBF93F6A226CBF81076140F3
:10F850000140423F92F9013E00000000000000001C
:10F86000000000000000000000000000987281BF4E
:10F870000000000000000000000000000000000088
:10F880000000000000000000000000000000000078
:10F890000000000000000000000000000000000068
:10F8A0000000000000000000000000000000000058
:10F8B0000000000000000000000000000000000048
:10F8C0000000000000000000000000000000000038
:10F8D0000000000000000000000000008B814F3F8E
:10F8E000A9462BC054DCCDBF111A464034DE763F0A
:10F8F000C313B83F5611BA4031FC46C000000000A7
:10F90000BDA0A93FDA9E12C0CCAC3ABE45DF73C0A1
:10F910000A7B81BE0000000000000000B51CF9BF9A
:10F92000B438A5BFBDFD0540248D89BFADDA7CBFCD
:10F93000C19FA9BE00000000D5D78FBF4E1F9DBF3D
:10F94000B150453F08FCD53F00000000E2A29EBF39
:10F95000F316043FDCBA4F40C6A058407B44F03F4A
:10F960000000000000000000DFE71240063C913F6D
:10F970000000000000000000000000000000000087
:10F9800000000000B4838ABF71372E3F65B3783F13
:10F9900049D3A0400000000000000000000000006B
:10F9A0000000000000000000000000000000000057
:10F9B0000000000000000000000000000000000047
:10F9C0000000000000000000000000000000000037
:10F9D0000000000000000000000000000000000027
:10F9E0000000000000000000000000000000000017
:10F9F00041E9813FC1F9F03F9FF6B3BF34524EC099
:10FA0000407493BECCD252BF7EC81CBFD3FD513EC2
:10FA1000BDA0A93F66F943BF52B9F0BF9EFAF8BF37
:10FA200049C32F40DD2B7BBF4506ED3F00000000A2
:10FA3000000000006AA7A43FBDFD054000000000D3
:10FA4000000000000000000091B0F0BE990D5F4082
:10FA5000EBF6353FBF5C443F000000002455DE401C
:10FA600011FFCDBB00000000966A1940514090BEC6
:10FA700000000000798B0F40C59A00C00000000014
:10FA80000000000032E8CABD0000000000000000D5
:10FA9000BE5551C000000000000000000000000042
:10FAA0000000000000000000000000000000000056
:10FAB0000000000000000000000000000000000046
:10FAC0000000000000000000000000000000000036
:10FAD0000000000000000000000000009E0E87BF34
:10FAE000B348A53F59BBF93F1123E63E6DCF66BF32
:10FAF000F874733F1DA987C0093D903E315BE5BF97
:10FB00000000000000000000BDA0A93FC9A31F3FE6
:10FB100000000000712EBB3F7B334A4082D0C4BE40
:10FB20000000000000000000F08B813FE4CB87BFA5
:10FB30004506ED3FF0D507BF08FCD53FC50702C01D
:10FB400013DB963F0000000091E93CC0825EA7C035
:10FB50003AD7DABD2F1DBF3FF0D507BFE5E38B3D98
:10FB60001C2CEDBD1A46423EA206463F5CA35BC07C
:10FB7000D313BCBF00000000000000000000000024
:10FB80000000000000000000000000000000000075
:10FB90000000000000000000000000000000000065
:10FBA0000000000000000000000000000000000055
:10FBB0000000000000000000000000000000000045
:10FBC0000000000000000000000000000000000035
:10FBD0000000000000000000000000000000000025
:10FBE00041E9813FC1F9F03F9FF6B3BF34524EC0A7
:10FBF000407493BECCD252BF7EC81CBFD3FD513ED1
:10FC00006AA7A43F4E420DBE52B9F0BF9EFAF8BF9C
:10FC1000098F9ABFDD2B7BBF4506ED3F000000003A
:10FC200000000000BDA0A93F0366EF3F00000000F8
:10FC300066F943BF0000000091B0F0BE990D5F402F
:10FC4000EBF6353F000000002C9F693F35F23EBFC8
:10FC500090304FBE000000005C709D3E514090BE51
:10FC6000BDFD054000000000000000000000000095
:10FC700000000000000000000000000032E8CABDE3
:10FC8000000000000000000063B3883F0000000097
:10FC90000000000000000000000000000000000064
:10FCA000ABBF2E3E0000000000000000000000007E
:10FCB0000000000000000000000000000000000044
:10FCC0000000000000000000000000000000000034
:10FCD0000000000015B289BE415FD3BE825EA7C09E
:10FCE00098501DBF225A13BF706359C05BA089BFD3
:10FCF0006A66E73ECDA90640CAB927BEBE03E5BF86
:10FD000000000000DC3F59BD24EC2CC0B6928DBF32
:10FD10000000000000000000C4EBC73F57DED43EE7
:10FD200092205BBF693B563F7647284051BE8DBF4E
:10FD30000000000000000000D7DC12403F1241BF6D
:10FD40005E02E0BFD4FCB5BFBC575D3F00000000C1
:10FD50000000000000000000312AA8BDE2E088C0D9
:10FD600067F874BFDA1E9E3F215F5B3F0000000012
:10FD7000F7DFF1BD1C58A2BD00000000000000002C
:10FD800028E883BF2576033EFA78443E712EBB3FB8
:10FD9000E89581BF211742BE00000000000000006E
:10FDA0000000000000000000000000000000000053
:10FDB0000000000000000000000000000000000043
:10FDC0000000000000000000000000000000000033
:10FDD0000000000000000000000000000000000023
:10FDE0000000000000000000000000000000000013
:10FDF0000000000000000000000000000000000003
:10FE00000000000000000000590FDD3F257B11407D
:10FE10000B93F43F825EA7C08A75EE3EB63774BF7F
:10FE2000000000000DF028C0FA58B73F8C3762C0C0
:10FE3000C02040C0633805C008FCD53FCD93324098
:10FE40001AB59D3F7A9B7EBFC313B83F00000000E8
:10FE5000E45B8240000000006AA7A43F00000000AD
:10FE6000268193BEADAB67C000000000000000001B
:10FE70000000000000000000000000005910ACBFAE
:10FE8000C7E7C73F8B5B74BF52B9F0BF5E7E11C03E
:10FE90000000000000000000000000003A16C9BF8A
:10FEA000000000005B8DC03E387F874000000000EE
:10FEB0000000000000000000000000000000000042
:10FEC0000000000000000000000000000000000032
:10FED0000000000000000000000000000000000022
:10FEE00000000000000000000000000041E9813F28
:10FEF00015230E40D39F44BFC4EBC73F07F8833C94
:10FF00002D12C2BF97BD5EC034524EC0693B563FF2
:10FF100000000000B70F773F207339BF7CBDC6BF1C
:10FF200095A82CBE993B57C0EC82FA3EBDA0A93FD4
:10FF30000000000000000000F4B4D2BE0000000089
:10FF400000000000000000002A15823EBBAAB83F56
:10FF5000000000000000000028D335BF00000000B2
:10FF60000000000000000000514090BEBDFD0540B3
:10FF70000000000000000000000000000000000081
:10FF8000722919BD00000000000000000000000000
:10FF90000000000000000000000000000000000061
:10FFA000000000000000000015B289BE35CB9F3F65
:10FFB00054DCCDBF1FAA153F6977B9BF864469BE1F
:10FFC000107F294013E303BF5589F1BF00000000F3
:10FFD00000000000607D713F85F41DBF317B27402C
:10FFE00002CFE2BF1F170C40D54F66BED5EA3CBF1B
:10FFF0009B2C014084734EBFC118CB3F0000000012
:020000040802F0
:1000000096EC5940C4DDA7BE2968CB3FD484A83FF5
:1000100022058F3FA7F51D4000000000DC720CC0D8
:1000200095BC72BEECB600C0CAE6D53FA46286BFDE
:1000300000000000000000000000000000000000C0
:1000400000000000560DC33F75D632C0ABBFCFBE17
:100050001F63CEBF27B9C1BC0000000004020540E9
:1000600000000000C6ACAF3DF63836BE0000000010
:100070000000000000000000000000000000000080
:100080000000000000000000000000000000000070
:100090000000000000000000000000000000000060
:1000A0000000000000000000000000000000000050
:1000B0000000000000000000000000000000000040
:1000C0000000000000000000000000000000000030
:1000D00000000000000000000000000098C01EC0EA
:1000E00032684D4088EF1C40800F61BF0000000067
:1000F000C859D8BF225A13BF0F1EA4BD48E72DBF51
:10010000D4FCB5BF0BA1213F8D0B003FCBB9DBC0A9
:1001100000000000000000000000000000000000DF
:10012000000000000C43DDBFD776803FB4945840F8
:1001300000000000938BC6BF00000000F0B45FC059
:1001400017854D3F0715DB3FDFB60D3FA4EAF0BF33
:10015000560DC33FA9A1E03F44C542BF00000000C7
:10016000C3C45C3E0000000000000000000000006E
:10017000000000000000000000000000000000007F
:10018000000000000000000000000000000000006F
:10019000000000000000000000000000000000005F
:1001A0000000000000000000590FDD3FC4EBC73F16
:1001B0000F1EA4BD257B1140C41CFC3FE2E088C09B
:1001C000773246BE3D3A9EBF30A8613FFC50523F59
:1001D00000000000000000000000000067E1364061
:1001E00087569440BF5C6740F75962BE21618DBF5E
:1001F000000000000000000000000000A0F16F3CC3
:100200000000000000000000000000009B2C0140E6
:10021000A03EB2BF9CE18B3F77A9CEBF000000009B
:1002200091CC5FC0000000005F8CF73F0000000031
:1002300000000000000000000000000000000000BE
:1002400000000000000000000000000000000000AE
:1002500000000000000000000000000098C01EC068
:10026000111A464088EF1C405ECD1440000000008B
:10027000C859D8BF5ECB2F40E9C88FBF000000002F
:10028000D4FCB5BF0BA1213F08FCD53FAE5281BFC6
:100290000000000000000000000000000C43DDBF73
:1002A0001FAA153F6770054067E986BF0000000080
:1002B000000000001DB9D2BF17854D3F21F037C0A7
:1002C00059BBF93F53DD50BFC50702C0D47E224061
:1002D000C989BCBF3B3089BF00000000BFA829BF4F
:1002E000000000000000000000000000000000000E
:1002F00000000000000000000000000000000000FE
:1003000000000000000000000000000000000000ED
:1003100000000000000000000000000000000000DD
:10032000000000000000000034524EC0D3FD513EDA
:1003300088EF1C400000000000000000C859D8BF32
:10034000225A13BFD4FCB5BF0BA1213F8D0B003F38
:10035000B236873F000000000C43DDBFAF7BEABF31
:100360006770054000000000938BC6BF7C1EAFBFC6
:10037000EE9AA13EC25D5ABF0715DB3FC4E781BFBD
:10038000590FDD3FC50702C029B100409329E43F62
:10039000000000000000000019B8C9BF0000000004
:1003A000000000000000000000000000000000004D
:1003B000000000000000000000000000000000003D
:1003C000000000000000000000000000000000002D
:1003D000000000000000000000000000000000001D
:1003E0000000000098C01EC015FC6AC079269FBF9F
:1003F00000000000662A9A3F1150E73FF6218CBFAB
:10040000CFFB6140459DBABFC346A0BF00000000BE
:10041000EC547C3FE7F15A4000000000000000006F
:1004200000000000000000008CBB0EC04F27A23F60
:10043000DA496C3E00000000CA280F40D5D78FBFB4
:1004400000000000000000000000000000000000AC
:100450000000000000000000825EA7C011B1783DDE
:1004600076DF0140A465013F0000000000000000AD
:10047000000000000000000000000000000000007C
:100480000000000000000000F7DC95BF7A7A8C3F86
:10049000125401BFF8E6233FD776803F131DA3BF58
:1004A00040B50A40FEAF433F6CF411C000000000AD
:1004B00000000000F316043FA028923FC9A31F3F8D
:1004C000B236873F0F7F0C400000000000000000A4
:1004D000000000005329C4BF46542BC07CD352C037
:1004E000D5D78FBFD39F44BF97B6C3BFDFE67EBFCC
:1004F0007EC63E40448FB43F000000003987A63ED0
:100500005AD565BE0000000097629ABE0000000048
:1005100023C09D3F012A983FC6A2623FDDEA2D3FDE
:100520007178803F7FB20A3F803C803F187299BE4D
:100530008AFEB0BF000000000000000000000000C4
:1005400000000000000000000000000000000000AB
:10055000000000000000000000000000000000009B
:10056000000000000000000000000000000000008B
:10057000000000000000000000000000000000007B
:10058000000000000000000000000000000000006B
:10059000000000000000000000000000000000005B
:1005A0000000000036D33F40E7F15A40A8C6AF3FF5
:1005B00034524EC0D5D78FBF0000000000000000AD
:1005C000D3FD513E5B1563C0000000000000000039
:1005D000000000000000000008539AC0DEB0754023
:1005E00000000000B71BF4BF3ED0F4BF2C9D533F6A
:1005F00000000000000000000000000000000000FB
:100600000000000000000000A46286BF3E0E94BF00
:10061000DEF05A40E661F3405BA089BF1AB59D3F0A
:10062000D002123FD550BABE5C69093EDD70093F69
:10063000A1B3293FBE2922C08772D3BFEEACE2C06E
:100640005E02E0BF8FD7A8BD872657BF082559BED9
:1006500000000000F45C2E4099BDF13FE4156BC032
:10066000809B5C3F00000000CF0F9FBE7C28E9BF4D
:10067000ACCCA9BF000000006908A83F0000000042
:100680000000000039E5D6BF0000000005C747BEE6
:1006900079F587BF000000000000000000000000A6
:1006A00000000000000000000000000079A207BE6A
:1006B0006CC1C2BF5022C23F09FF7D3F894028BFA5
:1006C0000C876E3F81A4F23EE6ED0740AE6A04BEA1
:1006D0007296094000000000CF23E53F00000000B3
:1006E000000000000000000000000000000000000A
:1006F00000000000000000000000000000000000FA
:1007000000000000000000000000000000000000E9
:1007100000000000000000000000000000000000D9
:1007200000000000000000000000000000000000C9
:1007300000000000000000000000000000000000B9
:1007400000000000000000000000000036D33F4021
:10075000E7F15A40A8C6AF3F7CB48D40D5D78FBFD4
:100760000000000000000000825EA7C00000000042
:100770000000000000000000470A573F68EE383FC5
:100780008D0B003F000000009BBFAA3F1794FDBEE9
:100790000000000000000000000000000000000059
:1007A000000000000000000079269FBF7DBAE23FF4
:1007B0006DB819BFC346A0BF00000000006CFE3E2C
:1007C0009D7DDEBE8CBB0EC0F474853F08C654BF51
:1007D000CD8057BF1DD73D3F839C35C00000000032
:1007E0000000000000000000000000000000000009
:1007F000BF8C34BF2212A0BFF8A433C0827C5ABF82
:100800000C5EFB3E02CFE2BF7BD1873F1C51553EC1
:100810002C1B84BF000000000000000082FDF5BD1D
:10082000000000004E1F9DBF759004C00000000036
:10083000000000008987093FC735833F5589F1BF14
:100840002968CB3F0000000000000000000000000D
:100850000000000000000000000000000000000098
:100860000000000000000000000000000000000088
:100870000000000000000000000000000000000078
:1008800000000000000000000000000034524EC0D4
:100890007BD70CC079269FBF00000000000000003D
:1008A0001150E73F6DB819BFC346A0BF000000005C
:1008B000006CFE3E4940EB3F112BC53E16E73D4024
:1008C00008C654BFCD8057BFCB0CA4BF0A7B81BEE6
:1008D0000000000000000000000000000000000018
:1008E00000000000CEC734BF2212A0BFF8A433C05E
:1008F000544CBABFB906C6BF00000000000000009B
:1009000000000000000000000000000000000000E7
:1009100000000000000000000000000000000000D7
:10092000000000000000000036D33F40E7F15A40CD
:10093000A8C6AF3F1AD90440D5D78FBF000000002A
:10094000000000007CB48D400000000000000000AA
:100950000000000098C01EC0000000005ECD1440E2
:100960008C6A6DC000000000000000000000000064
:100970000000000034524EC0D081B23CCCD293BFB4
:100980000000000000000000C9F58E3F8C6A6DC0B9
:10099000938BC6BF866302C0248D89BF74D687BF80
:1009A00056A0DCBF1FB4DDBF000000000000000047
:1009B00000000000000000009B9A383F131DA3BFF9
:1009C0000000000000000000000000000000000027
:1009D000A9AE3CBF75F32F3F3A93F73E8085F93FB0
:1009E0000000000000000000000000000000000007
:1009F00000000000000000000000000000000000F7
:100A000067E136407F53B5BE0C9A21C09C0630BECC
:100A1000DEB075400000000000000000E2D8513E4A
:100A2000FA85FFBF98BF2F3F2C9D533F0682B13FF1
:100A3000A87BD7BFC0C363BF70A8833F5589F1BFF0
:100A40003B53B13F00000000F334B8BFBDC5B93E11
:100A5000000000001D51A83FA0A4023F00000000BC
:100A6000000000002D797640CDBE5340DEB42B400F
:100A7000E3FFC13F136518C07D2D7EBF000000005D
:100A80000000000000000000000000000000000066
:100A90000000000000000000000000000000000056
:100AA0000000000000000000000000000000000046
:100AB0000000000000000000000000000000000036
:100AC00000000000000000000000000079269FBF29
:100AD0007DBAE23FF6218CBFB9A2CBBE0000000078
:100AE000EC547C3FF2CCC4BF6EA8DBBD000000001C
:100AF000DA496C3E0000000082838440893877C068
:100B0000BB9F93BD0000000000000000000000003B
:100B10002C2B8EBF4284F4BC0000000052B9F0BF01
:100B2000000000000000000000000000F08318BF7B
:100B30000000000000000000E89581BF29B10040DE
:100B400000000000000000000000000000000000A5
:100B50000000000000000000825EA7C00DF028C069
:100B600088EF1C40000000006A109B3FC859D8BFA6
:100B70006295173F0000000000000000D4FCB5BFE4
:100B8000E661F3409E0E87BF11DB4F3F000000007F
:100B90000C43DDBFD490004022058F3FC346A0BF69
:100BA00021C25BC000000000EB9F9ABF2982DD3F9D
:100BB0000715DB3FA2E72BC07F53B5BE0000000046
:100BC00000000000952C8CBE00000000000000001A
:100BD0000000000000000000000000000000000015
:100BE0000000000000000000000000000000000005
:100BF00000000000000000000000000000000000F5
:100C000000000000C751D4BF27DEDFBF7F53B5BE51
:100C10000000000000000000A9E08DBEABE6B9BEF8
:100C20006E3A443E0C4A8CC090FCF43F125401BF13
:100C3000A2E7A63FD926B03E6A66E73E9D884ABD38
:100C40002C9D533F7CB4893FC735833FBD6CC73F64
:100C50004284F4BC00000000206E203FD7865D3E39
:100C60009C0337BE000000003317B1BF2EFEFD3FCE
:100C7000FEAF433FC7439B4043C428C00000000071
:100C8000938BC6BF432228C03A1F5AC0C949333F7D
:100C90000000000000000000000000000000000054
:100CA0000000000000000000000000000000000044
:100CB0000000000000000000000000000000000034
:100CC0000000000000000000000000000000000024
:100CD0000000000000000000000000000000000014
:100CE0000000000000000000000000000000000004
:100CF000000000000000000034524EC07BD70CC042
:100D000017F09ABF000000000000000056A0DCBFF2
:100D1000CCD293BF6727B6BFC4E8AEBEC9F58E3F3D
:100D20002982DD3F6A51183F00000000B37297BF6F
:100D30000000000076DB483F0000000017854D3FB3
:100D40003BDCAFBFCD1C20400000000000000000D5
:100D5000000000001FB4DDBFDF2685BF2C9F693F68
:100D600018AE293F8235B93FC58422C0000000007B
:100D70000000000000000000000000000000000073
:100D80000000000000000000000000000000000063
:100D90000000000000000000000000000000000053
:100DA0000000000036D33F40E7F15A40A8C6AF3FED
:100DB0003AECCBBFD5D78FBF000000000000000089
:100DC000AB6D463E1F63CEBF000000000000000078
:100DD0003317B1BF9294EF3E9C0630BE68EE383FA9
:100DE00000000000F7C646BD000000000000000043
:100DF00025A94ABCAE53F4BE317B27401794FDBEF3
:100E000000000000000000000000000000000000E2
:100E100000000000000000000000000000000000D2
:100E20000000000000000000A46286BF3E0E94BFD8
:100E3000E21CBD3F0BC200C0E076073FDEF05A4027
:100E40003DB7EABE00000000E661F340E52A03C0BA
:100E5000FA30003F1AB59D3FD002123F000000005B
:100E600000000000D550BABEFC56F53D08BA6B3FF5
:100E7000D4FCB5BF8987093FD477F33EC989BCBF8D
:100E800096EC5940931485405E02E0BF6BF941BF78
:100E9000872657BF000000000000000022171D40F9
:100EA0000000000000000000000000000000000042
:100EB000C4DDA7BE00000000DFCB97BE65A78ABFD8
:100EC0001A7872BFCE5688BF000000006A226CBF3D
:100ED0000000000000000000000000000000000012
:100EE0000000000000000000000000000000000002
:100EF00000000000000000000000000000000000F2
:100F000000000000000000000000000000000000E1
:100F100000000000000000000000000000000000D1
:100F2000000000007CB48D40825EA7C0000000007D
:100F3000470A573F17F09ABF6A109B3F0000000016
:100F4000C7E7C73F131DA3BF00000000000000005B
:100F5000F7F71BC000000000F316043F4CD7493DD3
:100F60000000000023AE8EBF9F69B03EC6A058406F
:100F7000A6994FBF699684BF0000000000000000E2
:100F80000000000000000000000000000000000061
:100F90000000000000000000000000000000000051
:100FA00034524EC0E4156BC079269FBF000000008C
:100FB000000000001150E73FEA89CABFC346A0BF46
:100FC000000000008772D3BFBD9007C032E684BF27
:100FD0000000000000000000000000000000000011
:100FE000064A8DBF000000000000000056A0DCBFD4
:100FF000F72CBCBF00000000000000000000000053
:101000000000000036D33F40E7F15A40A8C6AF3F8A
:101010007CB48D406B74BCBD00000000000000007B
:1010200068EE383F000000000000000000000000F3
:101030009BBFAA3F80C80140EB273B3F0BC200C0CB
:10104000A1DD12BFD6205CBE000000000000000041
:101050000000000000000000000000000000000090
:10106000000000000000000034524EC0E4156BC0C8
:1010700088EF1C40000000000000000017854D3F75
:10108000098F9ABFC859D8BF4353B83F000000002A
:10109000EBF6353FF08CE23F888BA03F34DE763FA5
:1010A0005B841B40F17C354037C35A3F7E0A29C020
:1010B000FF0CA63D53DD50BF97C4DCBF000000000D
:1010C00000000000F5D31EBD0000000067E986BFE8
:1010D000D62A26BF000000008623AEBF0000000015
:1010E0000000000000000000000000000000000000
:1010F00000000000000000000000000000000000F0
:1011000000000000000000000000000000000000DF
:10111000000000000000000000000000C4CDC8BFB7
:101120008D0834BFBD9007C0000000000000000023
:101130000000000036D33F40E7F15A405B629B3F1E
:101140003AECCBBFD5D78FBF0000000000000000F5
:10115000AB6D463ECA280F400000000000000000B2
:10116000000000000000000000000000000000007F
:1011700034524EC0E4156BC079269FBF00000000BA
:10118000000000006979DE3F545B09BFC346A0BF81
:1011900000000000F2791DBF7BD1873FD0348EBFA5
:1011A000000000006C14D03FD62A26BF7E462EC019
:1011B00068CCEBBE0000000000000000F75962BEE2
:1011C000000000005B8E63C0772F9ABFE348D2BF58
:1011D0007F53B5BEE5C999401FAA153F0000000026
:1011E00000000000000000000000000000000000FF
:1011F00000000000000000000000000000000000EF
:1012000000000000000000000000000000000000DE
:1012100000000000F7DC95BFF8E6233F893877C06F
:101220007A7A8C3F97724E3F000000009CE18B3F22
:10123000FEAF433F0000000000000000000000007F
:101240002F1DBF3F9879593F0F7F0C4000000000D1
:10125000ECEBEA3FC3B91ABEAFFCFDBE714334BF2D
:1012600067E986BF00000000C859D8BF49D3A04035
:10127000E6ED07409EF6063F2559183E866302C0FC
:10128000000000000000000000000000000000005E
:10129000000000000000000000000000000000004E
:1012A000000000000000000000000000000000003E
:1012B000000000000000000000000000000000002E
:1012C0001F63CEBF9C0630BEED3D1B3E77A9CEBF4F
:1012D000A7E4043E888BA03F04B797BF000000003E
:1012E0000000000000000000000000009F9B773F0E
:1012F0005DE6163FAAE30CBF08D67B3F4F98D5BEEC
:101300006CE871BFB26E533F4661CB3F00000000F6
:101310006D31B3BE8D0834BFB9302A3E059F15BF6D
:101320005672F53E408C0CC0547C8640288EAF3FF0
:10133000100CBA3F581D1B3E0000000000000000CA
:10134000580ED8BD000000000000000000000000A2
:101350004E420DBE00000000000000000000000032
:10136000000000000000000000000000000000007D
:10137000000000000000000000000000000000006D
:10138000000000000000000000000000000000005D
:101390000000000000000000000000007CB48D4050
:1013A000131DA3BF00000000F316043F8085F93F22
:1013B0005329C4BFA4EAF0BF71EEE93E117B02C01D
:1013C0001E59AA3F9F69B03E42B6163F9EA1CD3F2F
:1013D0001356E9BF0E8A923EFB689B3F375DE8BF1C
:1013E0008B814F3F00000000B65224400B90933F8A
:1013F0003ED0F4BF51320740983435BFDDB98C3E42
:10140000B76CEA3DC859D8BF317B2740783F56407A
:101410000000000000000000E661F340C1FC28BFAE
:1014200000000000000000000000000000000000BC
:1014300000000000000000000000000000000000AC
:10144000000000000000000000000000000000009C
:10145000000000000000000000000000000000008C
:10146000000000000000000000000000000000007C
:10147000000000000000000000000000000000006C
:10148000000000000000000034524EC080A6E23E82
:1014900088EF1C40000000000000000017854D3F51
:1014A000098F9ABF7F53B5BE4353B83F0000000079
:1014B00060F425BCDE0CE83F83B9C5BE34DE763F60
:1014C0005B841B40491529BF745D833FC859D8BF51
:1014D00052CAA1BE1FB4DDBFC8A72C3F0000000048
:1014E0000000000055211E3F00000000C9D297BF38
:1014F000196096BE0000000000000000000000001F
:1015000000000000000000000000000000000000DB
:1015100000000000000000000000000000000000CB
:1015200000000000000000000000000000000000BB
:1015300000000000C4CDC8BF8D0834BF1F63CEBFFC
:1015400000000000000000009C0630BE2654A9BF29
:101550005B198CBC094EC43D00000000893877C07F
:10156000000000000000000000000000000000007B
:1015700038700440F45C2E400000000000000000C1
:10158000ED3D1B3E02CFE2BF000000000000000066
:101590000000000000000000BD9007C00000000037
:1015A00036D33F40131DA3BF3B80043FF316043FD7
:1015B0008085F93F000000000000000096EC5940D3
:1015C000A4EAF0BFB9D8C23E117B02C0BAF3C6BECE
:1015D00000000000C7E7C73F9EA1CD3F1356E9BFFB
:1015E00027B9C1BCFB689B3FD081B23C0000000022
:1015F00000000000000000000000000000000000EB
:1016000000000000000000000000000000000000DA
:1016100000000000000000000000000000000000CA
:101620000000000034524EC0E4156BC0CA280F40C1
:101630000000000000000000064A8DBFCF388C3D3E
:10164000CF9D8FBF131DA3BF00000000000000004E
:10165000505D07C0677005403ED0F4BFB0F6963EBF
:101660000000000000000000C859D8BF00000000C2
:1016700065FF303F100CBA3F743B20BFA11A1EC05B
:10168000000000000000000000000000000000005A
:10169000000000000000000000000000000000004A
:1016A0000000000000000000A46286BFDC07D740F5
:1016B000E21CBD3F01CEF03F7C28E9BFA210ABBECB
:1016C000DC82B0BEE5349BBE59D621BE00000000CE
:1016D000EDAA0740B405723E8083103F0000000071
:1016E0000000000065422BC098DBCBBF000000006B
:1016F000000000006D31B3BE000000008D0B003F04
:101700005FB6CAC0ACCCA9BFF314813F04DE8D40E4
:10171000F69CE5BF0000000021618DBF00000000C5
:101720000000000000000000CBC0334000000000BB
:10173000DD0BB0BF52B9F0BF98BE10BF2CB1F5BFE2
:10174000C85A2FBE0000000000000000000000008A
:101750000000000000000000000000000000000089
:101760000000000000000000000000000000000079
:101770000000000000000000000000000000000069
:10178000000000000000000000000000C4CDC8BF41
:101790008D0834BF7CB48D400000000000000000C4
:1017A000BD9007C0000000000000000036D33F409D
:1017B000E7F15A40B761D93E3317B1BFD5D78FBFD4
:1017C0000000000000000000000000000000000019
:1017D0000000000000000000C751D4BF14D2563FE3
:1017E00079269FBF00000000000000007D8B9C3F19
:1017F000545B09BFA4E8D9BF00000000F2791DBF07
:101800007BD1873F0000000038A32ABF8564BA3F20
:101810006A0167409D7DDEBE68CCEBBE0000000023
:1018200000000000F75962BE00000000006CFE3EA0
:1018300091B0F0BE1DD73D3F839C35C0E5C99940AE
:101840001FAA153F0000000000000000000000007B
:101850000000000000000000000000000000000088
:101860000000000000000000000000000000000078
:10187000000000000000000000000000CA280F4027
:1018800034524EC0CF388C3DE4156BC0064A8DBF34
:101890000000000000000000000000000000000048
:1018A000AA81F0BF68EE383FF8A433C0CF9D8FBF48
:1018B0003ED0F4BFF60F963E00000000000000008E
:1018C000112BC53E67700540DFE7124029B100408B
:1018D0001B74D4BF000000000000000000000000E6
:1018E00000000000000000000000000000000000F8
:1018F00000000000000000000000000000000000E8
:10190000CA280F40BBAAB83FCF388C3D699684BF28
:101910002C1C823F0000000000000000AEC389BF05
:1019200092205BBF8FD7A8BD8987093F00000000C8
:101930001C98D9BE0000000049444BBFFB3F18C0B3
:101940007300743F00000000000000007ED5D03F0F
:10195000FEB85BBEB1673ABF006CFE3E00000000FF
:101960000000000000000000000000000000000077
:101970000000000000000000000000000000000067
:1019800000000000000000000000000034524EC0C3
:10199000E4156BC0CCD293BF000000000000000033
:1019A000C9F58E3F8C6A6DC0938BC6BF00000000E6
:1019B000A79A96BE74D687BF0000000021E8CEBF6C
:1019C000000000000000000038A5DE3FFDC98CBF0C
:1019D0000000000000000000BCC0E43FF5D31EBDC5
:1019E0000000000073CB2DBE0000000000000000CE
:1019F00000000000000000000000000000000000E7
:101A00007CB48D40825EA7C0000000000FCC42BEB7
:101A10000CB7414094EE484000000000C859D8BFC0
:101A2000063BD0BE0000000000000000D4FCB5BFA3
:101A30001DA987C0ED499ABEC6AF203F0000000037
:101A400015FC6AC0B1CB893F1FAA153F00000000FA
:101A50000000000000000000000000000000000086
:101A60000000000000000000000000000000000076
:101A700000000000C4CDC8BF8D0834BFA46286BF7B
:101A80000000000000000000E661F340E21CBD3FE2
:101A9000103CE63F90ABA3BFF8FF264023689DBEF5
:101AA00001CEF03F54EB383F0000000022058F3F8D
:101AB000AF7BEABFAF8BD1BF000000000000000089
:101AC00049444BBF59D621BE000000000000000071
:101AD000000000000000000032058ABE2D83424055
:101AE000000000001D30A8BF000000000000000042
:101AF00000000000000000000000000000000000E6
:101B000000000000000000000000000000000000D5
:101B1000CA280F4034524EC0CF388C3DE4156BC0FC
:101B2000064A8DBF00000000000000000000000019
:101B300000000000C7E7C73F131DA3BFCF9D8FBFA5
:101B400000000000A4EAF0BFB0F6963E112BC53E9F
:101B50006AC408405737F03F3E591DC00682B13F66
:101B6000A11A1EC0000000000000000000000000DC
:101B70000000000000000000000000000000000065
:101B80000000000000000000000000000000000055
:101B900000000000BD9007C0000000007CB48D4034
:101BA000888BA03F00000000D6F5763F67700540A7
:101BB000FEAF433F798B0F40BBAAB83FDF194EBE43
:101BC000F7DC95BF7BD1873F0C2E1FBF9E7B403F2C
:101BD000E94F5BBED6F5763F00000000DE2D9ABED1
:101BE00000000000000000000000000000000000F5
:101BF00000000000000000000000000000000000E5
:101C000000000000000000000000000000000000D4
:101C1000000000000000000067E13640C1F9F03F1D
:101C20000C9A21C08E1369BE2BBC433F00000000FC
:101C300000000000544E653F4C96FB40DFB60D3F60
:101C40001831ABBFDEB07540F2A1113FB2955F40D5
:101C5000000000000000000000000000C4E201BF1E
:101C6000249C5B3F9D71DABF00000000FC87A6BF8B
:101C7000C041BC3F9CE18B3F4CD7493D0000000078
:101C80000000000000000000000000000000000054
:101C90000000000000000000000000000000000044
:101CA0000000000000000000000000000000000034
:101CB00000000000DC720CC072B556C0B7416DC0A8
:101CC0002AAB25C0088BD93F00000000F45C2E40F1
:101CD0000000000000000000000000000000000004
:101CE000F0B45FC002CFE2BFBA5C3FC08F0632C023
:101CF000D484A83FDD7FBB3E000000002C8B5ABE81
:101D000012A587BF357ABFBF66F943BF0000000048
:101D10003C69FFBD6A073D3E000000000000000076
:101D200000000000000000000000000000000000B3
:101D300000000000000000000000000000000000A3
:101D40000000000000000000C4CDC8BF8D0834BFF3
:101D500067E1364000000000000000007CB48D40C8
:101D6000B28F1EC0B56F94C00000000000000000DC
:101D700000000000C59A00C0D0DF80BF0000000056
:101D8000E48406C01B5A363F2C9F693F00000000C8
:101D90000000000000000000000000000000000043
:101DA0000000000079269FBF7D8B9C3FBD9007C03F
:101DB0008CBB0EC00000000000000000C751D4BF63
:101DC0000000000000000000F316043F7F53B5BE82
:101DD00000000000000000000A8909BF98BF2F3FE3
:101DE0006E3A443E845B8AC0712EBB3F11DB4F3F8D
:101DF00000000000000000000000000000000000E3
:101E000000000000000000000000000000000000D2
:101E100034524EC0E4156BC088EF1C400000000037
:101E20000000000017854D3FD6F5763FC859D8BF52
:101E30004353B83F217F51BF10D41D3FF08CE23F88
:101E4000560DC33F34DE763F5B841B406EF0CEBF41
:101E500054F2EDBFB5BAA7BD00000000ECC69D3E30
:101E600000000000C9B08C409A6CA73E0000000042
:101E70000000000055211E3F00000000000000008F
:101E80000000000000000000000000000000000052
:101E90000000000000000000000000000000000042
:101EA0000000000000000000000000000000000032
:101EB00000000000888BA03FD6F5763F6770054094
:101EC000FEAF433F798B0F408772D3BF8DBBF4BD0C
:101ED000F7DC95BFB10B5E3F365223C0AB37553FA1
:101EE0003478E1BF8B8A9D4000000000DE2D9ABE51
:101EF000F8E6233F91E93CC000000000000000002C
:101F000000000000000000000000000000000000D1
:101F1000713B6FBEF599E03FB8B0CFBFC6C8C840AF
:101F20000000000000000000448FB43F00000000EB
:101F3000826B83400F1EE4BE000000000000000022
:101F40000000000000000000000000009085903FAD
:101F500000000000BBDB0CC100000000000000001E
:101F60000000000000000000000000000000000071
:101F70000000000000000000000000000000000061
:101F8000C4CDC8BFF08318BF1AD9044000000000B8
:101F90000000000036D33F4000000000FB1C1D3F46
:101FA000000000008DF1B43F68CCEBBE70A8833F09
:101FB0005672F53EADDA7CBF0CE9803E00000000B1
:101FC0000000000000000000000000000000000011
:101FD00000000000000000000000000079269FBF04
:101FE00085FB22C08E1369BE00000000282819BF9F
:101FF00082DD78BFC8518BBF0000000000000000E8
:1020000066F943BF544E653F773246BE15B289BE6E
:10201000000000001266CFBF8684A7BF08D6013F2C
:10202000DDDE87BF9A50A4BACC1E413FFFDED73F0A
:102030000000000022058F3F218375BE8145EEBF61
:10204000000000002FA7303F0000000071D62E3F97
:10205000DC07D740DADDAA3F9561D63E0441D83F80
:102060007E462EC065A78ABF000000000000000069
:102070000000000000000000000000000000000060
:102080000000000000000000000000000000000050
:102090000000000000000000000000000000000040
:1020A0000000000000000000000000000000000030
:1020B0000000000000000000000000000000000020
:1020C0007CB48D402982DD3F000000009474413FC4
:1020D0006EF0CEBFFEAF433F9473DC3F2C2282C034
:1020E000CC7752BFF7DC95BF99996BBF12CBFABE84
:1020F000E4C04B3F000000006732933F11C349BF6B
:1021000067700540F8E6233F4053A0BF0000000081
:1021100000000000DA603AC0693B563F0000000052
:1021200000000000000000000000000000000000AF
:1021300000000000808BE9BF0000000000000000EC
:10214000000000000000000000000000000000008F
:10215000000000000000000000000000000000007F
:1021600000000000BBAAB83F4AA053BF95BC72BE96
:102170009C4AED3EC6ACAF3DDB1E11C0930A103F3A
:10218000B358E9BE5E5B9A3E88EF1C40825EA7C0F2
:1021900000000000000000000000000083E03B3F62
:1021A0003C026E3DA4E8D9BF861D26BF000000009A
:1021B00038A5DE3F54F2EDBF00000000B2883EBDFE
:1021C000000000000000000000000000EFC0563FCB
:1021D0000000000049444BBF000000000000000068
:1021E00054EB383F49444BBF0000000000000000A2
:1021F000EE24C9BFCA739DBF0000000000000000AC
:1022000000000000000000000000000000000000CE
:1022100000000000000000000000000000000000BE
:102220000000000000000000C4CDC8BF63DC03BF95
:102230001AD904400000000000000000CEB76D3F36
:1022400000000000593983408A8C78BFB56F94C074
:1022500000000000ED2ED0BE79A207BEF797BDC0EA
:10226000706359C000000000000000000E44BBBFB6
:102270004A9426BF0000000000000000000000009B
:10228000000000000000000000000000000000004E
:10229000000000003AECCBBFAB6D463EC0C363BF4D
:1022A000F89FDEBE000000009C0630BEF0C722BFD3
:1022B00000000000D39F44BF6A51183F839C35C083
:1022C000D7E42CBEEECF81BE00000000000000006D
:1022D0007A9B7EBFF488103E0000000000000000E2
:1022E000713B6FBEFCA84ABFC9BDCEBC961427C0C7
:1022F00000000000000000000000000000000000DE
:102300000000000000000000408C0CC00000000035
:10231000337D52BED69EBEBF248D89BFA1B3293F57
:1023200000000000000000000000000000000000AD
:10233000000000000000000000000000000000009D
:10234000000000000000000034524EC000000000F9
:1023500079269FBF88239C3FCCD293BFE797A2BE2C
:1023600000000000C9F58E3F8C6A6DC000000000BF
:1023700000000000938BC6BF0000000055578D3E43
:10238000699684BF000000007D2D7EBF0000000024
:102390000000000038A5DE3FDB3EB9BE00000000B3
:1023A000000000000000000000000000000000002D
:1023B00000000000A46286BFCDBE5340E21CBD3FBA
:1023C00052764D3F06340240A210ABBE0000000022
:1023D000FB87A6BFCCD252BF192D003F00000000E2
:1023E000B405723E8083103F00000000365223C0C7
:1023F00000000000332250BFB935DA3F063C913F60
:102400008D0B003F24EDBFC0ACCCA9BFF314813FBE
:1024100000000000000000000000000000000000BC
:10242000337D52BE000000000000000000000000EC
:10243000000000007D8B9C3F00000000A4E8D9BF95
:1024400052B9F0BFD6F5763F2CB1F5BF9C4F0C3F8B
:10245000000000000000000000000000000000007C
:10246000000000000000000000000000000000006C
:10247000000000000000000000000000000000005C
:10248000000000000000000034524EC000000000B8
:1024900079269FBF88239C3FF6218CBFE797A2BE79
:1024A00000000000BDC5B93EFB1C1D3F0000000040
:1024B0000000000000000000000000001E569CBF4D
:1024C00068CCEBBE382ADABF993B57C0CAA6613E3A
:1024D000DDB200400000000000000000000000002D
:1024E00000000000000000000000000000000000EC
:1024F000000000001F63CEBF77A9CEBFDE076EBF0E
:10250000000000003AF5E3BF6B9BA6BE1707C7BFEC
:102510000000000000000000C25D5ABF0000000083
:10252000871757BF22D45FBF0000000000000000E3
:1025300000000000F488103E47E1C53EF0C722BF0E
:102540000000000000000000837469BF000000006C
:10255000209F01BFEECF81BE000000000000000000
:10256000000000000000000000000000000000006B
:10257000593983403317B1BF00000000820B364049
:10258000F08318BF3F673E3F83BECD3E48E72DBF77
:1025900072DA29BF09FF7D3FEAB4E43E0000000083
:1025A00000000000FF9486BFE9CA8C3E6B74BCBD7E
:1025B0000BAE1340FBDB46C0312AA8BD0000000073
:1025C000CCD252BFE0E75F3FFF425F3D000000001A
:1025D0000000000068CCEBBE1BAC2B3F9151C53F07
:1025E000C6ACAF3D0000000000000000000000008D
:1025F00000000000000000000000000000000000DB
:1026000000000000000000000000000000000000CA
:1026100000000000000000000000000000000000BA
:10262000000000000000000000000000CA280F4069
:10263000893877C000000000693D5EBFAF7BEABF0C
:1026400000000000000000004F98D5BE2F21C83FB9
:102650002C9F693F100CBA3FF45C2E40E3B22F3F31
:1026600023689DBE1D5C85C0F8FF264031161CBF47
:102670001FF5AD3F374ACBBF12CDB13E0000000081
:10268000000000000000000000000000000000004A
:10269000000000000000000000000000000000003A
:1026A000000000000000000000000000000000002A
:1026B000000000000000000088EF1C4017854D3F1F
:1026C00060F425BCC859D8BFA2E72BC0491529BF63
:1026D000AED04FC0F08CE23FA5221C3F00000000AE
:1026E000FD3C5CC0CF9D8FBFEBF6353F0000000086
:1026F000000000001C2151C0000000001FAA153F6F
:10270000560DC33F00000000E04A43BF0000000038
:1027100000000000000000000000000000000000B9
:102720007E0A29C059BBF93F53DD50BF6770054091
:10273000AA527E3E000000000000000000000000E1
:102740000000000000000000000000000000000089
:102750000000000000000000000000000000000079
:10276000000000003AECCBBFAB6D463E1F63CEBF0E
:102770006616C93F000000009C0630BEDEB0754002
:10278000DA3CDCBD0000000077A9CEBF00000000ED
:10279000B2A3C23FFDAB10BE00000000000000006D
:1027A00000000000000000003ED0F4BFC4E781BF7D
:1027B0000000000000000000BDA0A93FD776803FC8
:1027C0005D94B7BFB8958B3F00000000000000008B
:1027D00000000000000000000000000000000000F9
:1027E0000000000000000000C4CDC8BF00000000D1
:1027F0001AD90440C78262400000000004B797BFA6
:102800008F5727C0593983402074083F00000000CB
:10281000000000009040ED3E00000000F48DA8BFD5
:102820009D7DDEBE000000000000000000000000F2
:1028300000000000000000000000000034524EC004
:102840000000000088EF1C40FE2ABE3F60F425BC5B
:10285000D7B8A43E5672F53E491529BFDECEBA3F21
:10286000064A8DBFD3C457BEE67E08BF00000000F5
:1028700048CABFBFEBF6353F000000000000000073
:10288000F874733FEB273B3FF73960BFD2CB02C0F0
:102890000000000000000000000000000000000038
:1028A0000000000000000000000000000000000028
:1028B0000000000000000000000000000000000018
:1028C00000000000000000003AECCBBFAB6D463EBC
:1028D0001F63CEBF470A573F000000009C0630BE72
:1028E00022D45FBF000000000000000077A9CEBF27
:1028F00000000000A4E8D9BFF0C722BF000000001C
:1029000000000000000000005CA35BC0D7E42CBE08
:10291000AE0A87BE00000000E8B52A3F00000000B4
:10292000AF7BEABFFE13B6BF27E55DBE0000000027
:102930000000000000000000000000000000000097
:1029400000000000000000000000000079269FBF8A
:1029500085FB22C08E1369BE000000006EA8DBBD9F
:1029600082DD78BFC1F9F03F0000000000000000E8
:1029700066F943BF544E653F1C0E57BF2968CB3FD5
:10298000000000004735B8BF8684A7BF08D6013FC6
:10299000879150BE15B289BE3449C73F0000000080
:1029A0000000000022058F3F218375BE8145EEBFE8
:1029B0000000000008E699BFD4FCB5BF4C80714010
:1029C000F69C303FA2E72BC0000000000000000092
:1029D00000000000000000000000000000000000F7
:1029E00000000000000000000000000000000000E7
:1029F00000000000000000000000000000000000D7
:102A000000000000000000000000000000000000C6
:102A1000BBAAB83F4AA053BFA98A743E9C4AED3E68
:102A2000C6ACAF3DA15F1E3F50168C3FB358E9BE08
:102A30005E5B9A3EBBE7BD3F825EA7C00000000020
:102A40000000000000000000000000008FA967BF28
:102A50001E59B6BF43B5314000000000B7E45A3FED
:102A60009085903F00000000CA280F400000000041
:102A70003C026E3D0000000049444BBF00000000D6
:102A800000000000085FF6BEF8081FBF6D411C4043
:102A9000000000005F9349C000000000000000003B
:102AA0000000000000000000000000000000000026
:102AB0000000000000000000000000000000000016
:102AC00000000000000000000000000034524EC072
:102AD0000000000079269FBF0C876E3FEA89CABFBD
:102AE0006EA8DBBD0000000000000000F72CBCBF9A
:102AF000000000000000000000000000CCD293BFE6
:102B0000000000008C6A6DC00000000000000000A2
:102B1000131DA3BFF316043FE0DD523F96EC59406E
:102B2000A4EAF0BFADDA7CBFC4E781BFAC7EF7BFDB
:102B300000000000C9D297BFC6A05840540047C04B
:102B4000577EBC3F0A75CC3F544E653F00000000E5
:102B5000F27E713D178668BF9406DE3E1729FABDE6
:102B6000DC19503E00000000B50DAD3FE94F5BBEE3
:102B70001DF550400000000000000000F44F004030
:102B8000B6928DBF00000000820B364000000000AE
:102B900000000000BDA0A93F4EF2F13E0E6D49BFFE
:102BA0000000000000000000D94F7BBE2C2B8EBF20
:102BB000000000004B0ADF3C9346F8BE0000000016
:102BC0004DFDDABF00000000000000000000000022
:102BD0001E569CBF00000000000000000000000026
:102BE00000000000000000000000000000000000E5
:102BF00000000000000000000000000000000000D5
:102C000000000000000000000000000000000000C4
:102C100000000000000000000000000000000000B4
:102C20000000000059398340B71BF4BF00000000CA
:102C3000A7D029BF04B797BFAD60143F00000000C4
:102C40001580F3BFCF1162BE40B50A4000000000FE
:102C500092F0283E375DE8BFE5E38B3DE2D8513E78
:102C60000D2CCB3E0000000014C157BF24FD1F3EB9
:102C700000000000F6CC463E7759723EA5044ABFDC
:102C8000C1F9F03F5BA089BF000000000000000018
:102C90000000000000000000000000000000000034
:102CA0000000000000000000000000000000000024
:102CB0000000000000000000000000000000000014
:102CC0000000000000000000E661F340A46286BF3F
:102CD00099AFCBBE103CE63FAE0A87BE00000000B5
:102CE0000000000001CEF03F00000000B465A9BE66
:102CF000713B6FBEE5349BBE0000000091F72EBF14
:102D0000A5BD963F9CE18B3F938BC6BFB1D5C83F15
:102D1000EB4DC7BF000000000000000077A9CEBF48
:102D20000000000072C4FCBECCD963BE953CA43E3A
:102D3000493FFBBF00000000000000000000000051
:102D40000000000000000000000000000000000083
:102D50000000000000000000000000000000000073
:102D60000000000000000000000000002C69C33FCC
:102D7000CCD293BF65FADF3F91F72EBF92570BC0BD
:102D8000BC251C400000000035E79ABF0000000091
:102D9000F1A7873E0473C43D00000000000000005E
:102DA00000000000000000000AFE29C0888BA03F40
:102DB0003ED0F4BFDC07D74000000000A2E72BC0E4
:102DC00095F0DF3E00000000AA9E30C0F599E03F7C
:102DD000C4E781BF00000000000000000000000008
:102DE00000000000000000000000000000000000E3
:102DF00000000000000000000000000000000000D3
:102E0000F7B011BE415FD3BECF1162BEC661103FA5
:102E1000EFDC1E3FB5DBF63EAF7BEABF00000000F3
:102E200000000000EC82FA3E691F3E3EA2E7A63F8A
:102E3000CCC10E3F3FB40FB9FB3F18C0F8DDFEBF59
:102E40008DDDC73D0000000000000000724F23C070
:102E5000000000000A602ABF0000000049831EBF76
:102E600012CDB13E4FD0033EEC737DC0715E19C0F0
:102E7000BDFD054000000000C041BC3F0000000057
:102E8000603E8D3D000000000000000000000000DA
:102E90000E44BBBF00000000000000000000000066
:102EA000E74C3C3E00000000000000000000000075
:102EB0000000000000000000000000000000000012
:102EC0000000000000000000000000000000000002
:102ED000000000000000000000000000BBAAB83F96
:102EE0004AA053BFA98A743E9C4AED3E65A29F3F0B
:102EF00018F315C050168C3FB358E9BE5E5B9A3E7E
:102F0000590FDD3F0000000000000000000000003D
:102F100000000000000000008FA967BFC346A0BFEB
:102F2000864090BF0000000024BFA03E4053A0BFD9
:102F300000000000000000000000000049444BBFFA
:102F40000000000000000000F229C33F80C80140DB
:102F50000000000035381CBF000000000000000029
:102F60000000000000000000000000000000000061
:102F7000000000000000000034524EC000000000BD
:102F800079269FBF290AD43D7F53B5BE00000000BB
:102F9000000000000A8909BFDEB075406E3A443E69
:102FA000F316043F98BF2F3F590A5BBEBDC5B93E1B
:102FB00000C8923FE2A29EBF00853740E3FFC13FB9
:102FC0003B53B13F00000000000000000000000083
:102FD00000000000000000000000000000000000F1
:102FE00000000000000000000000000000000000E1
:102FF000000000000000000000000000C4CDC8BFB9
:10300000000000002C69C33F59153EC065FADF3F40
:103010000E13CBBF27BE1940195FF33F000000001D
:10302000000000005BA089BFB394ECBF27B9C1BC0E
:103030000000000000000000000000000000000090
:10304000490DFFBED90997400000000000000000B4
:103050000000000000000000000000000000000070
:10306000C859D8BFF08CE23F709360BFCC3E783F28
:1030700042A08FC0FA85FFBF1FB4DDBF6F3946C0C5
:10308000000000000000000052764D3F00000000EC
:103090000000000048E72DBFB2A3C23F00000000BF
:1030A0007E0A29C000000000000000002A15823EB0
:1030B000000000006EDA07BF560DC33F000000009D
:1030C000000000000000000000000000C9F58E3F75
:1030D000B1CB893F6AFB4FBF2E8F423D00000000FD
:1030E00000000000000000000000000000000000E0
:1030F0000000000000000000000000001F63CEBFC1
:103100009C0630BEDE076EBF77A9CEBF0000000070
:103110006B9BA6BE1707C7BF0000000000000000A1
:10312000C25D5ABF00000000871757BF547C86401D
:103130000000000000000000000000008EBE71BE14
:103140009D71DABFFDAB10BE000000000000000062
:103150000AD39DBE6CAFABC00000000000000000B1
:10316000000000000000000000000000000000005F
:1031700034524EC000000000BDA0A93F0B8D853F1A
:10318000E0342E4070A8833F68CCEBBE9473DC3FE4
:10319000CE5688BF225A13BFDE0CE83F0000000065
:1031A000F08318BFD034CFBE000000000000000044
:1031B00000000000316983BE5BA089BF7EC81CBFD0
:1031C000F0C722BFFF9486BFF0C90C40000000008A
:1031D00000000000000000000000000000000000EF
:1031E00000000000000000000000000000000000DF
:1031F00000000000000000000000000000000000CF
:10320000000000008772D3BFF08CE23F0BA1213F8A
:10321000CC3E783F42A08FC02C9F693F677005402D
:10322000481433C0000000000000000052764D3FFB
:10323000C5CB223F22892BBF3C28104029B100403A
:1032400000000000ECC69D3E5E3F09BF000000008C
:10325000375DE8BFE5C99940F7B011BE0C9A21C0AF
:103260003AECCBBFC3F9473FDE2D9ABE0000000009
:10327000000000000000000000000000000000004E
:10328000E81EEABE059F15BF000000000000000018
:10329000000000000000000000000000000000002E
:1032A000000000004F5AB73F00000000000000007F
:1032B000000000000000000000000000000000000E
:1032C00000000000000000000000000000000000FE
:1032D000BBAAB83F4AA053BF95BC72BE9C4AED3E04
:1032E0002576033E00000000930A103FDE88843EEE
:1032F0005E5B9A3E6889B53EA2E72BC000000000E5
:1033000000000000F37B61BF511B5DBE864090BF93
:103310000000000082629ABF88EF1C404016DEBFAA
:10332000082559BE00000000000000000000000059
:10333000000000000000000000000000000000008D
:103340000E44BBBF065D10400000000000000000FE
:10335000C12EC03FB704F43E1BC039C000000000BE
:10336000000000000000000000000000000000005D
:10337000000000000000000000000000000000004D
:1033800000000000131DA3BFF316043FE0DD523F11
:10339000DC6BF0BFA4EAF0BFADDA7CBFC4E781BF4D
:1033A000000000000B0F993FD2342E3F9EA1CD3F6D
:1033B00024EB24BF577EBC3F39A671BF544E653FF6
:1033C000D39ED43E00000000C9D297BF0000000089
:1033D00000000000DDB98C3E748CF73F0000000057
:1033E000E94F5BBEC59A00C000000000000000006D
:1033F000F44F0040ED7597BD000000000000000094
:1034000000000000C6AF203F4306463E000000001B
:1034100000000000000000001BC039C000000000D8
:103420000000000049444BBF000000000000000005
:10343000894028BF000000000000000000000000DC
:10344000000000000000000000000000000000007C
:10345000000000000000000000000000000000006C
:10346000B71BF4BFA7D029BFBDA0A93F093D903E1F
:10347000000000001F63CEBFE0342E4000000000BB
:103480002AAB25C077A9CEBFB6EA1A409473DC3FB9
:10349000CE5688BF000000000000000000000000C1
:1034A00000000000D776803F0C2E1FBFD034CFBE67
:1034B0000000000000000000000000001852AF3FB4
:1034C000033FC2BFE8F500BF00000000000000009D
:1034D00000000000000000000000000000000000EC
:1034E0000000000000000000000000008772D3BF51
:1034F000F08CE23F560DC33FCC3E783FB9D8C23E78
:10350000820B3640413E033E6F3946C0000000004A
:103510003A9EF4BE00000000C58422C000000000F6
:103520008225433FA2E72BC00000000000000000FE
:103530000000000000000000D94F7BBECB08673FB1
:10354000508450BF17FB15400140423F9A8FF23F15
:10355000CDBE53404447B13E0A7B81BEB36C0A3FA7
:1035600000000000131DA3BF38E821BF00000000C9
:10357000000000000000000000000000000000004B
:10358000000000000000000000000000000000003B
:10359000000000000000000000000000000000002B
:1035A000000000000000000000000000000000001B
:1035B00034524EC00000000079269FBF1729FABD83
:1035C000CCD293BF0000000000000000C9F58E3F80
:1035D0008C6A6DC0C735833F00000000000000000A
:1035E00074D687BF0000000000000000EBCCA3BE33
:1035F000BBAAB83F0000000000000000000000006F
:103600000000000059398340A9462BC0000000008B
:10361000F37B61BF5B1563C0000000000000000089
:10362000E13940BFCCD293BF000000000000000091
:103630001BC039C004B797BF0000000000000000A5
:10364000375DE8BF4AA053BF000000000000000043
:1036500000000000000000001F63CEBF9C0630BECB
:103660000F1685BF00000000000000006B9BA6BE87
:103670006B462E3F0000000000000000EBF6353FD7
:10368000F60F963E9F69B03E42B6163F1758EDBE04
:103690000000000088EF1C400AED7840508DF7BF15
:1036A000576E8BBF0000000000000000000000000B
:1036B000000000000000000000000000000000000A
:1036C0000000000000000000000000008772D3BF6F
:1036D000F08CE23F709360BF1C2151C0B9D8C23E4C
:1036E000BE03E5BF1FB4DDBF00000000B2116B3F99
:1036F000952C8CBE000000000000000000000000BF
:1037000048E72DBFB2A3C23F000000000000000048
:1037100000000000000000002A15823E00000000AA
:103720006EDA07BF560DC33F000000000000000026
:10373000C9F58E3F875414C06AFB4FBF2E8F423DA0
:103740000000000000000000000000000000000079
:103750000000000000000000000000000000000069
:10376000E7F15A40B56F94C000000000DE7A11C046
:10377000F7B011BE000000004DFDDABF1B5A363F06
:10378000CF1162BE00000000257FBD3F2982DD3FD2
:1037900000000000B5DBF63EAF7BEABF0000000092
:1037A0000000000012CBFABE117B02C0603E8D3DCE
:1037B000CCC10E3F3FB40FB9D46F20C00000000051
:1037C00000000000000000000000000000000000F9
:1037D00000000000000000000000000000000000E9
:1037E000000000000000000000000000E661F3405F
:1037F000A46286BFFA3D363F103CE63FAE0A87BE64
:10380000000000000000000001CEF03F00000000BA
:10381000B465A9BE713B6FBE49444BBF00000000B8
:1038200091F72EBFA5BD963F9CE18B3F938BC6BF02
:103830002BFF0D3F27BE19400000000000000000D4
:10384000B56F94C00000000072C4FCBECCD963BE4A
:10385000589A0E3F493FFBBF0000000000000000E7
:103860000000000000000000000000000000000058
:103870000000000000000000000000000000000048
:103880000000000000000000000000000000000038
:1038900034524EC00000000079269FBFF6C1DBBC49
:1038A000E7F15A40000000000000000084585E3E2E
:1038B00000000000712EBB3F49B653BF1324C0BFA8
:1038C0004E420DBE00000000A356E9BE00000000FD
:1038D00000000000000000000000000000000000E8
:1038E00000000000888BA03F0C876E3F4D0006C093
:1038F000FEAF433F798B0F40C9F58E3F9CF4D8BE95
:10390000F7DC95BF00000000000000000000000090
:103910000000000000000000F45E18BF67CB094003
:103920003A2D593E91E93CC0000000000000000023
:103930008B8A9D4000000000030E0EBF00000000B7
:10394000748CF73F9C59893E000000000680C1BE80
:103950000000000000000000000000000000000067
:103960000000000000000000000000000000000057
:10397000E661F340A46286BF99AFCBBE103CE63F40
:103980000D78013E000000000000000001CEF03F75
:103990000000000077A9CEBFBC54693EE5349BBE51
:1039A000000000001BBEE63E8D0B003F48E72DBF28
:1039B00000000000E9CA8C3EEB4DC7BF00000000CC
:1039C000000000009F9B773F808BE9BF0000000054
:1039D00000000000000000000000000000000000E7
:1039E00000000000000000000000000000000000D7
:1039F000000000001F63CEBF9C0630BEDE076EBF16
:103A000000000000000000006B9BA6BEFB1C1D3FD9
:103A1000667A21BE00000000619A46C06C46D53F20
:103A2000000000000000000000000000AF00193F8F
:103A30008B5B74BFA2CA4F3F9561D63E8E1369BEA1
:103A4000DFE71240063C913F00000000000000004C
:103A50000000000000000000000000000000000066
:103A60000000000000000000000000000000000056
:103A7000A9462BC02C2282C079269FBF00000000DF
:103A800000000000F6C1DBBCE661F340000000006E
:103A900000000000F7B011BE99AFCBBE6D3FE2BE93
:103AA0000F7F0C400000000000000000000000003C
:103AB000EFDC1E3FB150453FE99AB1BF0000000066
:103AC00000000000000000000000000000000000F6
:103AD000000000008772D3BF7C28E9BF0BA1213F03
:103AE00008C654BFD4FCB5BF9F9B773F67700540A5
:103AF00000000000691F3E3E00000000E6ED0740A8
:103B000059BBF93F22892BBF3C2810405487A9BFDD
:103B100000000000000000000000000000000000A5
:103B20005E7D4CBE0000000090B94BBF0C9A21C0D6
:103B30003AECCBBF000000000000000000000000D5
:103B4000037B273FB150453F00000000000000000C
:103B50000000000000000000000000004F5AB73FC6
:103B60000000000000000000000000000000000055
:103B70000000000000000000B71BF4BFA7D029BF61
:103B8000BDA0A93F093D903E0000000057F1203F35
:103B9000E0342E400000000034BBB43E4AA053BFC6
:103BA000F0C722BF9473DC3F3E91043F0000000049
:103BB00000000000AFFCFDBEEF9AF1BF9C0630BED6
:103BC0009AB2A5BED034CFBE0000000000000000B5
:103BD0000000000000000000681F40BFCD2AA1BF08
:103BE000347431407131B5BE00000000CA924DBF3F
:103BF00025DEC63F000000000000000000000000BD
:103C000000000000000000000000000000000000B4
:103C100000000000000000000000000000000000A4
:103C2000000000000000000000000000BBAAB83F38
:103C3000888BA03F394F92BEF7B011BE6770054028
:103C4000000000002C1C823F64E2B6BF4CD7493D07
:103C5000FB1C1D3FDE2D9ABE00000000000000008E
:103C600000000000F31A583FE5E38B3DA535D4BDB5
:103C70005A87263F000000000000000000000000FE
:103C800050EE9ABE00000000E999D1BF000000008C
:103C900095037FBD493FFBBFFC87A6BF2D75BA3F8B
:103CA0000000000000000000000000000000000014
:103CB0000000000000000000000000000000000004
:103CC00000000000000000000000000000000000F4
:103CD0008772D3BF7C28E9BFFEDF2A4008C654BFE5
:103CE000D4FCB5BF88E9D73FAF8BD1BF000000003F
:103CF000691F3E3E00000000E6ED0740AF7BEABFD3
:103D0000FFC6DFBE00000000000000000000000051
:103D1000000000000000000000000000C4E781BFB8
:103D200039C9513F000000000000000023689DBE1B
:103D3000C50702C0F45C2E40A2A2423F0000000072
:103D40000000000000000000000000000000000073
:103D500000000000000000000000000034524EC0CF
:103D60000000000079269FBFF6C1DBBCE661F3408E
:103D700000000000000000002BFF0D3F99AFCBBEFC
:103D8000462005BF8BACDDBE000000000000000037
:103D900077AE14BF1758EDBEB150453FDFEC943EEF
:103DA0000000000000000000000000000000000013
:103DB0000000000000000000000000000000000003
:103DC0008772D3BF7C28E9BFFEDF2A407E0A29C064
:103DD000D4FCB5BF88E9D73FAF8BD1BF000000004E
:103DE000C7A9B53E00000000F599E03FAF7BEABFF0
:103DF000FFC6DFBE00000000000000000000000061
:103E0000000000000000000000000000C4E781BFC7
:103E100039C9513F00000000000000002A15823E11
:103E2000C50702C09A50A4BAA2A2423F00000000F7
:103E30000000000000000000000000000000000082
:103E4000000000000000000000000000B71BF4BFED
:103E5000A7D029BFB7416DC0D422953E0000000015
:103E6000000000000366EF3F976758BF00000000A6
:103E700006F77D4002CFE2BF000000000000000016
:103E8000383617C09EA1CD3F996DCF3DCC7752BF3C
:103E900000000000809B5C3F21B11940BC6BA83E34
:103EA0000000000000000000000000008DBBF4BD19
:103EB0000000000000000000000000000000000002
:103EC00000000000000000000000000000000000F2
:103ED000BBAAB83FB56F94C095BC72BEBA617740BB
:103EE0005B8E63C000000000930A103FFB17A53FE4
:103EF00000000000A8CCFBBF693D5EBF00000000D1
:103F000000000000000000000000000000000000B1
:103F10000000000063DC03BFDB7E25BF25D241BE6D
:103F2000F622B23F21C3D93A95023AC00000000000
:103F30000000000000000000000000000000000081
:103F40000000000000000000000000008DF1B43F00
:103F5000E0342E40577EBC3F11DB4F3F83BECD3E49
:103F60004B9C513E00000000EBF6353F91B0F0BE97
:103F70000000000000000000000000000000000041
:103F8000E0130240000000000000000000000000FC
:103F9000FFBDBC3E70A8833F000000000000000091
:103FA00000000000000000008772D3BF7C28E9BF3A
:103FB000A5221C3F44C542BFD4FCB5BF9F9B773FA1
:103FC0006770054000000000691F3E3E00000000D1
:103FD000F599E03F59BBF93F22892BBF3C2810409F
:103FE0005487A9BF0000000000000000000000008E
:103FF00000000000C5CB223F00000000C71D18BF15
:10400000000000001F7B3CC000000000000000001A
:1040100000000000ED3D1B3E00000000000000001D
:104020000000000000000000CCC10E3F00000000B6
:10403000000000000000000000000000131DA3BFEE
:10404000F316043FC1FC28BFDC6BF0BFA4EAF0BF4D
:10405000C34B50BF2278C83F000000007E068C3F53
:10406000FB985E3F9EA1CD3F00000000E3CF3CBD2A
:10407000B9D8C23E9FF6B3BF0000000000000000A8
:10408000C9D297BF00000000000000004306463E72
:104090000000000000000000D4FCB5BFB7BA9FBE0E
:1040A0000BC200C00000000000000000290F843F88
:1040B00089D37F4000000000000000008772D3BF5A
:1040C00027B9C1BC19302DBF00000000000000005E
:1040D00000000000000000000000000000000000E0
:1040E00000000000000000000000000000000000D0
:1040F0000000000000000000131DA3BFF316043FE2
:10410000C1FC28BFDC6BF0BFA4EAF0BFC34B50BFBB
:104110002278C83F000000009F69B03ECEDDF93E26
:104120009EA1CD3F00000000E3CF3CBDB9D8C23E08
:104130009FF6B3BF0000000000000000C9D297BF87
:1041400000000000000000009B2B513D000000001B
:1041500000000000D4FCB5BFB7BA9FBE0BC200C0C0
:104160000000000000000000C6AF203F8CBB0EC066
:104170000000000000000000E046194027B9C1BC63
:10418000645906BE000000000000000000000000AE
:10419000000000000000000000000000000000001F
:1041A000000000000000000000000000000000000F
:1041B000000000008DF1B43FCBE984C05672F53E9B
:1041C00000000000D7B8A43E1E59AA3F000000001E
:1041D000064A8DBFD3C457BE000000000000000097
:1041E0009E0E87BFD34A16406AFB4FBF00000000F7
:1041F00000000000000000004AAC5CBF4E5B93BFB3
:1042000000000000000000000000000000000000AE
:104210000000000000000000A9462BC000000000C4
:10422000BDA0A93FFECF4F3FE0342E40D9B402BF1E
:104230008F8982BF9473DC3F0000000019530FBFC9
:10424000F86398BE0000000001CEF03FD034CFBE2E
:104250000000000030248DBFCB16F7BE7683093FE7
:1042600049444BBF000000000000000000000000B7
:10427000000000000000000000000000000000003E
:10428000000000000000000000000000000000002E
:1042900000000000BBAAB83F65A29F3FA98A743EF8
:1042A00077D6C13F0000000000000000EF39073F53
:1042B000E92878BFF2CA8C3F00000000000000002F
:1042C00049219E3EF60F963E9A91013F788F0E3E11
:1042D00012CBFABE5BA089BF1FAA153F0DB46F4079
:1042E00000000000000000001D30A8BF000000001A
:1042F00000000000000000000000000000000000BE
:1043000000000000000000000000000000000000AD
:10431000000000000000000034524EC00000000009
:10432000BDA0A93FFECF4F3FCE5688BFB56F94C00A
:104330008F8982BFBBE7BD3F5AAD22BF000000009E
:104340008B5B74BF00000000DB28D5BE00000000BE
:10435000000000000000000000000000E0DD523F0F
:104360007A9B7EBF000000000000000000000000FB
:104370000000000000000000000000008772D3BFB2
:10438000F08CE23F1FB4DDBFCC3E783F279939BEA9
:1043900048E72DBFB2A3C23FECC69D3E000000001F
:1043A00000000000000000002A15823E000000000E
:1043B000875414C0560DC33F0000000000000000E9
:1043C0000000000000000000ED27A6BFF78B84BFAF
:1043D0001758EDBE2E8F423D0000000026671E3F9D
:1043E000000000005E14AF3F00000000000000006D
:1043F00000000000A028923F000000000000000024
:1044000000000000000000000000000000000000AC
:10441000131DA3BFA3ACC5BDA6994FBFDB3EB9BE5C
:10442000938BC6BFF4E3213FB935DA3FEB273B3F1F
:10443000DDB98C3EE01302405BA089BF00000000A4
:10444000068610404B5B09C0000000000000000021
:1044500000000000464EEDBF250C86BF00000000A6
:1044600000000000000000005B841B400000000012
:1044700000000000F1E4D7BEBA215E3F000000005A
:10448000000000000000000000000000000000002C
:104490000000000000000000000000003228693F1A
:1044A0002F1DBF3F000000000000000000000000C2
:1044B00000000000E59B8BBF4F3CAE3EBD6CC73F8C
:1044C000F6AC9DBFE2A29EBFB6EA1A400000000013
:1044D0001580F3BF1F7656BF0000000000000000EB
:1044E000A4EAF0BFF29D9CBE0000000000000000A6
:1044F0000000000000000000217F51BF6A109B3FB8
:10450000000000009040ED3E0000000000000000B0
:10451000D776803FA9E08DBE0000000000000000BB
:10452000000000000000000000000000000000008B
:10453000BBAAB83FB7A5FE3EA98A743E047E183FC9
:10454000BE2922C00000000000000000CAE27CBFBB
:1045500049444BBF0000000099AFCBBE0DA8FD3F02
:104560003587D73D32E684BFAE53F4BECC10BFBE14
:10457000A1DD12BF0000000000000000A8AF0BBFCB
:104580009A0B1DC02074083F00000000315BE5BF9E
:104590002982DD3F00000000000000000000000054
:1045A000000000000000000000000000000000000B
:1045B00000000000000000000000000000000000FB
:1045C00000000000000000000000000034524EC057
:1045D0000000000079269FBF000000009E4C17BF1E
:1045E000006CFE3E7BD1873F11B1783DF63BB43B7A
:1045F0000441D83F26710CBC000000000000000000
:104600001EE81DBF00000000839C35C0234C663FA0
:1046100000000000A21F0BBF00000000000000000F
:10462000000000000000000000000000000000008A
:1046300000000000000000009E0E87BFA7D029BF29
:10464000E7F9763F4B9C513E7C28E9BF95BC72BE92
:10465000F63BB43B000000004BFBBBBE000000007B
:1046600000000000F647313D224F7CBED2C90D400C
:1046700042CD1B3F00000000000000002698D23F02
:1046800000000000A87C583ECE5688BF0000000005
:1046900000000000000000000000000090ABA3BF7D
:1046A0006AFB4FBFAF7BEABF0000000000000000C4
:1046B00000000000000000000000000000000000FA
:1046C000000000000000000000000000C859D8BF32
:1046D000F08CE23F1FB4DDBFCC3E783F687A4C3FA0
:1046E00048E72DBFB2A3C23FECC69D3E00000000CC
:1046F00000000000000000002A15823E00000000BB
:10470000875414C0560DC33F000000000000000095
:10471000000000000000000090ABA3BF225A13BFAE
:104720006AFB4FBF26504EBF000000006C05943F4F
:104730006EDA07BF2D81FABD000000000000000006
:10474000000000002258B5BD00000000000000007D
:104750000000000000000000000000000000000059
:104760000000000000000000131DA3BFF316043F6B
:10477000C1FC28BFDC6BF0BFA4EAF0BF7123943DFD
:104780002278C83F0000000085727B3F52CCD13EAA
:104790009EA1CD3F0000000000000000B9D8C23E3D
:1047A0009FF6B3BF00000000000000003CD66FBFC2
:1047B0004EF2F13E000000004306463E8684A7BF4D
:1047C000B7BA9FBEA958A23C00000000000000003C
:1047D000000000000000000000000000C381F8BDE0
:1047E0000000000000000000E046194039A671BF3B
:1047F00019302DBF00000000000000000000000084
:1048000000000000000000000000000000000000A8
:10481000000000000000000000000000BBAAB83F3C
:10482000872657BF95BC72BE53D3F03DC58422C0C6
:1048300000000000930A103F5ECCBEBDB49083BE62
:10484000AE6A04BEBA6177400000000000000000BC
:104850003D3A9EBF00000000000000000000000084
:10486000DA3CDCBDA5221C3F16BBFABE00000000EE
:104870000000000000000000000000000000000038
:104880000000000000000000D10ECB3E08E699BFFA
:104890000000000000000000000000000000000018
:1048A000131DA3BFA3ACC5BDA6994FBFDB3EB9BEC8
:1048B000938BC6BFF4E3213FC1E22F40AAE30CBFB4
:1048C000DDB98C3E000000005BA089BF0000000045
:1048D000B226CF3FFE77A43F00000000000000009A
:1048E00000000000464EEDBF250C86BF0000000012
:1048F00016BBFABE00000000000000000A7B81BE6B
:1049000000000000000000000000000000000000A7
:10491000000000000000000000000000A521413F51
:10492000C2A16F3F00000000000000000000000076
:1049300000000000B405723E065D10404BDBD6BFA0
:10494000E16E30C08088CFBFE74B243F2F1DBF3FB3
:104950000000000093C8D3BE0000000060C596BEF2
:104960000000000000000000804480BF508450BF61
:104970000000000000000000000000000000000037
:104980005E02E0BFA5044ABF00000000B5164AC0A1
:104990000000000008380CBFE95A69BFDEF9D73FB4
:1049A000498A8A3F0000000000000000000000006B
:1049B00000000000000000000000000000000000F7
:1049C0000000000000000000A9462BC0000000000D
:1049D00079269FBF000000009E4C17BF006CFE3E72
:1049E000BD6CC73F11B1783DF63BB43B7BD1873FEF
:1049F0000000000000000000000000004E5B93BFBC
:104A00000000000032E684BF722919BD00000000DA
:104A10000000000000000000000000000000000096
:104A200000000000BBAAB83F888BA03FA98A743E53
:104A3000F7B011BE677005400000000000000000E4
:104A40008322B63E4CD7493DFB1C1D3FCCD853BEFC
:104A50001D30A8BF00000000E5E38B3DA535D4BDA7
:104A60005A87263F00000000000000000000000000
:104A700000000000000000006B9BA6BE00000000CC
:104A800095037FBD00000000871757BF000000009E
:104A90000000000000000000000000000000000016
:104AA0000000000000000000C859D8BF7C28E9BF02
:104AB000FEDF2A407E0A29C0D4FCB5BF88E9D73F73
:104AC000FA7A04BF000000000000000000000000AF
:104AD0000715DB3FAF7BEABF0000000000000000CD
:104AE000000000000000000000000000C4E781BFDB
:104AF000580ED8BD319313BF100CBA3F71D62E3F5C
:104B0000D550BABE00000000000000000000000008
:104B10000000000000000000000000000000000095
:104B2000000000001F63CEBF321DD8BE177D56BFE8
:104B3000000000000000000083B9C5BEB79AFB3F2B
:104B400000000000C8C78ABFB71BF4BF0000000008
:104B500000000000000000009F9B773FF2F510BFAF
:104B60000000000000000000923A5DBF5B198CBCA1
:104B70000000000000000000000000000000000035
:104B8000C859D8BF7C28E9BFFEDF2A407E0A29C069
:104B900049E8123F88E9D73FA4C1C13E00000000A8
:104BA000000000000000000000000000AF7BEABF32
:104BB000000000000000000000000000C4E781BF0A
:104BC000F08B813F218375BE100CBA3F2923B8BFFB
:104BD000AC025C3F0000000000000000000000008C
:104BE00000000000000000000000000000000000C5
:104BF00000000000131DA3BFA3ACC5BDC1FC28BFAE
:104C0000DB3EB9BE938BC6BF7123943D2278C83F6B
:104C10003D9CC83E21DBEABE000000005BA089BFCE
:104C20000000000000000000B9D8C23ED4E803C074
:104C3000000000000000000000000000632E9EBE87
:104C40000000000016BBFABE4EA332BFB7BA9FBE2B
:104C5000000000008469C0BF0000000000000000E8
:104C60000000000000000000000000000000000044
:104C700039A671BF79072A3E00000000000000003D
:104C80000000000000000000000000000000000024
:104C9000A9462BC00000000079269FBF000000003D
:104CA000545B09BFC6D7093F27E55DBE11B1783D0A
:104CB000F63BB43B0441D83FCA4C173E000000000D
:104CC000000000004E5B93BF000000006C7FB2BF8D
:104CD000D926B03EA46286BFAE31AEBF0000000050
:104CE00000000000000000000000000000000000C4
:104CF00000000000000000000000000000000000B4
:104D000000000000590FDD3FFB1C1D3FD0DF80BFBE
:104D10004F85074026710CBC00000000AF7BEABF46
:104D2000D6F5763FEC88313F000000005910ACBF4B
:104D30000000000000000000234C663FD33EAB3E65
:104D40008145EEBF00000000000000000A75CC3F66
:104D5000BE03E5BFB358E9BE00000000000000003C
:104D60000000000000000000000000000000000043
:104D70000000000000000000000000000000000033
:104D80008DF1B43F7F53B5BEF7FF61BE9C0630BEC8
:104D90006443BABE0000000000000000E2D8513EAB
:104DA00079A207BED7E42CBE475407400D4C4CBC3B
:104DB000A87BD7BF00000000BE50243F00000000C9
:104DC000D2903C3E132D404088DEF53F00000000AD
:104DD0000000000000000000000000009D884ABDA7
:104DE000000000000000000000000000131DA3BF31
:104DF00000000000000000000000000000000000B3
:104E00000000000000000000000000001F63CEBF93
:104E100000000000177D56BF83B9C5BEA3ACC5BD59
:104E20000000000000000000131DA3BF7B55313DB2
:104E300072DA29BF85EC43BC00000000CCD252BF1F
:104E40000000000049E8123F0000000000000000E0
:104E5000938BC6BFFE13B6BF000000000000000029
:104E60000000000000000000000000000000000042
:104E7000C7826240F9C8D2BF00000000E65947BFB0
:104E8000131DA3BF000000000C04923E712269BFF5
:104E9000F4E3213F000000000000000000000000DB
:104EA000C71A413CBA215E3FA6994FBF2C9F693F6C
:104EB000A7FFF23F6A51183F000000000000000009
:104EC000E8E789BE000000000000000000000000CC
:104ED00000000000000000000000000000000000D2
:104EE00000000000B405723E5B841B4004B797BF0E
:104EF000E16E30C07F53B5BEFBDB46C09DC3D2BD63
:104F00000000000041E9813F0000000000000000B7
:104F100000000000E0C00C3F91F72EBFB465A9BEB1
:104F200012CBFABE00000000713B6FBE92F9013E49
:104F300000000000E76F163F0000000000000000C6
:104F400000000000000000002328A0BE0BB61D3F9B
:104F50006EBC013F000000000000000000000000E7
:104F60000000000000000000000000000000000041
:104F70000000000000000000A9462BC00000000057
:104F8000CCD293BF9A00B03F5B1563C00000000015
:104F9000000000000000000004B797BF2D12C2BF40
:104FA000F9169B3C00000000567041BF0F251A3FC8
:104FB000E2D8513E000000000000000000000000A8
:104FC000000000000000000000000000E661F34067
:104FD000A46286BF00000000E5349BBE0D78013E50
:104FE000E9CA8C3E97724E3F77A9CEBFF9169B3C1B
:104FF0000000000000000000872657BF00000000EE
:1050000000000000B362093F000000000000000043
:10501000000000002728D73E1EE81DBF5DE6163FB2
:105020000000000000000000000000000000000080
:105030000000000000000000B405723E065D104054
:10504000C6ACAF3DD6F87D3FEE24C9BFA4EAF0BFA1
:10505000619A46C027B9C1BC0000000000000000F2
:1050600000000000724B44BE7E462EC000000000CF
:10507000B236873F00000000000000000000000082
:1050800000000000427CF9BD61861A3FFB985E3F3C
:105090000000000000000000000000000AAB97BF05
:1050A000000000009A50A4BA0000000000000000B8
:1050B000000000000000000000000000A9462BC016
:1050C0000000000079269FBF00000000E7F9763F4E
:1050D0001F170C406E02473DED3D1B3EF8A433C048
:1050E000F6710B3F000000009CF4D8BE0286EC3E37
:1050F00000000000DCB906BF000000000000000056
:10510000000000000000000000000000000000009F
:105110000000000000000000E0342E402F21C83FB6
:105120001D30A8BFE887E2BFB510F7BC0000000043
:1051300000000000CE221D40F45C2E400000000064
:1051400000000000F08318BF7D23CCBE1BF8493F50
:10515000AAE210BF0D28A03F26083BBE00000000B9
:1051600000000000314D26BFA2A2423F0000000017
:10517000CCC00CBE000000000000000000000000D9
:10518000000000000000000000000000000000001F
:10519000000000000000000000000000E661F34095
:1051A000A46286BF0000000038700440DEF05A4060
:1051B00075806BBF00000000D54F66BE39A671BF79
:1051C000000000000CCD103F4AA053BF8083103F69
:1051D0000000000000000000F61D16BF96A389BD68
:1051E00000000000DBC43BBFAA1F103F9085903F2A
:1051F00000000000000000000000000000000000AF
:10520000000000000000000000000000000000009E
:105210000000000000000000C3CF673F387004406A
:10522000580ED8BDE0C00C3F000000000D9769BDCE
:105230007E462EC0383617C052764D3F0000000023
:105240007B4452BF00000000F2791DBF54A747BF46
:10525000AFB82C3F0000000000000000000000007C
:10526000000000000000000000000000000000003E
:105270000000000089443F3FE59B8BBF0000000019
:105280000000000000000000000000002982DD3F57
:10529000510B393FC71D18BF693D5EBF9473DC3F9A
:1052A000A37243BFC313B83FE4EAC23EC6ACAF3DEE
:1052B0000C2E1FBF00000000000000004DFDDABFF3
:1052C00000000000000000008A9FFDBD00000000FB
:1052D00099AFCBBE2E8F423D0000000000000000C1
:1052E00000000000000000000000000000000000BE
:1052F000E854B2BE282BF6BE0000000085D23D3F28
:10530000000000000000000000000000000000009D
:105310000000000000000000BBAAB83F888BA03F3F
:10532000A98A743E693D5EBF6770054000000000B9
:1053300000000000E5E38B3DF7B011BE8741D73E8A
:1053400000000000248D89BF000000008322B63ECB
:1053500025A94ABC55132ABE5102543E0000000044
:1053600000000000000000000000000023689DBE57
:10537000C6D7093F00000000000000000000000048
:10538000000000000000000000000000000000001D
:10539000000000008772D3BF7C28E9BF0BA1213F2A
:1053A0001F97B6BD4CAA71BF9F9B773F25F80D4054
:1053B000000000000000000000000000F59340BF66
:1053C00059BBF93F22892BBF6770054000000000E0
:1053D0000000000000000000FFC0D43F00000000FB
:1053E00000000000000000001CB413C0000000001A
:1053F000EC88313F0000000000000000CCC10E3FEF
:10540000000000000000000000000000000000009C
:1054100098C01EC000000000E661F340C2FB143FCC
:1054200000000000557A21BF112198BFE52A03C072
:10543000B989F6BF67B730BFE99D29C000000000F9
:10544000000000004CBF46BD1D6086BE000000008D
:105450000000000000000000CD3F8A3E0000000078
:10546000000000000000000000000000000000003C
:10547000000000008DF1B43FE0342E40F7FF61BE24
:1054800011DB4F3F83BECD3E000000000000000056
:10549000B6EA1A4091B0F0BE000000000000000023
:1054A000590FDD3F00000000000000000000000078
:1054B000A579A1BEE74B243F0000000000000000DA
:1054C0000000000000000000BBAAB83FB56F94C008
:1054D000A98A743E2C9F693FF7DC95BF000000004D
:1054E00000000000000000000000000025D241BEC6
:1054F000F7B011BE6B9BA6BE000000005132074002
:105500005BA089BF0000000000000000065D1040A5
:1055100014942C40B31737C04CD7493D000000000D
:10552000000000000000000000000000000000007B
:10553000000000000000000000000000C859D8BFB3
:10554000F08CE23F0BA1213FED3D1B3EB5BAA7BD5C
:105550009F9B773F25F80D400000000000000000F1
:105560000000000000000000590FDD3F6CE871BF33
:105570006770054000000000E5E38B3D000000007F
:1055800000000000000000001CB413C00000000078
:10559000A963DA3E0000000000000000CCC10E3F0D
:1055A00000000000000000000000000000000000FB
:1055B000E661F340A46286BF00000000E5349BBEB4
:1055C000AE0A87BEE9CA8C3E97724E3F2982DD3F04
:1055D000F4AEF4BF0000000000000000B9454BBF6E
:1055E000000000000D8116BFEAB4E43E2982DD3FD1
:1055F000ABA8EBBE000000000000000000000000AF
:105600004AE5D93E00000000000000000000000054
:1056100000000000086E4ABF12880340000000002E
:10562000000000000000000000000000000000007A
:10563000000000001F63CEBF000000000F1685BFF2
:105640000000000079269FBF000000006EDA07BF4F
:1056500064E2B6BF382ADABFFDC98CBFC4E781BF98
:10566000748CF73FABE83D3F0000000000000000F5
:10567000000000000000000000000000000000002A
:1056800000000000000000008772D3BF7C28E9BF43
:105690006EDA07BFA90C22C04CAA71BFF0C722BFA7
:1056A000375DE8BF000000000000000000000000BF
:1056B000861D26BF0000000072C4FCBEF48DA8BF8A
:1056C000DE88843E000000000000000000000000B2
:1056D00000000000000000000000000023689DBEE4
:1056E00097C4DCBF000000009EA1CD3FF63836BE57
:1056F000D764F7BE000000000000000000000000BA
:1057000000000000000000000000000098C01EC063
:1057100000000000B405723E0B0F993F1580F3BFE7
:105720006977B9BF69A994BF8283844004B797BFE2
:1057300000000000B9D8C23E0000000000000000D8
:1057400052B2213F00000000A12DA73FCDF7CF3F6F
:105750000000000000000000000000000000000049
:10576000125401BFE2812A3D000000009C7B243ED0
:105770000000000000000000000000000000000029
:1057800000000000000000002982DD3F9474413FCA
:10579000C71D18BF57F1203F798B0F406770054038
:1057A000063C913FBE03E5BFD65394BF0C2E1FBFEE
:1057B000000000008145EEBF000000000000000076
:1057C00000000000000000000B8D853FD23EEFBEC0
:1057D000D21C273C00000000000000000000000078
:1057E00000000000F08B813FD65F03BF0000000087
:1057F00000000000000000000000000000000000A9
:10580000000000000000000000000000131DA3BF06
:10581000F316043FC1FC28BF7038B4BEA4EAF0BF41
:105820007123943D2278C83F000000000000000072
:10583000FB985E3FEB982E40000000000000000047
:10584000B9D8C23E9FF6B3BF6FFB35BF0000000062
:1058500000000000000000006CC46A3FB7BA9FBEA1
:1058600085EC43BC000000000000000000000000C8
:105870000000000000000000000000000000000028
:105880000000000000000000C3CF673F38700440F4
:105890006EBC013FE0C00C3F0000000011FFCDBB1B
:1058A0001794FDBE383617C0000000002CDE27BF5D
:1058B00000000000000000000000000000000000E8
:1058C000AFB82C3F000000000000000089443F3FBB
:1058D000E59B8BBF000000000000000000000000FE
:1058E00000000000BBAAB83FF7DC95BFA98A743E50
:1058F0005FC910BFF7B011BE00000000000000003B
:1059000000000000645906BE67CB09409D7DDEBEE5
:105910000000000000000000513207409B68CDBF2E
:10592000827C5ABFF654BF3EBFE919401AB59D3F6D
:105930000000000000000000000000000000000067
:10594000006CFE3E000000000000000000000000AF
:105950000000000000000000000000000000000047
:10596000E0342E402F21C83F1D30A8BFAF7BEABFD7
:105970006CE871BF000000000000000059153EC037
:10598000F45C2E4000000000000000000000000059
:10599000D10C13401BF8493F322AD0BDBA5F13C067
:1059A00000000000D7BC6EBFA2A2423F0000000072
:1059B00000000000000000000000000000000000E7
:1059C0000000000000000000000000008772D3BF4C
:1059D0007C28E9BFFEDF2A401F97B6BDAD2034BF4B
:1059E00088E9D73F00000000000000000000000030
:1059F0000000000000000000F82FC7BF00000000FA
:105A0000C4E781BFBB2F1B3F00000000C50702C0D9
:105A10009E0E87BFA1B3293F0000000000000000D8
:105A20000000000000000000000000000000000076
:105A3000B2A3C23F3ED0F4BFD4FCB5BF000000000B
:105A4000CA4688BF00000000560DC33F000000009A
:105A50006B462E3F00000000FA30003F1852AF3F67
:105A60000000000000000000000000003AD7DABD8E
:105A7000000000000000000000000000D10C1340F6
:105A8000065D104095BC72BEAB6EAD3F399A41BF0A
:105A900000000000C989BCBFA10412BFD0C4ECBF84
:105AA000000000005910ACBF000000000000000022
:105AB00098BF2F3F2AAB25C0000000003A8ADFBE06
:105AC00000000000000000000000000000000000D6
:105AD00000000000353347BF000000000000000058
:105AE0000000000000000000C3CF673F888BA03F8C
:105AF000580ED8BD0C876E3FE854B2BEF27E713DA1
:105B00007E462EC0C6D7093F0000000000000000FE
:105B10009CF4D8BE0000000077A199BE00000000F0
:105B2000000000008987093F97B6C3BF278462BE83
:105B30000000000000000000000000005370883CDE
:105B40000000000018630B3F000000000000000090
:105B50000000000000000000000000000000000045
:105B60000000000088EF1C40B2A3C23F60F425BCD7
:105B70003ED0F4BFD4FCB5BF6EBC013F00000000B6
:105B800000000000C64F84BF000000003587D73DED
:105B90000000000000000000000000005B841B40CB
:105BA0002F1DBF3F0000000092570BC000000000F7
:105BB00000000000000000000000000000000000E5
:105BC000E59B8BBF555CF0BF689241BE4B8DC2BE5A
:105BD0004C2A3BBF67CB094056DB703F00000000FA
:105BE0000000000000000000000000005E925ABFAC
:105BF0000000000025D3BC3D0000000000000000B4
:105C0000B0923B3D9D8BF9BE26671E3F0000000011
:105C1000D047E33E000000006E8307BF0000000095
:105C20000000000000000000000000000000000074
:105C300000000000E0342E402F21C83F1D30A8BFD7
:105C4000AF7BEABF00000000000000000000000081
:105C5000CE221D40F45C2E40C313B83F000000006C
:105C6000FADC5F3F322AD0BDF8081FBF00000000F9
:105C700063F218BFAB0B04BF00000000000000007F
:105C80000000000000000000000000000000000014
:105C90000000000000000000D10C1340065D104021
:105CA00095BC72BEFB39663EE27833BF000000004F
:105CB00034E6E03FFB3F18C0A028923F0000000000
:105CC000ACCCA9BF000000000000000000000000F4
:105CD0009680023F00000000C9A31F3F00000000A3
:105CE0000000000000000000000000003BDCAFBF2F
:105CF000849970BE00000000000000000000000059
:105D0000000000002982DD3F9C9D103FD4470FBF5B
:105D1000F7DC95BF9473DC3F2FB71EBE0000000078
:105D200027B9C1BCC6ACAF3D0C2E1FBF00000000A0
:105D30000000000000000000000000000000000063
:105D4000F6940CBE2E8F423D0000000000000000C3
:105D5000E81EEABE282BF6BE000000004A2D75BFE3
:105D60000000000000000000000000000000000033
:105D70000000000000000000E59B8BBF555CF0BFF9
:105D8000E7F9763F4B8DC2BE4C2A3BBF95BC72BE35
:105D9000F63BB43B000000000000000000000000E3
:105DA0000000000027B9C1BCA8D09EBE00000000C2
:105DB00000000000FFC0D43F00000000E0DD523FC3
:105DC000CE5688BFF74537BE000000000000000037
:105DD000CDBE5340000000000000000000000000A5
:105DE000000000000000000000000000E0342E4031
:105DF0002F21C83F68CCEBBEAF7BEABF000000009C
:105E0000000000000000000088633AC0F45C2E40EF
:105E100000000000664317401BF8493F6D389CBDE9
:105E2000BD31FDBF00000000D7BC6EBFA2A2423F43
:105E30000000000000000000000000000000000062
:105E40000000000000000000000000000000000052
:105E50008772D3BF7C28E9BFA5221C3F329E1FC09A
:105E6000B2955F409F9B773F677005400000000040
:105E7000000000000000000000000000F8081FBF44
:105E800022892BBF808BE9BF0000000000000000CA
:105E900018CE0840000000000000000000000000D4
:105EA000BBE7BD3F645906BE0A7B81BE000000000F
:105EB00000000000000000000000000000000000E2
:105EC000000000001F63CEBF000000000F1685BF5A
:105ED00000000000B71BF4BF9F9B773F98BF2F3F88
:105EE000000000000000000070A8833FACCCCF3D54
:105EF000A692523E033FC2BF3B9A3F4000000000C3
:105F00000000000000000000000000000000000091
:105F100000000000000000008772D3BFF08CE23F59
:105F20006EDA07BFED3D1B3E00000000F0C722BF48
:105F3000375DE8BF00000000000000000000000026
:105F40003DB7EABE000000003624C03F000000005C
:105F500000000000892A1D3D033FC2BF5A79EFBFF0
:105F6000CBADAD3F00000000D955843E00000000DD
:105F70000000000000000000000000000000000021
:105F800000000000E661F340A46286BF000000004C
:105F900038700440DEF05A4075806BBF000000008E
:105FA000D54F66BE0000000000000000872657BFE6
:105FB0004AA053BF8083103F000000000CCD103F6B
:105FC00000000000AF79823FE1FCC53EF20F933F35
:105FD00000000000000000000000000000000000C1
:105FE00000000000000000000000000000000000B1
:105FF0008772D3BF7C28E9BF6EDA07BF3C107FBE33
:10600000B2955F40C4E781BF6C18053F00000000F7
:106010000000000000000000000000000000000080
:1060200064E2B6BFE179ECBBE7F9763F000000001F
:1060300000000000D47E22400000000000000000AC
:106040002F1DBF3F0D3F01C00000000000000000F9
:10605000000000000000000000000000E0342E40BE
:10606000D6F5763F26247A3EF2CCC4BFA4FFA0BE6C
:106070000000000000000000000000006F0A1FC0C8
:106080000000000090B94BBF195CB53E49444BBFBE
:106090000000000000000000000000000000000000
:1060A000A1346DBD7BD1873F0000000000000000DF
:1060B0000000000000000000E59B8BBFBF74A1BF83
:1060C0000366EF3F94439BBEF59340BF689241BE89
:1060D00002CFE2BF0000000000000000000000004E
:1060E00000000000498D3FBF3624C03F0000000083
:1060F0008CE0683E0000000039A671BF6A226CBFC8
:10610000000000000000000000000000000000008F
:106110000000000000000000ECEBEA3F000000007F
:1061200000000000090011000900FFFF110002003B
:1061300002000F00FFFF0800010000000400FFFF45
:106140000E000500FFFF0A0003000A001000000017
:10615000FFFFFFFF0F000A000800FFFFFFFFFFFF28
:10616000FFFFFFFF010000000A00FFFFFFFFFFFF2E
:10617000FFFFFFFFFFFFFFFFFFFFFFFFFFFFFFFF2F
:10618000FFFFFFFFFFFF09000500020009000800F4
:10619000090004000F000200FFFF0A0008000000D1
:1061A00007000100FFFFFFFF00000100FFFFFFFFEE
:1061B000130003000A000500FFFFFFFFFFFFFFFFC2
:1061C0000700FFFF1100FFFF05000500FFFFFFFFB5
:1061D0001100010003000E00FFFFFFFFFFFFFFFFA4
:1061E000FFFFFFFFFFFFFFFFFFFFFFFFFFFFFFFFBF
:1061F000FFFFFFFFFFFFFFFF09000500020009008E
:10620000080009000400FFFF020006000A00080061
:1062100005000100010007000A00FFFFFFFF10005A
:10622000FFFF0200FFFFFFFF0000FFFFFFFFFFFF78
:10623000FFFFFFFF1400040011000200FFFF040035
:10624000030011000D00FFFFFFFFFFFFFFFFFFFF37
:10625000FFFFFFFFFFFFFFFFFFFFFFFFFFFFFFFF4E
:10626000FFFFFFFFFFFF0900110000001000090001
:106270000A001000000000001100000004000E00E1
:106280000E0002000500FFFF03000200FFFFFFFFFA
:1062900008000A00FFFF100001001400FFFF0000CB
:1062A0000A00FFFFFFFFFFFF1300FFFFFFFFFFFFDD
:1062B000FFFF1000FFFF0600FFFFFFFFFFFFFFFFD4
:1062C0001400FFFF01000300FFFF0900FFFFFFFFB5
:1062D000FFFFFFFFFFFFFFFFFFFFFFFFFFFFFFFFCE
:1062E000FFFFFFFFFFFFFFFF09001100000010008C
:1062F00002000A000A000400060009000300110061
:106300000E000200FFFFFFFFFFFFFFFFFFFFFFFF89
:10631000080004000800FFFFFFFFFFFF150010004A
:10632000FFFF1000FFFF100000001000FFFF14002F
:10633000FFFF00000A00FFFFFFFFFFFFFFFFFFFF5F
:10634000FFFFFFFFFFFFFFFFFFFFFFFFFFFFFFFF5D
:10635000FFFF0900090000001100110011001000EA
:106360000800FFFF100007000200030000000A0001
:10637000FFFF0F00000002000F000C000A000100E8
:10638000FFFF06000B000200FFFF0600FFFFFFFFFC
:10639000FFFF030009000F000E000E0017000700AA
:1063A000FFFF1400FFFFFFFFFFFFFFFF0C00FFFFD9
:1063B000FFFFFFFF07000F00FFFFFFFFFFFFFFFFD3
:1063C000FFFFFFFFFFFFFFFFFFFFFFFFFFFFFFFFDD
:1063D000FFFFFFFFFFFFFFFFFFFFFFFFFFFFFFFFCD
:1063E000FFFFFFFF090009000000110011000A0073
:1063F00010000800FFFF01000500FFFF0E0009006C
:106400000200FFFF0F0003000A000700FFFF030068
:106410000A0011000A001700FFFF0400FFFF100030
:106420000B00050008000F00070010000F00160009
:106430000D00080015000700FFFF15001100FFFF09
:10644000FFFFFFFFFFFFFFFFFFFFFFFFFFFFFFFF5C
:10645000FFFFFFFFFFFFFFFFFFFFFFFFFFFFFFFF4C
:10646000FFFFFFFFFFFFFFFFFFFFFFFFFFFFFFFF3C
:10647000FFFFFFFFFFFFFFFFFFFFFFFFFFFF090021
:106480000900000011001100110010000800FFFFBA
:10649000010000000200030000001700FFFF0F00D2
:1064A0000300050010000C000A000300FFFF0F00AE
:1064B00004000A0008000E000400FFFF10000F0097
:1064C00007000A00FFFF030014001100FFFF130084
:1064D000FFFFFFFFFFFF0600FFFF0E000900FFFFA9
:1064E00000001500FFFFFFFFFFFFFFFFFFFFFFFFA3
:1064F000FFFFFFFFFFFFFFFFFFFFFFFFFFFFFFFFAC
:10650000FFFFFFFFFFFFFFFFFFFFFFFFFFFFFFFF9B
:10651000FFFFFFFFFFFFFFFFFFFFFFFFFFFFFFFF8B
:10652000090009000E00110005000F0015001600FB
:10653000FFFF0A000800FFFF080000001000FFFF37
:1065400013000400010002000400FFFFFFFF0A0027
:106550000A001200FFFFFFFFFFFF0D000900FFFF11
:106560000800FFFF01000B00010004001400FFFF02
:106570001000FFFFFFFFFFFFFFFFFFFFFFFFFFFF19
:10658000FFFFFFFFFFFFFFFFFFFFFFFFFFFFFFFF1B
:10659000FFFFFFFFFFFFFFFFFFFF090009000000F3
:1065A0000800050003001000FFFF11000A000E00A4
:1065B00008001100090017001600FFFF0400010089
:1065C0000A000800FFFF14001300020011000A0077
:1065D00008000600FFFFFFFF0D000900050008008E
:1065E00011001200FFFF03001500FFFFFFFF020074
:1065F00004000100130015000700FFFFFFFF150056
:10660000FFFFFFFFFFFFFFFFFFFFFFFFFFFFFFFF9A
:10661000FFFFFFFFFFFFFFFFFFFFFFFFFFFFFFFF8A
:10662000FFFFFFFFFFFFFFFFFFFFFFFFFFFFFFFF7A
:10663000FFFFFFFFFFFFFFFFFFFFFFFFFFFFFFFF6A
:10664000090009000E00080008000F001500FFFFF8
:10665000110003000400FFFF0800160010001600E0
:10666000FFFF0200FFFF17000200FFFFFFFF170000
:106670000A00FFFF02000A00110016000400FFFFDD
:10668000FFFF1400FFFF15000000FFFF0300FFFFE6
:10669000FFFFFFFFFFFFFFFFFFFFFFFFFFFFFFFF0A
:1066A000FFFFFFFFFFFFFFFFFFFFFFFFFFFFFFFFFA
:1066B000FFFF090009000000080008000A001000A0
:1066C000FFFF11000200FFFF11000E000000170085
:1066D0000600FFFF120003000C000400030014007A
:1066E0000400030002000600FFFFFFFF1100FFFF90
:1066F00012001200FFFFFFFF1500FFFFFFFF110058
:1067000014001300FFFF0600010002001500FFFF48
:10671000FFFFFFFFFFFFFFFFFFFFFFFFFFFFFFFF89
:10672000FFFFFFFFFFFFFFFFFFFFFFFFFFFFFFFF79
:10673000FFFFFFFFFFFFFFFFFFFFFFFFFFFFFFFF69
:1067400009000800000009000A000300100007000B
:106750000200130001001000110003000600FFFFFB
:10676000FFFF16000300FFFF0100FFFF11001400F0
:10677000020013000D0000000F0007000F00FFFFD4
:10678000FFFF0E000200FFFFFFFFFFFFFFFFFFFF05
:10679000FFFFFFFFFFFFFFFF150008000F00FFFFD7
:1067A0000800FFFFFFFF1700FFFF08001000FFFFBA
:1067B000FFFFFFFFFFFFFFFFFFFFFFFFFFFFFFFFE9
:1067C000FFFFFFFFFFFFFFFFFFFFFFFFFFFFFFFFD9
:1067D000FFFF090008000000020004000A000A0090
:1067E00004000100FFFFFFFF0B000E000D00FFFF84
:1067F0000A00120000000A001300FFFF030014004B
:10680000FFFF1600150000001000FFFF0800100039
:1068100008000200FFFFFFFFFFFFFFFFFFFF0C006C
:1068200002000C00FFFFFFFFFFFFFFFFFFFFFFFF66
:10683000FFFFFFFFFFFFFFFFFFFFFFFFFFFFFFFF68
:10684000FFFFFFFFFFFFFFFFFFFFFFFF0900080043
:10685000000002000A0003000A0004000100FFFF1C
:10686000FFFF130011000D00FFFF0A0012000000DF
:106870000A00FFFF070011000100FFFF0D001500D7
:1068800000001600FFFF08000A0008000800FFFFD4
:10689000FFFFFFFFFFFFFFFFFFFF07000900FFFFF4
:1068A000FFFFFFFFFFFFFFFFFFFFFFFFFFFFFFFFF8
:1068B000FFFFFFFFFFFFFFFFFFFFFFFFFFFFFFFFE8
:1068C000FFFF090013000200110001001000080082
:1068D0000F000000FFFFFFFF000013000100040095
:1068E00006000100FFFFFFFF0A00030001000E0089
:1068F000000007000D00160016000100050016003C
:106900000500140009000100080017001600FFFF31
:10691000FFFFFFFFFFFFFFFF1000FFFFFFFFFFFF75
:10692000FFFFFFFFFFFFFFFFFFFFFFFFFFFFFFFF77
:10693000FFFFFFFFFFFFFFFFFFFFFFFFFFFFFFFF67
:10694000FFFFFFFFFFFFFFFFFFFFFFFFFFFFFFFF57
:10695000090009000000110008000A000A000200F6
:10696000FFFF020003000B000E000C00FFFFFFFF03
:1069700003000F000100010005001700FFFF0300E6
:10698000140010001700FFFF0F00060006000000B3
:106990000200FFFFFFFF0A000A00FFFFFFFFFFFFEB
:1069A000FFFFFFFF0C0016000D001000FFFFFFFFB0
:1069B000FFFFFFFFFFFFFFFFFFFFFFFFFFFFFFFFE7
:1069C000FFFFFFFFFFFFFFFFFFFFFFFFFFFFFFFFD7
:1069D000FFFFFFFFFFFFFFFFFFFF090008000E00A2
:1069E00009000A000F0017000B0002000900010057
:1069F0000000060002000600FFFFFFFF0F0001007D
:106A0000FFFFFFFFFFFF09000A0015000700FFFF5F
:106A100000001200FFFF06000600FFFF00000A0052
:106A2000FFFFFFFF1300FFFFFFFF0E00FFFFFFFF51
:106A3000FFFFFFFFFFFFFFFFFFFFFFFFFFFFFFFF66
:106A4000FFFFFFFFFFFFFFFFFFFFFFFFFFFFFFFF56
:106A500009001300090003000100080005001100EF
:106A60000F00FFFFFFFF02001100FFFF14001000E6
:106A70000400FFFFFFFF13000800060009001700D5
:106A800000001700FFFF08000E00060004000900C8
:106A900003000A0017000C000E001000FFFFFFFFAC
:106AA000FFFFFFFFFFFFFFFFFFFFFFFFFFFFFFFFF6
:106AB000FFFFFFFFFFFFFFFFFFFFFFFFFFFFFFFFE6
:106AC000FFFFFFFFFFFFFFFFFFFFFFFFFFFFFFFFD6
:106AD000FFFF090008000E0009000A000F00170060
:106AE0000B000F001600010000000200020006006B
:106AF000FFFFFFFF02001100FFFF0900FFFF090079
:106B00000A001500FFFF110017001300FFFF070028
:106B100006000100FFFFFFFFFFFFFFFFFFFFFFFF7A
:106B20001300FFFFFFFF1500FFFFFFFFFFFFFFFF49
:106B3000FFFF0600FFFFFFFFFFFFFFFFFFFFFFFF5D
:106B4000FFFFFFFFFFFFFFFFFFFFFFFF0900100038
:106B50000E00000000000F001600070011000F00DB
:106B60000900FFFF080002000300FFFFFFFF0F0006
:106B700012001600060010001600FFFFFFFF0600BF
:106B80000C00010001001700FFFFFFFFFFFF1700CF
:106B90000000140011001000FFFF0F001000FFFFA5
:106BA000FFFF0C0009000C00140014000400FFFF9C
:106BB000FFFFFFFFFFFFFFFFFFFFFFFFFFFFFFFFE5
:106BC000FFFFFFFFFFFFFFFFFFFFFFFFFFFFFFFFD5
:106BD000FFFFFFFFFFFFFFFFFFFFFFFFFFFFFFFFC5
:106BE000FFFFFFFFFFFF09000E000F000E000F0068
:106BF0000C00FFFF0F000800020011000F0017003B
:106C00001000010009000A00FFFF0000FFFF0F0055
:106C1000FFFF0E001100FFFFFFFFFFFFFFFFFFFF61
:106C20000F001500050001000A00FFFFFFFFFFFF36
:106C30000C00FFFF07000400FFFFFFFFFFFFFFFF47
:106C4000FFFFFFFFFFFFFFFFFFFFFFFFFFFFFFFF54
:106C5000FFFFFFFFFFFFFFFF090008000E000F000E
:106C60000E000400040009000600FFFF0F000F00E3
:106C70000500030011000B000200FFFFFFFF1700DB
:106C8000FFFFFFFFFFFF10001700FFFFFFFF1600D1
:106C9000FFFFFFFFFFFF06000100FFFFFFFFFFFFF9
:106CA000FFFF0A00FFFFFFFFFFFFFFFFFFFFFFFFE8
:106CB000FFFFFFFFFFFF09000300000011000F00AE
:106CC0001300060001000A00FFFFFFFF1100100083
:106CD0000E000F001000160001001200100001004D
:106CE000FFFF04001600090013000A000E00FFFF5A
:106CF000090011000E0010000200FFFFFFFFFFFF60
:106D0000FFFFFFFF0400110016000D000F00FFFF42
:106D10000200FFFF14001400FFFFFFFFFFFFFFFF53
:106D2000FFFFFFFFFFFFFFFFFFFFFFFFFFFFFFFF73
:106D3000FFFFFFFFFFFFFFFFFFFFFFFFFFFFFFFF63
:106D4000FFFFFFFFFFFFFFFFFFFFFFFFFFFFFFFF53
:106D50000900110010001600FFFF0A0000000700E4
:106D600003000100010001000500FFFFFFFFFFFF1E
:106D7000FFFFFFFF08000A001100FFFF0A00FFFFEE
:106D80000E000300100005000F0004000A001300AD
:106D9000FFFF0C00FFFFFFFFFFFFFFFFFFFFFFFFF5
:106DA000FFFFFFFFFFFFFFFFFFFFFFFFFFFFFFFFF3
:106DB000FFFFFFFFFFFF09000F0007000E000800A4
:106DC00000000B00020004001200FFFFFFFFFFFFA6
:106DD00009000A0006000D000100FFFFFFFFFFFF92
:106DE0000A00FFFFFFFFFFFF12000800170004006A
:106DF000FFFF0200FFFF0500FFFFFFFFFFFFFFFF98
:106E0000FFFFFFFFFFFFFFFFFFFFFFFFFFFFFFFF92
:106E10000900110010000400FFFF0A000400160022
:106E2000FFFF0100010017000200FFFFFFFFFFFF4F
:106E30000800110011001200FFFFFFFF080003000F
:106E400011000900080000000A0008000700FFFF09
:106E50001700FFFFFFFFFFFFFFFFFFFFFFFFFFFF29
:106E6000FFFFFFFFFFFFFFFFFFFFFFFFFFFFFFFF32
:106E7000FFFFFFFFFFFF09000B001000FFFFFFFFF8
:106E80000A0000000100010001000200FFFF0800ED
:106E900003001100FFFF0A00070013000F0010009D
:106EA0000100090000000A000400FFFFFFFF0D00C1
:106EB000FFFFFFFFFFFFFFFFFFFFFFFFFFFFFFFFE2
:106EC000FFFFFFFFFFFFFFFFFFFFFFFFFFFFFFFFD2
:106ED000FFFFFFFF090008001700FFFF040002008A
:106EE0001700000002000900FFFF10000800FFFF6C
:106EF000FFFFFFFFFFFF03000C001300FFFF140064
:106F00000300FFFFFFFFFFFFFFFFFFFFFFFF0E007C
:106F1000080005000E00FFFFFFFFFFFFFFFFFFFF60
:106F2000FFFFFFFFFFFF10000100000017000A0035
:106F30000F00100003000100FFFFFFFF0600060026
:106F4000110002001100FFFFFFFFFFFF110003000F
:106F5000110003000E000800120006000800FFFFE9
:106F600002000E00FFFF0200FFFF0D0001001300F2
:106F70000100090017000F0015000700FFFFFFFFC9
:106F8000FFFFFFFFFFFFFFFFFFFFFFFFFFFFFFFF11
:106F9000FFFFFFFFFFFFFFFFFFFFFFFFFFFFFFFF01
:106FA000FFFFFFFFFFFFFFFFFFFFFFFFFFFFFFFFF1
:106FB000FFFFFFFF09000800110009000300FFFFA9
:106FC000FFFF0B000300FFFFFFFFFFFFFFFF0500B8
:106FD0000A00FFFF090001000100FFFFFFFFFFFFA4
:106FE000FFFFFFFFFFFF020004000000000016008B
:106FF00001000A000A000D000C000D0008000A0044
:10700000050001000F000C001200FFFF0600000049
:1070100003000700FFFF120008000F00FFFF080039
:10702000FFFFFFFF0800FFFF16000D00FFFFFFFF3F
:10703000FFFFFFFFFFFFFFFF0600010008000D003C
:1070400015000200170010000D000300FFFF0800EC
:10705000FFFFFFFFFFFFFFFFFFFFFFFFFFFFFFFF40
:10706000FFFFFFFFFFFFFFFFFFFFFFFFFFFFFFFF30
:10707000FFFFFFFFFFFFFFFFFFFFFFFFFFFFFFFF20
:10708000FFFFFFFFFFFFFFFF0900080011001100D5
:107090000300FFFFFFFF0E00FFFFFFFFFFFF0000E9
:1070A0000F000100FFFF0E000B00FFFFFFFFFFFFBF
:1070B000FFFFFFFFFFFF1700150017000900FFFF8C
:1070C0001000150003000B001300160003000E0053
:1070D000FFFFFFFFFFFFFFFFFFFF030016000000A1
:1070E000150008000F0008000D001700FFFFFFFF4C
:1070F0000B00FFFF14000E00FFFFFFFF1100060052
:107100000A000900FFFFFFFFFFFFFFFFFFFFFFFF78
:10711000FFFFFFFFFFFFFFFFFFFFFFFFFFFFFFFF7F
:10712000FFFFFFFFFFFFFFFF090002001700FFFF47
:10713000FFFF020017000900FFFF10000700010019
:107140000A001300160002000C00FFFFFFFFFFFF04
:10715000FFFFFFFF0B001600000008000800FFFF04
:10716000FFFFFFFFFFFFFFFFFFFFFFFFFFFFFFFF2F
:10717000FFFFFFFFFFFF0900080011000F000300E1
:10718000FFFFFFFF1100FFFFFFFFFFFF0900FFFFF1
:1071900004000300FFFFFFFFFFFFFFFF09000F00D8
:1071A0001300FFFFFFFF170003000A000E0001009D
:1071B000160000000100FFFFFFFFFFFFFFFF0300BD
:1071C0000F00FFFFFFFFFFFFFFFF1100050006009C
:1071D0000600FFFFFFFFFFFFFFFFFFFFFFFFFFFFB7
:1071E000FFFF090015000E0012000A00FFFFFFFF5D
:1071F00007000900150001000B000E0015000A0031
:107200000A000A00FFFF0F001000FFFF04000B0040
:10721000FFFFFFFF05000000000014000500010053
:10722000FFFFFFFFFFFFFFFFFFFFFFFFFFFFFFFF6E
:10723000FFFFFFFFFFFFFFFFFFFFFFFFFFFFFFFF5E
:10724000FFFFFFFFFFFFFFFF1700150017000900FA
:10725000FFFF100010001300FFFF1300FFFF0000EE
:1072600002000D00FFFFFFFFFFFF14000300FFFF00
:107270000100FFFFFFFFFFFF0900FFFFFFFF1400FA
:107280000A00FFFFFFFFFFFFFFFFFFFFFFFF0E00F2
:107290000F001000FFFF01000A001500FFFFFFFFB5
:1072A0000100000009001500FFFF080010000A009F
:1072B00009001100FFFF0000010010000E00150082
:1072C000FFFFFFFF1300FFFFFFFFFFFFFFFFFFFFB9
:1072D000FFFFFFFFFFFFFFFFFFFFFFFFFFFFFFFFBE
:1072E000FFFFFFFF13000A001500FFFFFFFF120062
:1072F000100007000500110000000900170007003A
:10730000070001000700060013000300FFFF0B0049
:1073100009001300FFFF0E00020003000500040037
:10732000FFFF0A00030008001500FFFFFFFFFFFF3B
:10733000FFFFFFFFFFFFFFFFFFFFFFFFFFFFFFFF5D
:10734000FFFFFFFFFFFFFFFFFFFFFFFFFFFFFFFF4D
:10735000FFFFFFFFFFFFFFFFFFFFFFFFFFFF090032
:1073600002000B00FFFFFFFF000013000B001000E6
:10737000170001000700FFFF0300FFFF0C00FFFFE5
:10738000030008000500FFFFFFFFFFFF01000A00E8
:107390001100020003000300FFFFFFFFFFFFFFFFDC
:1073A000FFFFFFFFFFFFFFFFFFFFFFFFFFFFFFFFED
:1073B000FFFFFFFF09000800110015000300FFFF99
:1073C000FFFF16000D00FFFFFFFF0E00060012007A
:1073D0000F00FFFF0C00FFFFFFFF140002000E0074
:1073E0000B00FFFFFFFFFFFFFFFFFFFFFFFFFFFFA0
:1073F000FFFFFFFFFFFF02000400120008000D0066
:1074000000001400FFFF000005000B0001000A004F
:10741000FFFFFFFF0A000D00010001001100100036
:1074200008000400100001000F000C00FFFFFFFF28
:107430000A00FFFFFFFFFFFFFFFF1600FFFF0C002A
:1074400003000E000300FFFF0100FFFFFFFFFFFF2F
:10745000FFFFFFFFFFFFFFFFFFFFFFFFFFFFFFFF3C
:10746000FFFFFFFFFFFFFFFFFFFFFFFFFFFFFFFF2C
:10747000FFFFFFFF11000E00FFFF00000B000100E7
:10748000FFFF15000F00FFFFFFFF1100FFFF0600C9
:107490001000FFFF1500150000000B001600FFFF95
:1074A000FFFFFFFFFFFFFFFFFFFFFFFFFFFFFFFFEC
:1074B000FFFF090003001700FFFFFFFF020013009A
:1074C0000900FFFF0A0014000800FFFFFFFFFFFF95
:1074D000FFFF0B00FFFFFFFF00001300FFFFFFFF98
:1074E000FFFFFFFF09000800110011001300FFFF5C
:1074F000FFFF0F00FFFFFFFFFFFF0E00060004006D
:1075000008000B000300FFFFFFFFFFFFFFFFFFFF6F
:10751000FFFFFFFFFFFF090003001000FFFFFFFF59
:10752000030002000A000100FFFF15001000010027
:1075300008000400040015000A000C0008000E00FA
:10754000FFFFFFFF0700FFFF12000F00FFFF00001B
:10755000FFFFFFFFFFFFFFFFFFFFFFFFFFFFFFFF3B
:10756000FFFFFFFFFFFFFFFFFFFFFFFFFFFFFFFF2B
:10757000120009001400FFFFFFFFFFFF09000800D1
:10758000110015000300FFFFFFFF16001400FFFFAE
:10759000FFFFFFFFFFFFFFFFFFFF090003001700D2
:1075A000FFFFFFFF020017000900FFFF16000800A1
:1075B0000800FFFF01000F000E000A00FFFFFFFFA1
:1075C0000D00FFFF000007000F0015000000110074
:1075D000FFFFFFFFFFFFFFFFFFFFFFFFFFFFFFFFBB
:1075E000FFFFFFFFFFFFFFFFFFFFFFFF1000170080
:1075F000020001000700FFFF17000300FFFFFFFF6D
:10760000FFFF04000D001100FFFF10001300070032
:107610000F001200FFFF0A00100010000F00090009
:107620000E00FFFFFFFFFFFFFFFFFFFFFFFFFFFF5A
:10763000FFFFFFFFFFFFFFFFFFFFFFFFFFFFFFFF5A
:10764000FFFF0D001200030004000F0001000E00F8
:10765000FFFFFFFFFFFFFFFF11000B000D00010008
:107660000100080014000600FFFF090009000E00D9
:107670000A000A0003000A0017000A000600FFFFC4
:10768000FFFF0C00FFFFFFFFFFFF1600FFFFFFFFE4
:10769000FFFFFFFFFFFFFFFFFFFFFFFFFFFFFFFFFA
:1076A000FFFFFFFFFFFFFFFFFFFFFFFFFFFFFFFFEA
:1076B00011000F00FFFF0600060011000F000D0073
:1076C0000800100015000A000600010007000A006B
:1076D00004000900FFFF0100150001001000170061
:1076E00016000A000A000E000000FFFFFFFF000066
:1076F0000F00FFFFFFFFFFFFFFFFFFFFFFFFFFFF89
:10770000FFFFFFFFFFFFFFFFFFFFFFFFFFFFFFFF89
:10771000FFFFFFFFFFFFFFFFFFFFFFFFFFFFFFFF79
:10772000FFFFFFFFFFFF090017001000FFFFFFFF33
:107730000300020015000100FFFF0B001000100005
:10774000080004000B000B000A00170001000B00EA
:10775000FFFFFFFF0400FFFF09001300FFFFFFFF13
:10776000FFFFFFFFFFFFFFFFFFFFFFFFFFFFFFFF29
:10777000FFFFFFFFFFFFFFFFFFFFFFFF12000900FA
:107780000D00FFFFFFFF12000D0015000F00FFFFAF
:107790000200FFFFFFFFFFFFFFFF08000600FFFFE3
:1077A000FFFF03000F00FFFFFFFFFFFFFFFF1400BD
:1077B000FFFF09000F00150006000600FFFFFFFF96
:1077C00004000F000D0008000D00FFFF150006006B
:1077D00001000F000A000F00FFFFFFFFFFFFFFFF88
:1077E000FFFFFFFFFFFFFFFFFFFFFFFFFFFFFFFFA9
:1077F000FFFFFFFF090003001400FFFFFFFF0B0066
:10780000060009000F00FFFFFFFF08001100010044
:107810001400FFFFFFFF0A00FFFF0A000A000F002D
:107820000400FFFFFFFFFFFFFFFFFFFFFFFFFFFF62
:10783000FFFFFFFFFFFF0200000012001200080020
:10784000160014000A000D00FFFF060006001600D7
:10785000FFFFFFFF02001400FFFFFFFF0900FFFF13
:1078600001000E000F00160000000400FFFF0100E1
:10787000FFFFFFFFFFFF0400FFFF090001000C00F6
:107880000F000700FFFFFFFFFFFFFFFFFFFFFFFFEE
:10789000FFFFFFFFFFFFFFFFFFFFFFFFFFFFFFFFF8
:1078A000FFFFFFFFFFFFFFFF120009001100FFFFB6
:1078B000FFFF1400FFFFFFFF0900080015000E0086
:1078C0000300FFFFFFFFFFFFFFFFFFFFFFFF1300AE
:1078D0000C001700FFFFFFFF150017000900FFFF56
:1078E00016000800FFFF07000100000015000A0055
:1078F000FFFFFFFF0D00FFFF1000090003000E0057
:1079000000001100FFFFFFFFFFFFFFFFFFFFFFFF72
:10791000FFFFFFFFFFFFFFFFFFFFFFFFFFFFFFFF77
:1079200014000900060003000B00FFFFFFFFFFFF2C
:10793000FFFF0B000F000000090001001000FFFF17
:10794000FFFF010011000A000A000200FFFFFFFF15
:10795000FFFFFFFFFFFFFFFFFFFFFFFFFFFFFFFF37
:10796000FFFF14001700060016000200FFFFFFFFD4
:10797000130016000F001100FFFF1100FFFF16009B
:1079800002000700FFFFFFFF0500150012001000B6
:10799000FFFFFFFFFFFFFFFFFFFFFFFFFFFFFFFFF7
:1079A000FFFFFFFFFFFFFFFF090003001300FFFFC2
:1079B000FFFF170003000A00FFFF10001600FFFF83
:1079C0000100FFFFFFFF10001300FFFFFFFF060095
:1079D0000700FFFF1600FFFFFFFFFFFFFFFFFFFF96
:1079E000FFFF11000E00FFFF080010000400FFFF62
:1079F0000A000B00FFFFFFFF010005001400140048
:107A0000FFFF08000A001100FFFFFFFFFFFFFFFF5D
:107A1000FFFFFFFFFFFFFFFFFFFFFFFF1200090057
:107A20000200FFFFFFFF0000120007000800010036
:107A3000140012001600FFFF0A0003000300FFFFFE
:107A4000FFFF16000D00FFFFFFFFFFFFFFFF0D0010
:107A50000000FFFF0800FFFFFFFFFFFFFFFFFFFF2A
:107A6000FFFFFFFFFFFFFFFFFFFF140009000600FD
:107A700003000B00FFFFFFFFFFFFFFFF15000F00DC
:107A80000900FFFF0F0014000100110006000300B1
:107A90000B000400FFFFFFFFFFFFFFFFFFFFFFFFE3
:107AA000FFFFFFFFFFFFFFFFFFFFFFFF1400FFFFD0
:107AB00011000100FFFF0200110003000000170089
:107AC0001000100008000800130008000200FFFF6B
:107AD0000900FFFFFFFFFFFFFFFFFFFFFFFFFFFFAB
:107AE000FFFFFFFFFFFFFFFFFFFFFFFFFFFF09009B
:107AF00008000E0017000A00FFFFFFFF0D00000046
:107B0000050001000A0009000000FFFFFFFFFFFF62
:107B1000160014000700FFFF090004001700100002
:107B2000FFFFFFFFFFFFFFFFFFFFFFFFFFFFFFFF65
:107B3000FFFFFFFFFFFFFFFFFFFFFFFF0900050043
:107B40000F0003000100FFFF0600FFFFFFFFFFFF24
:107B5000FFFF0E000F0003000F0013000B00FFFFDC
:107B60000F00110011000900FFFF07000F00FFFFC9
:107B7000FFFFFFFFFFFFFFFFFFFFFFFFFFFFFFFF15
:107B8000FFFFFFFFFFFF120009000900FFFFFFFFDB
:107B900011000E000000FFFFFFFFFFFF0A000000C2
:107BA000FFFF0F0008001100FFFFFFFFFFFFFFFFB7
:107BB000FFFFFFFF1700150014000300FFFFFFFF8A
:107BC0001300FFFFFFFF06001500FFFFFFFF12007D
:107BD00015000700050014001500FFFFFFFFFFFF61
:107BE000FFFFFFFFFFFFFFFFFFFF09000300100083
:107BF000FFFFFFFF030002000A0001000000140065
:107C00001000040008000400080001000300FFFF4A
:107C10000100FFFF00000B00FFFFFFFF0400FFFF5C
:107C2000FFFFFFFFFFFFFFFFFFFFFFFFFFFFFFFF64
:107C3000FFFFFFFFFFFFFFFFFFFFFFFF010002004D
:107C40001100030000000A001000100008000F00DF
:107C5000130008000500FFFF090017000800FFFFE0
:107C6000FFFFFFFFFFFFFFFFFFFF0D0010001500EC
:107C70000500FFFFFFFF0800FFFF00001500FFFFEA
:107C8000FFFFFFFFFFFFFFFF1600FFFF0000FFFFEA
:107C9000FFFFFFFFFFFFFFFFFFFFFFFFFFFFFFFFF4
:107CA000FFFF120009000F00FFFFFFFF0900FFFFA9
:107CB0000800FFFF15000A000A000A000500130073
:107CC000FFFFFFFFFFFFFFFFFFFFFFFFFFFFFFFFC4
:107CD00017000E001700FFFF0D0004000400FFFF57
:107CE000FFFF09000D000B000900FFFF110001005C
:107CF00009000B00100004000800FFFF0A00040048
:107D00000A00FFFF0600FFFF09000000010002005B
:107D100010000E000300FFFFFFFFFFFFFFFFFFFF4C
:107D2000FFFFFFFFFFFFFFFFFFFFFFFFFFFFFFFF63
:107D3000FFFFFFFFFFFFFFFFFFFFFFFFFFFFFFFF53
:107D4000FFFF11000100FFFF020008000300000018
:107D500005000900100012000F001700FFFF0B00C4
:107D60000A00110017000800FFFFFFFF0F000600C8
:107D7000FFFFFFFFFFFFFFFFFFFFFFFF0F00FFFF02
:107D8000FFFFFFFFFFFFFFFFFFFFFFFFFFFFFFFF03
:107D9000FFFFFFFF17000C0011001400140011007A
:107DA00011000100150010000E00FFFFFFFFFFFF94
:107DB0001500170009000800FFFF10000100FFFF79
:107DC0000900FFFFFFFFFFFF0E00FFFF1600FFFF90
:107DD000FFFF16001600FFFFFFFF0F000B00FFFF65
:107DE000FFFFFFFFFFFFFFFFFFFFFFFFFFFFFFFFA3
:107DF000FFFFFFFFFFFF120009000F00FFFFFFFF63
:107E00001200FFFF110007000000FFFF0F00060037
:107E100000000F00FFFFFFFF0F000B00FFFFFFFF41
:107E2000FFFFFFFFFFFFFFFFFFFFFFFF1500160033
:107E300015000C00FFFF12001500FFFF0E000700E9
:107E40000E0014001300FFFFFFFF09000C00FFFFEE
:107E5000FFFF0D00020009000300FFFFFFFFFFFF0F
:107E6000FFFFFFFFFFFF0300FFFF0D0014000100F5
:107E70000D00FFFFFFFFFFFFFFFFFFFFFFFFFFFF03
:107E8000FFFFFFFFFFFF0900FFFF170002001300C5
:107E90001000FFFF17000300FFFFFFFF0A00FFFFB6
:107EA00006001600FFFF0100FFFFFFFF1000160095
:107EB000FFFFFFFFFFFFFFFFFFFFFFFF02000000CC
:107EC00012000D0010001600FFFF16000F00050045
:107ED000FFFF06001600FFFF0F00FFFF0500070071
:107EE0000A0001000E000F001600FFFFFFFFFFFF5A
:107EF000FFFF0D00FFFFFFFFFFFFFFFF1500FFFF6C
:107F00000900010002000F001300FFFFFFFFFFFF49
:107F1000FFFFFFFFFFFFFFFFFFFFFFFFFFFFFFFF71
:107F2000FFFFFFFFFFFF0900FFFF17000200170020
:107F30001000FFFF10000800FFFFFFFFFFFFFFFF23
:107F400008000A000800110005001400FFFFFFFFF1
:107F5000FFFFFFFFFFFFFFFFFFFFFFFF0D0004001C
:107F60000D00FFFF0D0009001500FFFFFFFF0F00D0
:107F7000FFFF14001500FFFFFFFFFFFF0C000200D2
:107F80001500FFFFFFFF0900FFFF14001300FFFFB4
:107F9000FFFFFFFFFFFFFFFFFFFF11000E00FFFFCE
:107FA000010009001600070003000C000D0002008C
:107FB000FFFFFFFF01001200130006000F00170073
:107FC000FFFF0F000A000A00FFFFFFFF0A00090081
:107FD0000B001400FFFFFFFFFFFFFFFFFFFFFFFF8E
:107FE000FFFFFFFFFFFFFFFFFFFFFFFFFFFFFFFFA1
:107FF000FFFFFFFFFFFFFFFF14000200FFFF100065
:108000000300FFFFFFFF0100020011000A0006004D
:1080100000001400050001000D000B000F000F0010
:10802000FFFFFFFFFFFFFFFFFFFFFFFFFFFFFFFF60
:10803000FFFFFFFFFFFFFFFFFFFFFFFFFFFF10003E
:1080400003000B000A000E000B00000010000100EE
:10805000FFFF0A0009001500FFFFFFFF0500FFFFFB
:1080600011000400FFFF1500FFFFFFFFFFFFFFFFF0
:10807000FFFF0A000900080011000B00FFFFFFFFCF
:10808000FFFFFFFFFFFFFFFFFFFFFFFFFFFFFFFF00
:10809000FFFFFFFF150016000D000000FFFF12009C
:1080A0000A001400FFFF0400FFFF0A000500FFFFA5
:1080B000FFFFFFFFFFFF01000100FFFFFFFF0200C6
:1080C0000A0002000200FFFFFFFFFFFFFFFFFFFFAC
:1080D000FFFFFFFFFFFF1200FFFF0F000E00FFFF7B
:1080E0000E00020011000700FFFFFFFF0700FFFF67
:1080F00010001500FFFFFFFFFFFFFFFFFFFFFFFF67
:108100000900FFFF100015000B0003000A000B0020
:1081100002000B000B000A00FFFF08001500FFFF24
:10812000FFFF0800040000000A00FFFFFFFFFFFF41
:10813000FFFFFFFFFFFFFFFFFFFFFFFFFFFFFFFF4F
:10814000FFFFFFFFFFFF150016000D000000FFFFFF
:1081500012001500FFFFFFFF0400FFFF09001500DC
:10816000FFFFFFFFFFFF0E0014001700FFFF1400CA
:10817000FFFF030004001600FFFFFFFFFFFFFFFFEC
:10818000FFFFFFFFFFFFFFFF17000E001700FFFFBD
:10819000130004000800FFFFFFFF09000D000400AA
:1081A0000900FFFF1100010009000B0009000A008F
:1081B000FFFFFFFF0A0004000A00FFFF08000100A4
:1081C000060012000E00FFFFFFFFFFFFFFFFFFFF93
:1081D000FFFFFFFFFFFFFFFFFFFFFFFFFFFFFFFFAF
:1081E000FFFFFFFFFFFFFFFFFFFF17000C00020074
:1081F00014001400160006000100150001000E0016
:10820000FFFFFFFFFFFFFFFF0F0009000000FFFF60
:1082100012001600FFFF1400FFFF1700FFFF1600FB
:10822000FFFFFFFF0C0009001100FFFF0300FFFF2D
:10823000FFFFFFFFFFFFFFFFFFFFFFFFFFFFFFFF4E
:10824000FFFFFFFFFFFFFFFF0900FFFF1700020016
:1082500013001300FFFFFFFF1300FFFFFFFFFFFFEF
:108260001300FFFF0300FFFFFFFF0F0006000A00DF
:1082700004000F00050001001100FFFF09000000CD
:108280000E0010000E000D00FFFF01001000130093
:1082900012000C00FFFF0C0008000500FFFFFFFFAD
:1082A00006000300FFFF0100FFFFFFFF02001400B4
:1082B0001700FFFFFFFF13001400FFFF13000A0069
:1082C000FFFF0A00FFFFFFFFFFFF0800FFFFFFFFA8
:1082D000FFFFFFFFFFFFFFFFFFFFFFFFFFFFFFFFAE
:1082E000FFFFFFFFFFFFFFFFFFFFFFFFFFFFFFFF9E
:1082F000FFFFFFFF11000900FFFF03000E00130046
:10830000FFFF030010001000FFFF0C00040003003B
:1083100007000000FFFF05001600FFFF0600110028
:10832000010008001600FFFFFFFFFFFFFFFFFFFF38
:10833000FFFFFFFFFFFFFFFFFFFFFFFFFFFFFFFF4D
:10834000FFFFFFFFFFFF000002000A000700170009
:10835000FFFFFFFF1200FFFF13000D000A00FFFFE9
:108360000900130017000A0008001400FFFFFFFFB8
:108370000400FFFF140007000D000800FFFFFFFFCF
:10838000FFFFFFFFFFFFFFFFFFFFFFFFFFFFFFFFFD
:10839000FFFFFFFFFFFFFFFF0C0013000C000900B1
:1083A00008000600FFFF0E00FFFF16000A00FFFF97
:1083B000FFFFFFFFFFFF0F00010001000000FFFFB4
:1083C0000E000000FFFF0A0010000100FFFFFFFF8A
:1083D000FFFFFFFFFFFFFFFFFFFFFFFFFFFFFFFFAD
:1083E000FFFF00001000100007000F001100030045
:1083F000FFFFFFFF0B001600090012000B00020038
:108400000F000600FFFFFFFF1000FFFF0D00FFFF42
:108410000B000F000B000A000E000100FFFF04001C
:10842000FFFF1200FFFFFFFFFFFF0F00FFFFFFFF37
:10843000FFFF1500FFFFFFFFFFFFFFFFFFFFFFFF35
:10844000FFFFFFFFFFFFFFFFFFFFFFFFFFFFFFFF3C
:1084500017000C00020014001700020006000100C3
:1084600015000900FFFFFFFFFFFFFFFFFFFF0F00E9
:1084700009000C00FFFF0F000800FFFFFFFFFFFFD8
:108480001600FFFFFFFF09000600FFFF0B00FFFFC4
:10849000FFFFFFFFFFFFFFFFFFFFFFFFFFFF0900E1
:1084A000FFFF170012001500FFFFFFFF12000A0078
:1084B0000700060015000500100007000F00060069
:1084C00014000A00FFFFFFFFFFFFFFFFFFFFFFFF9A
:1084D000FFFFFFFFFFFFFFFFFFFFFFFFFFFFFFFFAC
:1084E0001200FFFF0C0002000C0004000E0006004A
:1084F000FFFFFFFF160004000F00FFFFFFFFFFFF5D
:10850000FFFF10000000FFFFFFFFFFFFFFFFFFFF67
:10851000FFFF0A0010000A0003000000090001002C
:108520000500FFFFFFFF0D00FFFFFFFF03000A0034
:10853000FFFF0A00FFFFFFFF1000FFFF1300040012
:10854000FFFFFFFFFFFFFFFF17000A0015000600F7
:10855000FFFFFFFFFFFFFFFFFFFFFFFFFFFFFFFF2B
:108560000D0012000D000400FFFF09001500FFFFC1
:10857000FFFF0F00FFFF14000A00FFFFFFFFFFFFD8
:108580000A0007000500FFFFFFFF0B000E00FFFFC2
:10859000FFFFFFFFFFFFFFFFFFFF0900FFFF0200DC
:1085A000080001000A000A0000000300000010009B
:1085B000FFFF09000800FFFFFFFFFFFF0B00160091
:1085C0001700150001000600FFFFFFFFFFFFFFFF80
:1085D000FFFFFFFFFFFFFFFFFFFFFFFFFFFFFFFFAB
:1085E000FFFFFFFF0A001000010003000000110060
:1085F00011000800FFFFFFFF0D0012000F0009002F
:108600000A00FFFF01000B00FFFF04000000000054
:108610000E00150014000900FFFFFFFFFFFFFFFF22
:10862000FFFF03000A00FFFFFFFFFFFFFFFFFFFF49
:10863000FFFFFFFF0B00FFFFFFFFFFFFFFFFFFFF3D
:10864000FFFFFFFFFFFFFFFFFFFF17000C00110000
:1086500014000900FFFF1100010015000C000E00BE
:10866000FFFFFFFF0F0013000C00FFFF14001000BE
:108670000F001200FFFFFFFFFFFFFFFFFFFFFFFFE5
:10868000FFFF0F000400FFFFFFFF05000C000000CC
:10869000FFFFFFFFFFFFFFFFFFFFFFFFFFFFFFFFEA
:1086A000FFFFFFFF0F0006000A0011000F0005008A
:1086B0000100FFFF0A000300060014001000030081
:1086C0000D001500FFFF0900FFFFFFFF160000006F
:1086D000FFFF08000A00FFFFFFFF06001500FFFF75
:1086E000FFFFFFFF14000B00FFFFFFFFFFFF000075
:1086F000FFFFFFFF1600FFFFFFFF1500FFFFFFFF5B
:10870000FFFFFFFFFFFFFFFFFFFFFFFFFFFFFFFF79
:10871000FFFF0900030002001100FFFF0D00010030
:10872000FFFF03000400010000000300FFFFFFFF44
:10873000FFFFFFFF0A0008000800FFFFFFFFFFFF29
:10874000080005000400FFFFFFFFFFFFFFFFFFFF22
:10875000FFFFFFFFFFFFFFFF0A0010000400030000
:108760000D00010017000500FFFF1300FFFF0300CD
:10877000FFFF0D000E00FFFFFFFFFFFFFFFF1300D5
:10878000020002000A0017001000000010000C0098
:108790000000FFFF0F001700FFFFFFFFFFFFFFFFBD
:1087A000FFFFFFFFFFFFFFFFFFFFFFFFFFFFFFFFD9
:1087B000FFFFFFFFFFFFFFFFFFFF0900FFFF1700A5
:1087C00012001300FFFFFFFF170003000600FFFF6A
:1087D000FFFF1600FFFFFFFF0D001700FFFFFFFF69
:1087E000FFFFFFFF11000900FFFF0F000300FFFF65
:1087F000FFFF15001300FFFFFFFF00000E00FFFF4B
:10880000FFFF04000C00FFFFFFFFFFFFFFFF0D0055
:1088100012000D00FFFFFFFF09000F00FFFFFFFF29
:108820001500100015000A000B00FFFF10000000EB
:108830000E000100FFFFFFFFFFFFFFFFFFFFFFFF35
:10884000FFFFFFFFFFFFFFFF0A0010000A00050007
:108850000D0009000100FFFF04001300FFFFFFFFF0
:10886000FFFF03000A00FFFFFFFFFFFFFFFF1000F5
:10887000FFFF13000400FFFFFFFF170002001500B9
:108880000600FFFFFFFFFFFFFFFFFFFFFFFFFFFFF0
:10889000FFFF08000000FFFF0F000000FFFF0A00BD
:1088A00008001000FFFF11000100FFFF110003008E
:1088B000FFFFFFFF0F000800120012000B00020074
:1088C000FFFFFFFFFFFFFFFFFFFFFFFFFFFFFFFFB8
:1088D000FFFFFFFFFFFFFFFF00000200090007008E
:1088E0001700FFFFFFFF1200FFFF13000D0016002F
:1088F000FFFF0900130017000A0004000E00FFFF2D
:10890000FFFF0000FFFF1400070001000800FFFF49
:10891000FFFFFFFFFFFFFFFFFFFFFFFFFFFFFFFF67
:10892000FFFFFFFFFFFFFFFFFFFF0900FFFF170033
:108930000D000800FFFFFFFF1600FFFF14001500E9
:1089400015001600FFFF1500FFFFFFFFFFFFFFFFF1
:10895000FFFFFFFF010002000800030000001700F6
:108960000A001000FFFFFFFFFFFFFFFFFFFF1100E6
:10897000110017000800FFFFFFFF0500FFFF1400B4
:10898000FFFF00000500FFFF0D00FFFFFFFFFFFFDF
:10899000FFFFFFFFFFFFFFFFFFFF000002000A00D5
:1089A00007000E00FFFFFFFF1200FFFF0400100092
:1089B0000A00FFFF140001000300FFFF1200140073
:1089C000FFFFFFFF11000F00FFFFFFFFFFFFFFFF93
:1089D000FFFFFFFFFFFFFFFFFFFFFFFF0D00120084
:1089E0000D00FFFFFFFF090008001500FFFF040056
:1089F0000900FFFFFFFFFFFF040005001300020056
:108A000017000A000A00FFFFFFFFFFFFFFFFFFFF45
:108A1000FFFFFFFFFFFFFFFFFFFF0900050017003B
:108A2000FFFFFFFF0D000000FFFFFFFF00000A0037
:108A300010001100FFFFFFFFFFFF0F0010000A00F2
:108A4000FFFFFFFFFFFFFFFFFFFFFFFF0A00080020
:108A500001001300010011001100FFFF1600FFFFCD
:108A6000100009000F0009000300FFFFFFFFFFFFD8
:108A7000FFFF0E00FFFF08000E001500FFFFFFFFC5
:108A8000FFFF0C001000FFFFFFFFFFFFFFFFFFFFD6
:108A90000B00FFFFFFFFFFFFFFFFFFFFFFFF0900CE
:108AA000030002001100FFFF07000100FFFF0400A8
:108AB0000C00150000000B00FFFFFFFF0700030084
:108AC000120003000800FFFFFFFFFFFFFFFF05008C
:108AD000010006001600FFFF09000600FFFFFFFF70
:108AE000FFFFFFFFFFFFFFFFFFFFFFFFFFFFFFFF96
:108AF000FFFFFFFFFFFFFFFF170001001600000050
:108B00001100FFFF02000800100008000900FFFF2D
:108B1000FFFFFFFF0200030016001400FFFFFFFF2E
:108B2000FFFF0600FFFF0100FFFF1400080009001F
:108B30001000FFFFFFFFFFFFFFFFFFFFFFFFFFFF33
:108B4000FFFFFFFFFFFFFFFFFFFF0A00080001001C
:108B50001300010002000300FFFF1600FFFF1000DA
:108B600003000800FFFFFFFFFFFFFFFFFFFFFFFF06
:108B700001000D00FFFFFFFF1400000006000900C8
:108B8000FFFFFFFFFFFFFFFFFFFFFFFFFFFFFFFFF5
:108B90000900FFFF17000D000000FFFFFFFF0400AA
:108BA0000A0016000B00FFFFFFFF17000B0010006C
:108BB0000300FFFFFFFFFFFFFFFFFFFFFFFFFFFFC0
:108BC000FFFF0A00080001000A0001000200030084
:108BD000FFFF0700FFFF100003000800FFFFFFFF7B
:108BE000FFFFFFFFFFFFFFFF01000D00FFFFFFFF83
:108BF0001000000010000900FFFFFFFFFFFFFFFF54
:108C0000FFFFFFFFFFFFFFFF090003000F0013003E
:108C1000FFFFFFFF11000A00FFFF00000F00FFFF32
:108C2000FFFF0200060001000900FFFF0700080027
:108C30000D00FFFFFFFFFFFF1000FFFFFFFFFFFF23
:108C4000FFFFFFFFFFFFFFFFFFFF17000000110006
:108C500001000000FFFF11001000FFFF0E001000D8
:108C6000FFFFFFFFFFFFFFFFFFFFFFFF09001500F2
:108C70000F00080012000800FFFFFFFFFFFFFFFFCB
:108C8000FFFFFFFFFFFFFFFF1500010010001500B1
:108C900007001100FFFF15000900FFFFFFFFFFFFA6
:108CA000FFFF0000FFFFFFFFFFFF15000A00FFFFAF
:108CB000FFFFFFFFFFFF0A00080001001300010093
:108CC00011001100FFFF1600FFFF100009000F0048
:108CD00009000300FFFFFFFFFFFFFFFF1200FFFF80
:108CE0000800FFFF0F00FFFFFFFFFFFF0300FFFF74
:108CF000FFFFFFFFFFFF1200FFFFFFFFFFFFFFFF70
:108D00000F0006000F0011000F0007000600FFFF14
:108D10000A000D000600FFFF10000D000E00FFFF0F
:108D2000FFFF0900FFFFFFFF0B00FFFFFFFF010038
:108D300015000800FFFFFFFF17000000FFFFFFFF07
:108D40000A000F000C00FFFFFFFFFFFFFFFFFFFF08
:108D5000FFFFFFFFFFFFFFFFFFFFFFFFFFFF0F0012
:108D600006000F0011000F0007000600FFFF1500AE
:108D700003000600FFFF10000D000E00FFFFFFFFC5
:108D80000900FFFFFFFF0D00FFFFFFFF01001500BF
:108D90000800FFFFFFFF14000300FFFFFFFF0500B7
:108DA0000F001600FFFFFFFFFFFFFFFFFFFFFFFFAA
:108DB000FFFFFFFFFFFFFFFFFFFFFFFF15000A00A0
:108DC0000A00FFFF03001000FFFF0B000B00FFFF76
:108DD000FFFF090011001500FFFFFFFFFFFF170055
:108DE0000000FFFFFFFFFFFFFFFFFFFFFFFF090086
:108DF000FFFF020012000100070007000000FFFF54
:108E00000A000700FFFF12000800FFFF0E0001002C
:108E10000B001600FFFFFFFFFFFFFFFFFFFFFFFF3D
:108E2000FFFFFFFFFFFFFFFFFFFFFFFF1700170020
:108E300002000100FFFFFFFF150008001100FFFF07
:108E4000FFFF00001000140013000F0016001100B7
:108E50000500FFFFFFFF0800FFFFFFFFFFFFFFFF11
:108E6000FFFFFFFFFFFFFFFFFFFFFFFFFFFF090007
:108E7000FFFF0200120003000000070001000C00C9
:108E8000FFFF0500FFFF0B00FFFFFFFFFFFFFFFFDE
:108E90000A000900FFFFFFFFFFFFFFFFFFFFFFFFCB
:108EA0000A00100001000300110003000A00010085
:108EB000FFFFFFFFFFFF1000FFFF02000400FFFFA6
:108EC000FFFFFFFFFFFF080002000B000600FFFF8F
:108ED0000900FFFF1400FFFFFFFFFFFF0600FFFF79
:108EE000FFFFFFFFFFFFFFFFFFFF0F000D000B0065
:108EF00016000A0006000700040016000000160015
:108F0000FFFF0A001100FFFFFFFFFFFF0F0003003C
:108F1000FFFFFFFFFFFF0400FFFFFFFF0C000C003F
:108F2000FFFFFFFFFFFFFFFFFFFFFFFFFFFFFFFF51
:108F300006000400FFFFFFFFFFFFFFFF0900140012
:108F4000130005000F000100FFFF03000800FFFFF2
:108F5000FFFF0F000700FFFFFFFFFFFFFFFF000005
:108F60000100FFFF0700FFFFFFFF0A001200FFFFE5
:108F7000FFFFFFFFFFFFFFFFFFFF170017000200CB
:108F800010000800FFFFFFFF11001600FFFF0A009E
:108F9000050015000800020002000B00FFFFFFFFA4
:108FA00015000E000700FFFF0F000100FFFFFFFF8D
:108FB000FFFFFFFFFFFFFFFFFFFFFFFFFFFFFFFFC1
:108FC000FFFFFFFFFFFFFFFF0900FFFF1700FFFF8D
:108FD0001700100008000800030010000A00FFFF3F
:108FE000FFFF0A00FFFF0E000A00FFFF0500FFFF62
:108FF000FFFFFFFFFFFFFFFFFFFFFFFFFFFF090076
:10900000030013001100080011000300FFFF14000B
:10901000FFFFFFFF0F00050010000D00FFFFFFFF27
:109020000400FFFF0F000300FFFFFFFFFFFFFFFF34
:10903000080015000300FFFFFFFFFFFFFFFFFFFF1A
:10904000FFFFFFFFFFFFFFFF0A001000010003000A
:10905000110003000A000100FFFFFFFFFFFF1000E7
:10906000FFFF02000400FFFFFFFFFFFFFFFF0800FC
:10907000000015001400FFFF060013000900FFFFA9
:10908000FFFFFFFF0500FFFFFFFFFFFFFFFFFFFFE9
:10909000FFFFFFFFFFFF0F0006000F0011000F0092
:1090A00015000600FFFF0A0013000600FFFFFFFF88
:1090B0000D000E00FFFFFFFF09001400FFFF0B0073
:1090C000010015001400FFFFFFFFFFFFFFFFFFFF80
:1090D0000D00FFFFFFFF050003000C00FFFFFFFF77
:1090E000FFFFFFFFFFFFFFFFFFFFFFFFFFFFFFFF90
:1090F00017000C0011000B000300FFFF110002001D
:1091000007000D000100FFFFFFFF0200FFFFFFFF50
:10911000FFFF140001000900FFFFFFFFFFFFFFFF3B
:10912000FFFFFFFFFFFF0C000800FFFFFFFFFFFF37
:10913000FFFF0F000D000B0016000A0006000800DC
:109140000D001600FFFF1600FFFF0A000D00FFFFD5
:10915000FFFFFFFF0F000300FFFF0900FFFFFFFFFE
:109160000C00FFFFFFFFFFFFFFFFFFFFFFFFFFFF01
:1091700006001500FFFFFFFFFFFFFFFF06000400D2
:10918000110002000F0007000400FFFF1300FFFFA3
:109190001700FFFFFFFF03000200FFFFFFFFFFFFBD
:1091A000FFFF01000100FFFF0000FFFF130014009C
:1091B00006001100FFFFFFFFFFFFFFFFFFFFFFFFA4
:1091C000FFFFFFFFFFFF0900FFFF1700FFFF170072
:1091D00010001300080003000800FFFFFFFFFFFF5F
:1091E0000000FFFF08000A00FFFFFFFFFFFFFFFF77
:1091F000FFFFFFFF17000100020000001100FFFF4A
:10920000FFFF02001000080009000800FFFF030034
:1092100016001400FFFFFFFFFFFFFFFFFFFF090025
:10922000FFFF1400FFFF1400FFFFFFFFFFFFFFFF22
:10923000FFFFFFFFFFFF0A00080001000A00010016
:1092400002000800FFFFFFFFFFFF10000300FFFF09
:10925000FFFFFFFFFFFFFFFF01000C000F000A00F0
:1092600009000A00FFFFFFFFFFFFFFFFFFFFFFFFF7
:10927000FFFFFFFF0D0014000D00FFFFFFFF1000B8
:109280001700FFFF00000900FFFFFFFFFFFF1100B5
:109290001200FFFFFFFF12001500FFFFFFFFFFFF9F
:1092A000FFFF0A00080001000A00010002000B0095
:1092B000FFFFFFFFFFFFFFFF0300FFFFFFFFFFFFB9
:1092C0000100130004000A0014000D00FFFFFFFF5F
:1092D000FFFFFFFFFFFFFFFFFFFFFFFF0F000D007E
:1092E0000F0016000A001500060015000700FFFF1A
:1092F0001600FFFFFFFF0D000800FFFFFFFFFFFF4D
:109300000100FFFF09000C001500FFFF0E00FFFF2A
:10931000FFFFFFFFFFFFFFFFFFFF03000800FFFF4E
:10932000FFFFFFFFFFFFFFFFFFFF0900FFFF170029
:10933000FFFF1700100016000800030010001600C1
:10934000FFFFFFFF0000FFFF010017000200010008
:10935000FFFFFFFFFFFFFFFFFFFFFFFFFFFFFFFF1D
:10936000FFFFFFFF09000800000001000A00FFFFE7
:10937000030002000C00FFFF0F00FFFFFFFF0A00C9
:1093800007000A00FFFFFFFF0E0009000100FFFFBA
:10939000FFFFFFFFFFFFFFFFFFFFFFFFFFFFFFFFDD
:1093A000FFFF150015000C0012001200FFFFFFFF69
:1093B000070006001400040004000E00FFFF0C006C
:1093C000FFFF140006001000FFFFFFFFFFFFFFFF7D
:1093D0000700FFFFFFFFFFFF0F00FFFFFFFFFFFF83
:1093E000FFFFFFFFFFFFFFFF0D00FFFF0D0010005D
:1093F0000D00FFFFFFFF0F000D000C000100FFFF3D
:109400000F00FFFF0100FFFFFFFF0A000400FFFF46
:10941000FFFFFFFFFFFFFFFFFFFF0E001100FFFF39
:1094200015000F00FFFF01000B000600FFFFFFFF0C
:10943000FFFF01000C000B0011000A000700FFFFF6
:10944000FFFF1200FFFFFFFFFFFFFFFFFFFFFFFF18
:10945000FFFFFFFF060004000E00020015000F00D2
:109460001000FFFF0900FFFFFFFFFFFF09000900D9
:1094700013000F00FFFF0D001600FFFF1600FFFF97
:10948000FFFFFFFFFFFF13000B001100FFFFFFFFB7
:10949000FFFFFFFFFFFFFFFFFFFFFFFFFFFF0900D1
:1094A000FFFF130001000300FFFFFFFFFFFF0E009F
:1094B00004001000FFFF0D0017000700FFFFFFFF73
:1094C000FFFFFFFFFFFFFFFF00000200FFFF0A009A
:1094D0000E001200070004001000FFFFFFFF0C0049
:1094E000FFFFFFFF0100FFFFFFFFFFFF13000A0068
:1094F0000B00FFFFFFFFFFFFFFFFFFFFFFFF060067
:109500000400140009000F000F0004000F00FFFF0B
:10951000FFFFFFFF0A000E00FFFF0200FFFFFFFF3B
:10952000FFFFFFFF150013000D00FFFFFFFFFFFF10
:109530000200FFFF1000FFFFFFFFFFFFFFFFFFFF25
:109540000900FFFF1700FFFF1300100003000300D6
:1095500000000C00FFFF0A001100FFFF0B00FFFFDF
:10956000FFFFFFFFFFFFFFFFFFFFFFFFFFFF010008
:109570000200080003000700FFFFFFFF06000600CF
:10958000FFFFFFFF090001000D0003000A000200B9
:10959000FFFFFFFF0C000900FFFF0100FFFFFFFFBF
:1095A000FFFFFFFFFFFFFFFFFFFFFFFFFFFFFFFFCB
:1095B00000000200FFFF080000001300FFFF16007C
:1095C0000300FFFF13000C001600FFFFFFFF0C005D
:1095D0000B00FFFF15000D001600FFFFFFFFFFFF50
:1095E000FFFFFFFFFFFFFFFFFFFFFFFFFFFF090080
:1095F00008000C000900FFFF07000E0002000D002C
:10960000FFFF0300FFFF160016000D00FFFFFFFF26
:10961000FFFFFFFFFFFFFFFFFFFFFFFF0A00090043
:10962000FFFFFFFFFFFFFFFF010002000800100027
:10963000000004000A00170014000800FFFFFFFFED
:109640000A00FFFFFFFF1400FFFF0A000600FFFFF4
:10965000FFFFFFFFFFFFFFFFFFFF05001200FFFFFF
:109660000D00FFFFFFFFFFFFFFFFFFFFFFFF1700E2
:109670000100020010001100FFFFFFFF03000000C7
:109680000600FFFF0100FFFF020014000D000200B2
:10969000FFFFFFFFFFFFFFFF14001000FFFFFFFFB2
:1096A000FFFFFFFFFFFFFFFFFFFFFFFF0A000800B4
:1096B00001000E00010011000900FFFFFFFFFFFF86
:1096C000080009000F001100FFFFFFFFFFFF0E0061
:1096D000FFFFFFFFFFFF0F00FFFF0C00FFFFFFFF7B
:1096E0001200FFFFFFFFFFFFFFFF0900FFFF000069
:1096F0000400FFFF1600110005000500150003001F
:10970000FFFFFFFF0B000A00FFFFFFFFFFFF0F003F
:10971000FFFFFFFFFFFFFFFFFFFFFFFF150001003F
:109720000C0015000700FFFFFFFF01000900FFFF0D
:10973000FFFF0900FFFFFFFFFFFF07000700FFFF1C
:10974000FFFFFFFFFFFF17000000020011001000E5
:10975000FFFFFFFFFFFFFFFF0F0000000900FFFFFB
:1097600010001600FFFFFFFF0400040002001000BD
:10977000FFFFFFFFFFFFFFFFFFFFFFFFFFFFFFFFF9
:109780000A00100001000300030011000900FFFFA0
:10979000FFFFFFFFFFFF090008001100FFFF0300AC
:1097A000FFFFFFFFFFFF0F00FFFF1200FFFFFFFFA4
:1097B0001200FFFFFFFFFFFFFFFF00000200FFFF9F
:1097C0000A0017001200070001000800FFFFFFFF5A
:1097D0000C00FFFF0400020001000D00FFFFFFFF6F
:1097E000FFFF0100FFFFFFFFFFFFFFFF0D00010074
:1097F000FFFFFFFFFFFFFFFFFFFFFFFF0D00FFFF6A
:109800000D00FFFF1700FFFF130008000800130002
:10981000010000000700FFFFFFFFFFFFFFFFFFFF4A
:10982000FFFFFFFFFFFF0A00080013000A0001000E
:1098300015000400FFFFFFFFFFFF0800FFFF1400FB
:1098400010000100FFFFFFFFFFFFFFFFFFFFFFFF13
:1098500014000E00FFFF060014001700FFFFFFFFBB
:10986000FFFFFFFFFFFFFFFF0900FFFF06000A00E9
:1098700003000F00110000000E00FFFF0D00FFFFAE
:10988000FFFF0C00FFFF0A000600FFFFFFFFFFFFC6
:10989000FFFF00001200FFFF0900FFFFFFFFFFFFB7
:1098A000FFFFFFFFFFFF01000200080007000000AC
:1098B00011000A00090008000800FFFF0A00FFFF6E
:1098C000FFFFFFFFFFFF080014001400FFFFFFFF72
:1098D000FFFFFFFF13000B00FFFFFFFFFFFFFFFF76
:1098E000FFFFFFFFFFFFFFFF0F0006000F0002005A
:1098F0000F0015000600FFFFFFFF0D000000FFFF37
:10990000FFFF0D000E001000FFFFFFFFFFFF08002C
:1099100015000100FFFFFFFFFFFFFFFFFFFFFFFF3D
:10992000FFFFFFFFFFFF0900080011000900FFFF14
:1099300012000B000200FFFF1200FFFFFFFFFFFFFE
:10994000FFFF0D00FFFFFFFF0A000900FFFFFFFF01
:10995000FFFFFFFF17001000020009000000FFFFDB
:10996000FFFFFFFF160011001500FFFFFFFF1000B3
:1099700003001500120004000100FFFFFFFFFFFFBE
:10998000FFFF1000FFFFFFFFFFFFFFFFFFFFFFFFD5
:10999000FFFF01000200080003000800FFFFFFFFB7
:1099A00002000600FFFFFFFFFFFF10000D00140084
:1099B0000500FFFF0C000900FFFFFFFFFFFFFFFF97
:1099C000FFFFFFFFFFFFFFFF0A00080001000E007E
:1099D00001000200FFFFFFFFFFFFFFFFFFFF03008B
:1099E000FFFF01000900FFFF000009000D00FFFF5D
:1099F000FFFFFFFFFFFFFFFFFFFF0A000100010065
:109A0000FFFF1400FFFF0400FFFF0F00FFFF0B002C
:109A10000800FFFFFFFFFFFF0600FFFFFFFFFFFF44
:109A200010000400110005001400FFFF08001100E1
:109A30000300FFFF0F00FFFFFFFF15000300FFFF04
:109A40001100FFFFFFFFFFFFFFFFFFFF0B00FFFF06
:109A5000FFFFFFFFFFFF090001000C0002000500EF
:109A600001000E001000FFFFFFFF0A00FFFF0B00C8
:109A7000FFFFFFFF110008001100FFFFFFFFFFFFC6
:109A80001300FFFF0700FFFFFFFFFFFFFFFFFFFFC8
:109A9000FFFFFFFF10000A000B0001000100110092
:109AA000FFFFFFFF1400FFFF1500FFFFFFFFFFFF99
:109AB00004000400FFFF0800FFFFFFFFFFFFFFFFA0
:109AC000FFFF0900050014001400080011000D003C
:109AD000FFFFFFFFFFFFFFFF1300FFFF1200FFFF6D
:109AE000FFFF0C0007000900FFFF0C00FFFF0D0047
:109AF000FFFFFFFFFFFFFFFFFFFFFFFF010002006F
:109B000008000300FFFFFFFFFFFF060006000A003A
:109B1000FFFF070014000900FFFF0C001500FFFF06
:109B2000FFFFFFFFFFFFFFFFFFFFFFFFFFFF100033
:109B30000400110006001400FFFF040002000600EC
:109B4000FFFF0F00FFFFFFFFFFFF0400FFFF1100FB
:109B5000FFFFFFFFFFFFFFFF08000100FFFFFFFF08
:109B6000FFFFFFFF010002000800100000000900D5
:109B7000FFFF0F0014000800FFFFFFFFFFFFFFFFC4
:109B8000FFFF0A000600FFFFFFFF03001200FFFFB8
:109B90000300FFFFFFFFFFFFFFFFFFFFFFFF0900C5
:109BA000050013001400080011000300FFFFFFFF71
:109BB000FFFFFFFF0F000500FFFFFFFF0E00FFFF8D
:109BC0000A0003001700FFFFFFFF0000FFFFFFFF79
:109BD000FFFFFFFFFFFFFFFF010002000A0003007D
:109BE000FFFFFFFFFFFF02000600FFFF10000D0058
:109BF00001000500FFFF0C000900FFFFFFFFFFFF52
:109C0000FFFFFFFFFFFFFFFFFFFF0A00080001004B
:109C10000A00000011001100FFFFFFFFFFFFFFFF20
:109C200009000F000F00FFFFFFFF0600FFFFFFFF0F
:109C3000FFFF010016000C00FFFFFFFFFFFFFFFF0B
:109C4000FFFFFFFF0D00FFFF0D00FFFF09001100E8
:109C50001500FFFFFFFF0A001600100005000000BE
:109C6000FFFFFFFFFFFFFFFFFFFFFFFFFFFF0A00F8
:109C7000100013000300FFFF15000400FFFFFFFFAB
:109C8000FFFF1400FFFF0A00FFFFFFFF08000500B1
:109C90000F001000FFFF0200FFFFFFFFFFFFFFFFAD
:109CA000FFFFFFFF00000200FFFF0800000013009D
:109CB000FFFF1600FFFFFFFF0C000C001600FFFF68
:109CC0001300FFFF01000D001600FFFFFFFFFFFF65
:109CD000FFFFFFFFFFFFFFFFFFFF0A000800130069
:109CE0000E00000001001300FFFFFFFFFFFFFFFF5A
:109CF000FFFF080003001300FFFFFFFF0A00FFFF44
:109D0000FFFF04000500FFFFFFFFFFFFFFFFFFFF56
:109D1000010002000C0010001600FFFFFFFFFFFF14
:109D20000300FFFF080006001600FFFFFFFFFFFF14
:109D3000FFFF01000800FFFFFFFFFFFFFFFF09001B
:109D4000050011000400080014000F00FFFFFFFFD2
:109D5000FFFFFFFF13000A00FFFF0D00FFFF0300DE
:109D60000100FFFFFFFFFFFFFFFFFFFFFFFF1000EE
:109D7000FFFFFFFF8071313F807131BFD1F717378F
:0C9D8000D1F717B70000003F000000BF43
:089D8C00B082FD7F0100000020
:109D9400D72735010000001000093D0000093D00EF
:109DA40000093D0000000000200000200000000029
:109DB40000000000701C0020D81C0020401D002062
:109DC400000000000000000000000000000000008F
:109DD400000000000000000000000000000000007F
:109DE400000000000000000000000000000000006F
:109DF400000000000000000000000000000000005F
:109E0400000000000000000000000000000000004E
:109E1400000000000000000000000000000000003E
:109E2400000000000000000000000000000000002E
:109E3400000000000000000000000000000000001E
:109E4400000000000000000001000000000000000D
:109E54000E33CDAB34126DE6ECDE05000B000000D2
:109E640000000000000000000000000000000000EE
:109E740000000000000000000000000000000000DE
:109E840000000000000000000000000000000000CE
:109E940000000000000000000000000000000000BE
:109EA40000000000000000000000000000000000AE
:109EB400000000000000000000000000000000009E
:109EC400000000000000000000000000000000008E
:0400000508001EB120
:00000001FF
