:020000040800F2
:1000000000800120D51E0008D11E0008CF1E000868
:10001000CF1E0008CF1E0008CF1E00080000000001
:10002000000000000000000000000000D11E0008D9
:10003000D11E000800000000D11E0008411A00086F
:10004000CF1E0008CF1E0008CF1E0008CF1E0008DC
:10005000CF1E0008CF1E0008CF1E0008CF1E0008CC
:10006000CF1E0008CF1E0008CF1E0008CF1E0008BC
:10007000CF1E0008CF1E0008CF1E0008CF1E0008AC
:10008000CF1E0008CF1E0008CF1E0008CF1E00089C
:10009000CF1E0008CF1E0008CF1E0008CF1E00088C
:1000A000CF1E0008CF1E0008CF1E0008CF1E00087C
:1000B000CF1E0008CF1E0008CF1E0008CF1E00086C
:1000C000CF1E0008CF1E0008CF1E0008CF1E00085C
:1000D000CF1E0008CF1E0008CF1E0008CF1E00084C
:1000E000CF1E0008CF1E0008CF1E0008CF1E00083C
:1000F000CF1E0008CF1E0008CF1E0008CF1E00082C
:10010000CF1E0008CF1E0008CF1E0008CF1E00081B
:10011000CF1E0008CF1E0008CF1E0008CF1E00080B
:10012000CF1E0008CF1E0008CF1E0008CF1E0008FB
:10013000CF1E0008CF1E0008CF1E0008CF1E0008EB
:10014000CF1E0008CF1E0008CF1E0008CF1E0008DB
:10015000CF1E0008CF1E0008CF1E0008CF1E0008CB
:10016000CF1E0008CF1E0008CF1E0008CF1E0008BB
:10017000CF1E0008CF1E0008CF1E0008CF1E0008AB
:10018000CF1E0008CF1E0008CF1E0008CF1E00089B
:10019000CF1E0008CF1E0008CF1E0008CF1E00088B
:1001A000CF1E0008CF1E0008CF1E0008704700BFFA
:1001B000F8B503788BB10D4D0D4E04460D2B08D0CC
:1001C0000A2B2A680AD0B2F5FF7F02DCB354013251
:1001D0002A6014F8013F002BF0D1F8BD0448002735
:1001E000875401F015FC2F60F3E700BFA801002041
:1001F000AC0100202DE9F04F87B000231F4C8DF893
:10020000143005AE4FF0140E4FF0CC37052510EB2F
:10021000010C4CF1000CA4FB0C3222F0030303EBA5
:100220009203ACEB030CB0EB0C02A2FB048961F16E
:10023000000A07FB02F208F0010304FB0A224A4409
:10024000A3FB053B814613EB0C034FEA580CB9F1B5
:100250000A0F884603F1300378F1000806F8013DE3
:100260000EF1FF3E4CEAC2704FEA5201CFD20DEBC5
:100270000E00FFF79DFF07B0BDE8F08FCDCCCCCCD2
:100280009FED337AB5EEC00A2DE9F04F20EE070A54
:10029000F1EE10FABEEE007AF6EE007AB8BFF0EE9C
:1002A000477A70EE277A87B017EE900A01F072FF56
:1002B000002984463DDB8E460023264C8DF8143001
:1002C00005AE14204FF0CC3705251CEB0E0141F193
:1002D0000001A4FB013222F0030303EB9203C91ACD
:1002E000BCEB0102A2FB04896EF1000A07FB02F2DB
:1002F00008F0010304FB0A224A44A3FB053BE14644
:100300005B184FEA5801B9F10A0FF04603F13003C8
:1003100078F1000806F8013D00F1FF3041EAC27CA7
:100320004FEA520ED1D26844FFF742FF07B0BDE852
:10033000F08F094A1368B3F5FF7F04DC581C106086
:10034000064A2D20D054DCF1000C61EB410EB3E7DE
:1003500000247449CDCCCCCCA8010020AC010020F5
:100360002DE9F04F0546D048D04F8BB02844994630
:1003700000911446DDF8508000F076FE00233B60CB
:1003800001F06CFB09F1FF3301900291052B00F2A3
:10039000A981DFE813F014012B0146015C01720111
:1003A0000600DFF830A3DFF830934FF0000B504623
:1003B00001E00AEB40100BF1010B4A46414600F008
:1003C000FDFE0BF00F005C4500EB4000F1D101F0A9
:1003D00045FB8246B6480C463035FFF7E9FE4FF044
:1003E00000080DF123008DF823508DF82480FFF7CD
:1003F000DFFEB048B04DFFF7DBFE0098FFF7D8FEF8
:10040000AE48FFF7D5FE5B468DF82480DA170DF174
:10041000240914204FF0CC3B4FF0050ECDF800A07E
:100420000394991841F10001A5FB014626F003044D
:1004300004EB9604091B5C1A9A46944662F1000389
:100440000BFB04F205FB0322A4FB053403F00106B9
:100450002244A6FB0E466418BAF10A0F4FEA530372
:1004600004F130047CF1000C43EAC27309F8014D39
:1004700000F1FF304FEA5202D3D204AB1844DDF84A
:1004800000A0039C8C4DFFF793FE8D48FFF790FE74
:1004900000233A688DF824800DF1240E142098462C
:1004A0004FF0CC3B4FF0050CCDF800A0D11841F136
:1004B0000001A5FB016727F0030606EB9706891BE1
:1004C000561A9246994663F100020BFB06F305FBB0
:1004D0000233A6FB052602F001073344A7FB0C6795
:1004E0007618BAF10A0F4FEA520206F1300679F196
:1004F000000942EAC3720EF8016D00F1FF304FEAC5
:100500005303D3D204AB1844DDF800A06A4EFFF7C2
:100510004FFE6C48FFF74CFE019B8DF82480BAEB30
:100520000301029B09AF64EB030514204FF0CC3E9E
:100530004FF0050C4A1942F10002A6FB023424F0E8
:10054000030303EB9403D21A8B1A65F100090EFB27
:1005500003F406FB0944A3FB06831C4408F00103D3
:10056000A3FB0C3989469B182A46B9F10A0F4FEABA
:10057000580803F1300372F1000207F8013D00F161
:10058000FF3048EAC4714FEA5405D3D204AB184493
:10059000FFF70EFE4C484D4FFFF70AFE01F05EFAE2
:1005A000002604460D4601F059FA001B61EB0501D7
:1005B000874276EB0101F6D20BB0BDE8F08FDFF891
:1005C00014A1DFF818814FF0000B504601E00AEB50
:1005D000401000F0F7FC0BF1010B0BF00F005C4535
:1005E00088ED000A00EB4000F1D1F0E6DFF8EC8086
:1005F000374EDFF8ECA04FF0000B4FF06409AAFB78
:100600000B30400909FB10B000EB400006EB401036
:1006100000F0D8FC0BF1010B5C4588ED000AEED12F
:10062000D5E6DFF8B0A0DFF8B0804FF0000B504601
:1006300001E00AEB40100BF1010B414600F032FDE6
:100640000BF00F005C4500EB4000F2D1BFE6DFF895
:1006500084A0DFF884804FF0000B504601E00AEBE5
:1006600040100BF1010B414601F014F80BF00F00A4
:100670005C4500EB4000F2D1A9E6DFF858A0DFF8B6
:1006800058904FF0000B504601E00AEB40100BF180
:10069000010B4A46414600F049FF0BF00F005C4554
:1006A00000EB4000F1D192E6D7273501641C002011
:1006B000542B00085C2B0008CDCCCCCC642B00085C
:1006C0006C2B0008782B0008802B0008FF083D00E9
:1006D000382C0008B85100084401002040010020D7
:1006E0001F85EB514FF0000B4FEAE87601F0B6F9A9
:1006F00081468A4601F0B2F9B0EB090061EB0A01CC
:100700004045B141F6D30BF1010B5C45EED15EE6FD
:100710002DE9F04F2DED028B01208DB001F0CEF8C8
:1007200001F09CF9B54E04460D4601F097F9001B07
:1007300061EB0501B04271F10001F6D3B04BB14A53
:100740001A6000F0D7FCB048B04F9FEDB18AB14CB1
:10075000FFF72EFD002141F62860FFF74BFDAE4864
:10076000FFF726FD0021C820FFF744FDAB48FFF747
:100770001FFDAB480021FFF73DFDAA48FFF718FD1C
:100780004FF00008C146BA464646A749A64D504616
:1007900000F088FCA548FFF70BFD4FF0000219EBB5
:1007A00006038DF82C202CBF012200221344A4FB49
:1007B000032121F0030202EB91029B1AB9EB030320
:1007C00066F10001A3FB043204FB01225B0843EA4B
:1007D000C27303EB8303A9EB43033033B9F10A0F70
:1007E0008DF82B3076F1000323BF31238DF82A30AA
:1007F0001220132006AB1844FFF7DAFC8C48FFF7F1
:10080000D7FC504600F0DEFBFFF73AFD8948FFF7C2
:10081000CFFC0027CDF808A0CDF81490B246D5ED56
:10082000007AF5EEC07AF1EE10FAFEEE006A67EE9D
:10083000887AB6EE007AB8BFB0EE667A77EE877A3D
:1008400017EE900A01F0A6FC002903460A4650DB89
:10085000CDE903574FF00001029E8DF82C100DF1E9
:100860002C0914204FF0CC3B4FF00508991841F1AA
:100870000001A4FB015727F0030505EB9705491B71
:100880005D1A9E46944662F100030BFB05F204FBE1
:100890000322A5FB043503F001072A44A7FB0857F0
:1008A0006D18BEF10A0F4FEA530305F130057CF1D4
:1008B000000C43EAC27309F8015D00F1FF304FEA12
:1008C0005202D3D2DDE9035706AB18440137029632
:1008D000FFF76EFC182F1BD0574B1B68B3F5FF7F3B
:1008E00005DC56492C22CA54534A0133136004359F
:1008F00095E7514A1268B2F5FF7F05DC4F4E2D2077
:10090000B0544D48013202605B4261EB41029FE707
:10091000DDF8149043485646DDF808A0FFF748FC80
:1009200019F101039946464B0AF1600A46F10006A7
:100930009A457FF42AAF4348FFF73AFC00F09CFB4E
:10094000FFF79EFC4048FFF733FC404B93ED000A55
:10095000FFF796FC3348FFF72BFC0024304B3C4953
:1009600000930025002301222046FFF7F9FC3949B6
:10097000009501234FF4FA622046FFF7F1FC364957
:10098000009502234FF47A722046FFF7E9FC3349C1
:1009900000950323C8222046FFF7E2FC304900956A
:1009A0000423C8222046FFF7DBFC41F288332D499F
:1009B0000093032205232046FFF7D2FC15232A4982
:1009C0000093032206232046FFF7CAFCD2232749BF
:1009D0000093012206232046FFF7C2FC4FF4036375
:1009E00000932349062301222046FFF7B9FC0CB9E6
:1009F0000124B3E71F48FFF7DBFBFEE70048E801EF
:100A0000601C0020AD010008842B0008B8510008CC
:100A100000247449CDCCCCCC982B0008A02B000826
:100A20000024F400802B000844010020A82B0008BB
:100A3000B02B0008B42B0008A8010020AC01002056
:100A4000B8570008BC2B0008C42B00083412002043
:100A5000CC2B0008D42B0008E02B0008EC2B00085E
:100A6000F82B0008042C0008102C00081C2C00088F
:100A7000282C0008342C000838B5194B33F91030F5
:100A8000002B2DED048B044621DB164B164D33F95C
:100A9000100005EB800393ED009AFFF7EDFF134B79
:100AA00033F9140005EB8003F0EE408A93ED008AE1
:100AB000FFF7E2FF28EE008A05EB8405A9EE288AFD
:100AC000D5ED007A88EE270ABDEC048B38BDBDEC6D
:100AD000048B074B03EB800393ED000A38BD00BF86
:100AE0004861020858AC0108C87E00080870010877
:100AF00068F700082DE9F04F2DED068B85B09FEDCE
:100B0000C08A149EDDF854800391B146F0EE408A0D
:100B1000B0EE609A05469B469246464609F10104AE
:100B20000BEB04174FEA041842465946384601F0C9
:100B300097FAA8F1100E47F80E60BE44CEED018A78
:100B40008EED029AB9F1000F40F095804FF07E5380
:100B5000CEF80C304FF0FF3CAA4B33F91560002E55
:100B6000C0F2C080A84BA94A03EB8503D3ED007AFD
:100B700032F915000AEB860393ED007AA44BB4EE2C
:100B8000E77A33F91530F1EE10FA98465CBF8046EB
:100B90001846A04BAD001D4403EB800295ED00AA62
:100BA000D2ED007A03EB8803B9F1000F87EE8A0AD1
:100BB0004FF00005D3ED00AA03DA06E00135A945A0
:100BC00003DB2B01FB58B342F8D1AC4200F00281A9
:100BD00007EB0512D2ED019A9EED037AD2ED020ADF
:100BE000BCF1000F20EE290A0CF1010B41DB07EEEE
:100BF000904A07EB0C11F8EEE75A5B4616E006EE5A
:100C0000103AB8EEC66A27EE257A26EE206A103929
:100C100087EE065A013B29EE857A81ED075A67EE89
:100C2000277A87EEA57A36EEC77A17D0A4EB030CA5
:100C300007EE90CAF5EE400AF1EE10FAD1ED036A24
:100C4000F8EEE77ADBD165EEA66A69EEA77A10398D
:100C500086EEA75A013B81ED075AE7D1A94508DD89
:100C6000536953609369936013691360103296451A
:100C7000F6D15D46B2E0B9F1010C8EED038A3FF585
:100C80006BAF07EE104A0BEB491BDBED077AF8EE72
:100C9000C75A72464B4612ED017A06EE903A29EE9B
:100CA000076AB8EEE65A68EE876A26EE056AE11A28
:100CB00086EE257A013BA2F1100277EE277A07EE45
:100CC000101AB8EEC77AC2ED077A27EE267AC7EE79
:100CD000257AC2ED037ADED14A4B33F91560002E36
:100CE000BFF640AF4E46002EDDF80CA06DDD4A4B3E
:100CF00003EB8503D3ED003A07EB0C15A9EB0C00D1
:100D0000BCF1000F97ED066AD7ED054A9EED037A18
:100D1000DFED3B5A49DB03462A4622E007EE901AF4
:100D200006EE904AF8EEE77AF8EEE66A67EE867A23
:100D300027EE267A87EE275A07EE903AF8EEE77A02
:100D400092ED037A87EEA64A65EE647A75EE855ACF
:100D5000A4EE277A9E4203F10101A2F1100224D0F1
:100D60000B46B5EE406AF1EE10FAA4EB0301D5D1C3
:100D7000F5EE404AF1EE10FAECD0D2ED037A87EEB0
:100D8000A44A9E4203F10101A2F1100207EE903A3B
:100D9000F8EEE76A07EE904AF8EEE77A86EEA75A91
:100DA000C4EE057A75EEA75ADAD157F8103F36EE41
:100DB000646A0AEB8303D3ED007A26EE256ABE450A
:100DC000E6EE237AC3ED007A9AD105B0BDEC068B2E
:100DD000BDE8F08FF7EE000AF0EE609ACDE900561C
:100DE00003999FED079A3B465246FFF783FECAEEF2
:100DF0008A8AA946BB46454668EEA98A8EE600BFA8
:100E00000000000048610208A8E8010858AC010889
:100E100008700108C87E000868F700082DE9F04F47
:100E20002DED028BDFF894A19FED617A68220346D5
:100E300000FB02F29FB008461D460AEB0204514631
:100E4000D1ED007A0E4677EE877A6831A142C6ED81
:100E5000007AF5D1DFF860B19FED568A0093CDE9B5
:100E600001520027D94603900024D446A742BCEC87
:100E7000010A5E464846DE4607F101081FD0734668
:100E800093ED007AC0EE077A0134054644450EF131
:100E9000680E06F16406E5EC017A23D0BCEC010A89
:100EA00031464B4693ED007AF1EC017A9842A7EE79
:100EB000670A03F10403F5D1A7422846DFD1B4EE57
:100EC000C80AF1EE10FAD8BF9FED3A0A01F09CFC77
:100ED00007EB8703384A03EB8303234402EB8303C6
:100EE00083ED000A009B43450AF1640A09F1640995
:100EF00001D04746B8E7DDE90152DFF8C490009B16
:100F00000398F9EC017ADFF8B0C0CDE900520DF199
:100F1000140E744600265A46D2ED006A87EEA67A71
:100F2000B742A2460BF1680B0CF1640C04F1040407
:100F300006F1010604ED017A0ED0F9EC017A724651
:100F4000654692ED007AF5EC016A9245E6EEC77AC5
:100F500002F10402F5D1DEE7DDE90052164900EBAB
:100F60008300683A8E180EEB83030446454573ED03
:100F7000017A0BDA02463146B2EC017AD1ED196AF8
:100F8000944201F16401E6EEC77AF5D13246D2ED22
:100F9000006A87EEA67A7345A6F1680605F1FF356B
:100FA00020ED017AE2D11FB0BDEC028BBDE8F08FDD
:100FB00017B7D138CCBC8C2B100400209C12002019
:100FC000381200201F49204A0B68DFED207A2DE9F6
:100FD000F04101330446DFF88CE01D4D1D481E4FE3
:100FE0001E4E0B6002F5C87C0921002932F9023B34
:100FF00014DB05EB830804EB8101D1ED006A98ED69
:10100000007AF4EEC76AF1EE10FA4CBF36F91330ED
:1010100037F9133030F913100029EADA0EEB8303A5
:1010200093ED007A944577EE877A04D0B2F90030D8
:1010300030F91310D9E79FED0A0A37EEC00ABDE870
:10104000F08100BF641C0020387D00080000000013
:10105000A8E80108486102080870010858AC0108B6
:101060001E0E354068F70008024B012838BF0120EA
:10107000186070470000002008B5084A9FED087A04
:1010800002F5C87132F9020FFFF7F6FC8A4237EE1B
:10109000007AF7D1B0EE470A08BD00BF367D0008E0
:1010A0001E0E35C02DE9F0470D4682B0064660227F
:1010B000002128460D4CDFF8388000F07FFF4FF00C
:1010C000FF3A04F5C879002734F9020FF7EE000A59
:1010D000CDE9007AB0EE600A434632462946FFF772
:1010E00009FD4C45F0D102B0BDE8F087367D00081F
:1010F000340E00202DE9F043244C9FED256ADFF8E3
:10110000B4E0DFF8B4C0234D2348DFED245A244F68
:10111000244E04F51658244ADFED1D7A09210029D2
:1011200032F9023B14DB05EB830904EB8101D1EDBD
:10113000006A99ED007AF4EEC76AF1EE10FA4CBF3E
:1011400036F9133037F9133030F913100029EADA81
:101150000CEB830393ED007A964577EE877A04D003
:10116000B2F9003030F91310D9E777EEE57A603440
:10117000A04536EE276ACED19FED0C7A0C4BC6EE19
:10118000077AC3ED007ABDE8F08300BFB8570008C6
:1011900000000000A8E80108486102081E0E354062
:1011A0000870010858AC0108387D00080000C842EA
:1011B00034120020C87E000868F700082DE9F04FBF
:1011C0002DED028BBDB0CDE90301DFEDC36A904682
:1011D0000123B3EE077AC3F1180206EE103A07EEC8
:1011E000902AB8EEC66AF8EEE77A013367EE867A9F
:1011F000182B87EE276A76EE866AECD19FEDB67AD9
:10120000B64BB3EE076A172407EE904AC4F11802F2
:10121000F8EEE75A07EE902AF8EEE77A013C67EE1F
:10122000A57AC6EE275AC5EEA67A37EE277AA3EC42
:10123000017AE9D10398FFF7C5FE40F6C4122146B2
:10124000A748B0EE408A00F0B9FEA64864222146C5
:1012500000F0B4FE049B002B40F33A81A24B0194B2
:10126000A24FA34EA34DA44C0293019B13F0010384
:1012700034D00DF1170212F8013FB3FA83F35B0982
:1012800013700DF12F039342F5D19C4BDFED926A61
:1012900018689FED9B6ADFF888929A4A9A4B0590EE
:1012A0000DF1170ADDF80CC00DF1300E484651461D
:1012B000CB460BE0DCF800904EF8049B0DF12F09B3
:1012C00089450CF1040C00F1040054D011F8019F81
:1012D000B9F1000FEED1D0F80090EDE7DFF84492BD
:1012E0007E49D9F8002082EA423282EA524282EAFA
:1012F0004212C9F80020120A07EE902A4FF0010AA4
:10130000FAEEC47A04E00AF1010ABAF1170F06D026
:10131000B1EC017AB4EEE77AF1EE10FAF3D41822C8
:1013200000210DEB0200059300F048FED9F80010F3
:10133000059B00204FF0010C12E082EA4211734A33
:10134000A2FB0102120902EB4202A1EBC202F0323F
:101350006A44012012F8D8ECBEF1000F00F0B4800E
:1013600081EA4132534582EA5242E6D100288CD0CC
:10137000C9F8001089E79FED587ADFF8ACE1D9464B
:10138000092100293EF9020B16DB0DF1300B02EBAF
:10139000800C0BEB8101D1ED005ADCED007AF4EE0C
:1013A000E75AF1EE10FA4CBF34F9100035F910008D
:1013B00033F910100029E8DA06EB8000D0ED007A4E
:1013C000774537EE277A04D0BEF9001033F91110B3
:1013D000D7E74F4937EE467A09F16009494576EE7D
:1013E000876A7FF45DAF9FED4B7A029B059893ED82
:1013F000006A9DF82F30414AC6EE877A07EE103A10
:1014000078EE465AB8EEC75A77EEC67A00F1640312
:10141000E5EE657A13600DF12E02F8EE476A24AB13
:101420001AF8011F07EE101AB8EE477A524537EE48
:10143000667AA3EC017AF3D12A4A294824AB92EDCB
:10144000007AD3ED006AA7EEA67A994624A9043360
:10145000A2EC017A84469CED007A91ED006AA6EE3A
:10146000867A894501F10401ACEC017AF3D12A496D
:10147000914200F16400E2D1284B1B6803B1984708
:10148000019B049A01339A4201937FF4EEAE4146E8
:101490001720FFF7C3FC9FED107A434608F15C026A
:1014A000F3EC017A934237EE277AF9D1029BD3ED20
:1014B000007A78EE677A77EEC77AC8ED177A3DB092
:1014C000BDEC028BBDE8F08F02F8D8CC034447E7AF
:1014D000054B0293DBE700BF00000000D80D0020A1
:1014E0009C1200203812002034120020C87E000810
:1014F00068F700080870010858AC0108641C002057
:101500001E0E3540A8E8010848610208ABAAAAAA45
:10151000387D00080000C84294120020601C0020A2
:10152000B857000800000020387D00082DE9F04F72
:101530000D46B5B00021064693464F4840F6C4120A
:1015400000F03CFD4D486422002100F037FD002DE5
:1015500040F38A80DFF834A1494FDFF83481CDF8B9
:1015600004B04FF000091BACDAF80030454A83EABA
:10157000433383EA534383EA4313A2FB0320400926
:10158000642202FB103000EB400007EB401003A97F
:10159000B446A3464FF0000E83EA433383EA534335
:1015A00083EA4313DA0F14BF9CED007A90ED007AC2
:1015B00007EE902AA1EC017AF8EEE77A82F00102B8
:1015C0008C42EBEC017A96440CF1040C00F104001F
:1015D000E2D107EE90EAF8EEE77AF3EE086A87EEDA
:1015E000A67ACAF800304FF07E533393DFF888B004
:1015F000B6EE020A27EE477A87EE000A01F026F9D6
:1016000003A8B0EE406AFFF7DDFCDFF870E0A44607
:10161000DCED006ADEED007A66EE266A6046E0EEFA
:10162000267A0CF1040C23465946EEEC017AD1EDF2
:10163000007A93ED007AE6EE877A984203F104038C
:10164000E1EC017AF3D1F0450BF1640BE0D10E4BE4
:101650001B681BB15FFA89F202B9984709F10109C9
:101660004D4581D1DDF804B05946192035B0BDE8AB
:10167000F04FFFF7D3BB00BF9C12002038120020B0
:10168000B85700081F85EB51601C002000000020A7
:101690009C1200202DE9F04F474C2DED028B236862
:1016A0009DB081460D46002B69D0444EDFF82CB129
:1016B000DFF83481424C4846FFF784FC60224946FB
:1016C00004A8B0EE408A00F0CBFC3E4BDFED3E6A52
:1016D0001A68DFF818C13D48DFF814E10195294682
:1016E0000DF1100A35465BF8043B4AF8043BCDE99E
:1016F000029A9FED377A374E0923002B36F9029B69
:1017000015DB04AF0CEB890A07EB830393ED006A4A
:10171000DAED007AB4EEE76AF1EE10FA4CBF3EF96A
:10172000199034F9199030F91930002BE9DA2A4B65
:1017300003EB8909D9ED007AB04537EE277A04D05A
:10174000B6F9003030F91330D7E777EE667A019BAF
:10175000DDE9029A78EE677A5D45E3EC017A019360
:1017600059F8043B4AF8043CBDD1164BC1ED177A39
:1017700018321A601DB0BDEC028BBDE8F08F17491E
:10178000174ADFED186A01F16006DFED117AA2F564
:101790001653184690ED007A6033934277EE877ABD
:1017A000F7D187EEA67A1A1DA1EC017AB142ECD1ED
:1017B000012323607AE700BF0C0400200C04002002
:1017C00008700108641C00201E0E354048610208A4
:1017D00000000000387D000868F70008AC03002016
:1017E000387D00080000C842C87E0008A8E801084B
:1017F00058AC010810B540F68110274C00F0E6FA0D
:1018000040F60E4000F0E2FAC023204603220021F9
:1018100000F090F92046C022072100F0A6F92046EA
:10182000C0230022022100F065F9C02320460322D4
:10183000012100F07FF92046C022072100F095F930
:101840002046164CC0230122022100F053F9204605
:101850004FF4E13100F0D2FA2046082100F0F4FA0A
:101860002046002100F0F9FA20460C2100F001FB8F
:101870002046002100F0F7FA0021204600F0FFFA90
:10188000204600F012FB204600F014FB2046BDE885
:10189000104000F0FABA00BF0004004800380140D0
:1018A00008B5042000F072FB6FF07F4000F062FB8F
:1018B00000F076FBBDE8084000F079BB10B50128C8
:1018C00082B06FD0022000F0D5F9022000F0A6F916
:1018D000484C4949494A4A4B236000200B60136039
:1018E00000F056FA002000F049FA002000F03CFA1F
:1018F000002000F0F7F9002000F064F90446002809
:10190000F9D103460A220121CDE90000022000F0AE
:1019100049FA204600F0AEF9204600F07FF900F0C9
:10192000D9F800F0DFF8042000F0CAF800F0C0F8A1
:10193000032000F00FFA204600F078F9314C032024
:1019400000F098F9032000F069F9236823F0F80308
:1019500043F0B8032360032000F060F9D4F8883026
:1019600043F04063C4F8883040F6921000F02EFA3D
:10197000254C00F039FAFFF73DFF042000F006FB8C
:101980006FF07F4000F0F6FA00F00AFB00F00FFB6A
:10199000D4E90001D4E900238B4208BF8242F9D088
:1019A00002B010BD0446022000F064F9022000F0ED
:1019B00035F91048154B1049104A036000200B60A0
:1019C000136000F0E5F9002000F0D8F9002000F0E5
:1019D000CBF900F07FF800F085F8002000F070F8F7
:1019E00000F066F8204600F0B5F9022000F01EF97C
:1019F000A4E700BF100000200C0000200800002019
:101A000000B4C40400100240681C00200024F4004C
:101A1000017879B138B5094D0446284600F03AFA04
:101A200014F8011F0029F8D1BDE8384003480A2105
:101A300000F030BA01480A2100F02CBA0038014009
:101A400010B4054CD4E90023501C43F10001C4E953
:101A500000015DF8044B7047681C002070B50B4E08
:101A6000D6E9004500F08CFAD6E90023AB4208BF66
:101A7000A242F5D1621C45F1000113060906181AAD
:101A800041EA122161F1000170BD00BF681C002015
:101A9000024A0346106803441360704704000020A4
:101AA0006846024B1B68C01A704700BF0400002044
:101AB000024A136843F480731360704700200240A9
:101AC000034A136823F0070303431360704700BF02
:101AD00000200240024A136843F480631360704799
:101AE00000200240024A136843F4007313607047F9
:101AF000002002402DE9F0410568C46800264FF03F
:101B0000030E43FA06F7FF070DD577000EFA07FC20
:101B100001FA07F825EA0C0524EA0C0402FA07F793
:101B200048EA05053C430136102EEAD10560C46041
:101B3000BDE8F081012941680CBF19439943F0B514
:101B4000416081680024032643FA04F5ED0707D5B8
:101B5000650006FA05F721EA070102FA05F52943AF
:101B60000134102CF0D18160F0BDF0B5066A456AF1
:101B700000234FF00F0C42FA03F4E70707D59C004F
:101B80000CFA04F726EA070601FA04F426430133A7
:101B9000082BF0D100234FF00F0C03F1080442FA98
:101BA00004F4E40707D59C000CFA04F725EA0705BE
:101BB00001FA04F425430133082BEED10662456295
:101BC000F0BD0000062825D8DFE800F004090E1358
:101BD000181C2000104B1868C0F3406070470E4B73
:101BE0001868C0F3404070470B4B1868C0F3802062
:101BF0007047094B1868C0F340007047064BD3F894
:101C00009000F8E7044BD3F89400F4E7024BD3F8C4
:101C10009800F0E7002070470010024008B5024627
:101C20001046FFF7CFFF0028FAD008BD032808D8D8
:101C3000DFE800F0160F08020D4A936813F00C0F4E
:101C4000FBD170470A4A936803F00C03042BFAD1C6
:101C50007047074A936803F00C03082BFAD17047CA
:101C6000034A936803F00C030C2BFAD1704700BFB2
:101C700000100240062831D8DFE800F0040A0F14F3
:101C800019212900164A136843F0807313607047C6
:101C9000134A136843F48033F8E7114A136843F496
:101CA0008073F3E70E4A136843F00103EEE70C4A32
:101CB000D2F8903043F00103C2F890307047084AE0
:101CC000D2F8943043F00103C2F894307047044ACC
:101CD000D2F8983043F00103C2F89830704700BF43
:101CE00000100240062831D8DFE800F0040A0F1483
:101CF00019212900164A136823F080731360704776
:101D0000134A136823F48033F8E7114A136823F465
:101D10008073F3E70E4A136823F00103EEE70C4AE1
:101D2000D2F8903023F00103C2F890307047084A8F
:101D3000D2F8943023F00103C2F894307047044A7B
:101D4000D2F8983023F00103C2F89830704700BFF2
:101D500000100240034A936823F003030343936097
:101D6000704700BF00100240034A936823F4605399
:101D700043EAC0239360704700100240034A93680F
:101D800023F4E06343EA00239360704700100240AD
:101D9000034A936823F0F00343EA0013936070470B
:101DA0000010024010B5039C0139640644EA011496
:101DB0000299044344EA41541C4344EA0224024B7E
:101DC00044F08074DC6010BD00100240430903F150
:101DD000804303F5043300F01F001968012282409C
:101DE0000A431A6070470000034AD2F8003843F0F3
:101DF0000403C2F8003870470000065010B50E4CBE
:101E00000E4BA0421B684FEA510206D10C4B1B68D7
:101E10001344B3FBF1F1C1600DE00A4CA042F7D1CD
:101E2000B3FBF1F401FB143302EB0322B2FBF1F23A
:101E300002EB0422C26010BD003801400C000020FB
:101E40000800002000800040036808290CBF23F42C
:101E5000805343F4805303607047436823F4405336
:101E60000B4343607047036823F4C0630B43036074
:101E70007047036823F00C030B43036070478368CB
:101E800023F440730B4383607047036843F00103FE
:101E90000360704738B504460D4600F014F8294633
:101EA0002046BDE8384000F00AB8036823F020035C
:101EB00003607047036823F0800303607047C1F339
:101EC000080181627047C3691B06FCD57047FEE7B5
:101ED0007047000038B51D4A1D4B1E498B4220D368
:101EE0001D4A0021934221D34FF0E0231B4CD3F82D
:101EF000142D1B4D42F40072C3F8142DD3F8882D15
:101F000042F47002C3F8882DAC4212D3154C164D22
:101F1000AC4212D3FEF7FCFB144C154DAC4210D36F
:101F200038BD52F8040B43F8040BD7E743F8041B01
:101F3000D8E754F8043B9847E6E754F8043B984741
:101F4000E6E754F8043B9847E8E700BFB89D02086D
:101F50000000002040010020AC1D0020B09D0208C0
:101F6000B09D0208B09D0208B09D0208B09D020815
:101F7000B09D02084FF0E02320F07F405861704789
:101F80004FF0E023986920F07F4070474FF0E02247
:101F900000F00400136923F0040303431361704746
:101FA0004FF0E022136943F00203136170474FF0D2
:101FB000E022136943F0010313617047830730B5D2
:101FC00047D0541E002A3ED0CAB2034601E0013C6D
:101FD00039D303F8012B9D07F9D1032C2CD9CDB2AD
:101FE00005EB05250F2C05EB054535D9A4F11002AD
:101FF00022F00F0C03F1100EE6444FEA121C1A46B1
:10200000C2E90055C2E9025510327245F8D10CF10F
:10201000010214F00C0F03EB021204F00F0C13D0AA
:10202000ACF1040323F003030433134442F8045BCC
:102030009342FBD10CF003042CB1C9B21C4403F849
:10204000011BA342FBD130BD64461346002CF4D1E2
:10205000F9E703461446C0E71A46A446E0E700BF86
:10206000844641EA000313F003036DD1403A41D3A3
:1020700051F8043B40F8043B51F8043B40F8043B62
:1020800051F8043B40F8043B51F8043B40F8043B52
:1020900051F8043B40F8043B51F8043B40F8043B42
:1020A00051F8043B40F8043B51F8043B40F8043B32
:1020B00051F8043B40F8043B51F8043B40F8043B22
:1020C00051F8043B40F8043B51F8043B40F8043B12
:1020D00051F8043B40F8043B51F8043B40F8043B02
:1020E00051F8043B40F8043B51F8043B40F8043BF2
:1020F000403ABDD2303211D351F8043B40F8043B92
:1021000051F8043B40F8043B51F8043B40F8043BD1
:1021100051F8043B40F8043B103AEDD20C3205D3A1
:1021200051F8043B40F8043B043AF9D2043208D099
:10213000D2071CBF11F8013B00F8013B01D30B880B
:1021400003806046704700BF082A13D38B078DD0E9
:1021500010F003038AD0C3F10403D21ADB071CBFBB
:1021600011F8013B00F8013B80D331F8023B20F825
:10217000023B7BE7043AD9D3013A11F8013B00F85E
:10218000013BF9D20B7803704B7843708B788370E6
:102190006046704707EE900AF5EEC07AF1EE10FA4D
:1021A00001D400F00BB8F1EE677A08B517EE900A8B
:1021B00000F004F8404261EB410108BDD0B500F0E9
:1021C000ABFA0C4B002206460F4600F017F800F061
:1021D000FBFA044600F07EFA074B002200F00EF8EE
:1021E00002460B463046394600F036F900F0ECFA6C
:1021F0002146D0BD0000F03D0000F04170B54FF029
:10220000FF0C4CF4E06C1CEA11541DBF1CEA135582
:1022100094EA0C0F95EA0C0F00F0DEF82C4481EAEA
:10222000030621EA4C5123EA4C5350EA013518BF0A
:1022300052EA033541F4801143F4801338D0A0FBF7
:1022400002CE4FF00005E1FB02E506F00042E0FBA4
:1022500003E54FF00006E1FB03569CF0000F18BFAA
:102260004EF0010EA4F1FF04B6F5007F64F5407452
:1022700004D25FEA4E0E6D4146EB060642EAC621E5
:1022800041EA55514FEAC52040EA5E504FEACE2E52
:10229000B4F1FD0C88BFBCF5E06F1ED8BEF1004F55
:1022A00008BF5FEA500E50F1000041EB045170BDD1
:1022B00006F0004646EA010140EA020081EA030115
:1022C000B4EB5C04C2BFD4EB0C0541EA045170BD11
:1022D00041F480114FF0000E013C00F3AB8014F18B
:1022E000360FDEBF002001F0004170BDC4F10004D4
:1022F000203C35DA0C341BDC04F11404C4F1200555
:1023000000FA05F320FA04F001FA05F240EA0200AF
:1023100001F0004221F0004110EBD37021FA04F6E5
:1023200042EB06015EEA430E08BF20EAD37070BD9F
:10233000C4F10C04C4F1200500FA04F320FA05F0FE
:1023400001FA04F240EA020001F0004110EBD37000
:1023500041F100015EEA430E08BF20EAD37070BD70
:10236000C4F1200500FA05F24EEA020E20FA04F349
:1023700001FA05F243EA020321FA04F001F00041F8
:1023800021FA04F220EA020000EBD3705EEA430E69
:1023900008BF20EAD37070BD94F0000F0FD101F098
:1023A0000046400041EB010111F4801F08BF013CD1
:1023B000F7D041EA060195F0000F18BF704703F00F
:1023C0000046520043EB030313F4801F08BF013D96
:1023D000F7D043EA0603704794EA0C0F0CEA135552
:1023E00018BF95EA0C0F0CD050EA410618BF52EA0C
:1023F0004306D1D181EA030101F000414FF0000012
:1024000070BD50EA410606BF1046194652EA43061F
:1024100019D094EA0C0F02D150EA013613D195EA93
:102420000C0F05D152EA03361CBF104619460AD1DB
:1024300081EA030101F0004141F0FE4141F47001E5
:102440004FF0000070BD41F0FE4141F4780170BDD5
:1024500081F0004102E000BF83F0004330B54FEA55
:1024600041044FEA430594EA050F08BF90EA020FC2
:102470001FBF54EA000C55EA020C7FEA645C7FEA55
:10248000655C00F0E2804FEA5454D4EB5555B8BF78
:102490006D420CDD2C4480EA020281EA030382EAE9
:1024A000000083EA010180EA020281EA0303362D7B
:1024B00088BF30BD11F0004F4FEA01314FF4801C4E
:1024C0004CEA113102D0404261EB410113F0004F60
:1024D0004FEA03334CEA133302D0524263EB430317
:1024E00094EA050F00F0A780A4F10104D5F1200EB5
:1024F0000DDB02FA0EFC22FA05F2801841F1000110
:1025000003FA0EF2801843FA05F359410EE0A5F1E3
:1025100020050EF1200E012A03FA0EFC28BF4CF014
:10252000020C43FA05F3C01851EBE37101F00045CA
:1025300007D54FF0000EDCF1000C7EEB00006EEBD7
:102540000101B1F5801F1BD3B1F5001F0CD3490861
:102550005FEA30004FEA3C0C04F101044FEA4452B8
:1025600012F5800F80F09A80BCF1004F08BF5FEA3F
:10257000500C50F1000041EB045141EA050130BD1F
:102580005FEA4C0C404141EB0101013C28BFB1F531
:10259000801FE9D291F0000F04BF01460020B1FA7C
:1025A00081F308BF2033A3F10B03B3F120020CDA4F
:1025B0000C3208DD02F1140CC2F10C0201FA0CF02D
:1025C00021FA02F10CE002F11402D8BFC2F1200C92
:1025D00001FA02F120FA0CFCDCBF41EA0C01904048
:1025E000E41AA2BF01EB0451294330BD6FEA040491
:1025F0001F3C1CDA0C340EDC04F11404C4F120027C
:1026000020FA04F001FA02F340EA030021FA04F38D
:1026100045EA030130BDC4F10C04C4F1200220FAE4
:1026200002F001FA04F340EA0300294630BD21FA22
:1026300004F0294630BD94F0000F83F4801306BFE8
:1026400081F480110134013D4EE77FEA645C18BFDC
:102650007FEA655C29D094EA050F08BF90EA020F73
:1026600005D054EA000C04BF1946104630BD91EA6B
:10267000030F1EBF0021002030BD5FEA545C05D16E
:102680004000494128BF41F0004130BD14F58004AD
:102690003CBF01F5801130BD01F0004545F0FE4121
:1026A00041F470014FF0000030BD7FEA645C1ABF56
:1026B000194610467FEA655C1CBF0B46024650EA8D
:1026C000013406BF52EA033591EA030F41F40021B9
:1026D00030BD00BF90F0000F04BF0021704730B53F
:1026E0004FF4806404F132044FF000054FF0000114
:1026F00050E700BF90F0000F04BF0021704730B5D5
:102700004FF4806404F1320410F0004548BF4042A9
:102710004FF000013EE700BF42004FEAE2014FEAFE
:1027200031014FEA02701FBF12F07F4393F07F4FD9
:1027300081F06051704732F07F4208BF704793F0DC
:102740007F4F04BF41F40021704730B54FF46074EF
:1027500001F0004521F000411CE700BF50EA0102F2
:1027600008BF704730B54FF000050AE050EA01029B
:1027700008BF704730B511F0004502D5404261EB0B
:1027800041014FF4806404F132045FEA915C3FF44C
:10279000D8AE4FF003025FEADC0C18BF03325FEAE9
:1027A000DC0C18BF033202EBDC02C2F1200300FA9A
:1027B00003FC20FA02F001FA03FE40EA0E0021FABF
:1027C00002F11444BDE600BF4A0011D212F5001216
:1027D00011D20DD56FF47873B3EB62520ED44FEA79
:1027E000C12343F0004343EA505323FA02F07047F9
:1027F0004FF00000704750EA013002D14FF0FF3037
:1028000070474FF00000704708B52DED028BB0EE19
:10281000408A00F061F8B4EE488AF1EE10FA06D66C
:10282000DFED098AB4EEE88AF1EE10FA02D4BDECCD
:10283000028B08BD00F088F988EEA80ABDEC028B77
:102840002123036008BD00BF0000000008B52DED86
:10285000028BB0EE408A00F043F8F0EE408AB0EE12
:10286000480A00F02FF868B1DFED127AB4EEE78A7B
:10287000F1EE10FA0BDCDFED107AB4EEE78AF1EE40
:1028800010FA0FD4B0EE680ABDEC028B08BDDFED84
:102890000B8A00F059F9B0EE680ABDEC028B2223D6
:1028A000036008BD00F050F92223DFED058A0360C4
:1028B000E8E700BF1772B142B5F1CFC20000807FD8
:1028C0000000000010EE103A23F00040B0F1FF4F7E
:1028D000ACBF002001207047B1EEC00A704700BFB6
:1028E00010EE103A23F00042B2F1FF4F53D84FEAF6
:1028F000D37100F092806148834200F38480002B02
:10290000C0F284805E4B9A4248D95E4B9A4200F2F4
:1029100097805D4A02EB8102D2ED004AD2ED027A45
:1029200081F0010370EE644A5B1A34EEE70ADFEDD2
:10293000576A9FED575ADFED575A9FED576A20EEC1
:10294000007AA7EE265ADFED556AE5EE075AE5EE66
:10295000876AA6EE876AF0EE406AE6EE476A20EEE6
:10296000266A002B42D0B0EE007A37EE667AB7EED8
:10297000000AC6EE076A13F17D0F77EEE67A77EE6E
:10298000E47A30EE670A4FDB10EE102A02EBC353F5
:1029900000EE103A704730EE000A7047B2F1505F17
:1029A0000AD2DFED3F7A70EE277AB7EE007AF4EEC6
:1029B000C77AF1EE10FA5DDC60EE007A9FED337AB3
:1029C000DFED335A9FED336ADFED346AE7EE875A65
:1029D0009FED317AA7EEA56AE7EE866AA7EEA67AA2
:1029E000F0EE406AE7EEC76A20EE266AF0EE007A63
:1029F00076EEE76AB7EE007AC6EE267A77EEC07A10
:102A000037EE670A7047002000F07AB8254B9A42EB
:102A10007FF678AF002000F06DB8DFED237A002953
:102A200018BFB0EE670A704710EE102A643302EB4D
:102A3000C353DFED1E7A00EE103A20EE270A7047EE
:102A4000114B9FED1B7ADFED1B6A03EB8103D3ED86
:102A5000047AE0EE077A9FED187AFDEEE77AF0EE61
:102A6000404A17EE903AF8EEE77AE7EEE64A67EE6C
:102A7000877A5AE730EE070A704700BF1772B142F3
:102A80001872B13E9115853F989D02084CBB3133B9
:102A90000EEADDB555B38A38ABAA2A3E610B36BBC8
:102AA000CAF24971B5F1CF42000000000000800D6C
:102AB0003BAAB83F8071313FD1F7173710B52DEDE4
:102AC000028BB0EE408A044600F03EF8B0EE480AB1
:102AD000BDEC028B046010BD28B1F1EE407A27EE08
:102AE000800A2220EAE7F0EE407A27EE800A2220D0
:102AF000E4E700BF9FED010AEEE700BF0000001011
:102B00009FED010AE8E700BF0000007000289FED7C
:102B1000060AF7EE007ABFEE007A18BFF0EE477AA9
:102B200087EE800A2220C9E700000000F0EE407A1C
:102B300030EE407AF4EE677AF1EE10FA87EE070A8B
:102B400001D62120BAE77047014B1868704700BFD3
:102B5000180000204220723D00000000206F703DF0
:102B60000000000020726570733D000020706173EA
:102B70007365733D00000000206379633D00000031
:102B80000D0A00007861692D667720626F6F7420EE
:102B90006E6F6465733D00002074726565733D005F
:102BA00020687A3D000000004320693D00000000DD
:102BB000206D3D00207068693D000000432065766F
:102BC0003D000000206267453D0000007370696EA3
:102BD00031730000696E6665725F7465737400001E
:102BE000696E6665725F62670000000074726565F9
:102BF00073686170000000006F63636C7573696FC8
:102C00006E0000006C696D653530303000000000EA
:102C10006B65726E656C3231000000006B65726E20
:102C2000656C3231300000006B65726E656C32305D
:102C300039360000230D0A00D5E1E83F70793140B4
:102C40000ED3C33D9F679BC00FB71AC071EBB9BECF
:102C5000F4038840561008C008E699BFF284024089
:102C6000F09253403C9412BFF6C90BBFBC6BA83E18
:102C7000500E36C080B3F2BF4D71493F5E3B6D3F91
:102C800056570240A258773F14402ABF1811CABEB7
:102C9000AA2EB4BD23888B3F2FC1BABF6ACE763F20
:102CA000C2D23EBFF8B989C00B451840EA12C740EE
:102CB0003D49D2BE358CE7BEF874733F4722CF3F03
:102CC000E8BB42402247143F8BD857BF70F68F3E77
:102CD000715961BF4D2526C0ADEE1F40457D0FC027
:102CE0000A863BBF89AF4F3FA5750FBF0934A23F8E
:102CF000C0984FBF77892DBF9B7704409554D63F2E
:102D0000854B8FC0B30459C08F4B5C3D8EEA184091
:102D1000A03998BF5108C3BF9AD32D406DF6174014
:102D2000D4B3A3402EE7BF3EF9D8CF3FE1D69BBF37
:102D300021A73D40DC678C3FA71DB4BD34354FBF94
:102D400030F9233FE82C393FE86E84BEFDD5E73DDE
:102D500027E55DBE12F5EABF4BE5A040375C6FBFCB
:102D6000E2C41FC0A1E5DB3FD8DD8CC0762092BF56
:102D7000551551BFEE35053FC0AC1540E3A30F40DC
:102D8000D7AE36BF55EB8DBFE0466C3E4B4E6B3F2A
:102D9000E1E29140FC8A20BF9261EABF4029803F76
:102DA0001EB2DCBFFA11A0BFFD7BAABFBADA97BF83
:102DB000B02D70BF2C51123F5C6D1D4051D7AEBE7F
:102DC00013100CC0C89A593F401746402D797640E1
:102DD0001B8079BF123DB93EE3D8BCBF9B96E43E51
:102DE00036505FC02ECFE9BE925F94BFD994FE3EAD
:102DF0006A70A03FF2ABF4BEF5688640DC047BC08D
:102E00002A2B133F8613A6BF7BDD363E0809663D9D
:102E100014789FBFC70D4DBD35749C4014D3C9BFF6
:102E2000D1CFAEC047ABF73F74E070402F0486BDF2
:102E30008E86113FA8AEE6BF416329C07178803FFE
:102E4000609289BF5DE70840BC85E5BF284D37BF6C
:102E500047FBE63F6986A0BFFB6CD83F8B0E37C0AF
:102E60004C9CADBE186C123E7F25673F9A4E25BF25
:102E7000F60814BF3B0B1FBC8BDA66BF556C1D3EBA
:102E8000BC14A0BFBCD20B3FE77A444048F5C03F1A
:102E900000F976BEEEA7F73EA3AA91BFC594463FC0
:102EA000C57F6D3F0083553FD8763E4090C03E3D84
:102EB000021AECBE84887C3E4A8B8B3FD3CCB2BFD7
:102EC0002BF92CBFA8BE40BEFF892BBF95D4403F35
:102ED000A977823FBE15BF3E32ADDB40C20412C0AF
:102EE000DA0429C0FA550BBFC32641BFF49B63C067
:102EF000446A04BF387ECB3E3A6C9BBDEA1831BDB4
:102F00001AFE69BF2F2B64BFE8A441BF94AD903E69
:102F10005741F03F5482D03F9EF6E93FBBF549BF91
:102F20002FA193BFFF571D407805C1BFD2BF463FB9
:102F30001B843F3FC4FFCABE672A0D408077FD3D1A
:102F4000DEB947C0B06854407C0B6640396CFD4028
:102F50003F9D3ABEEC86BBBFC4FB343F6A2A6F403C
:102F6000A72802C05A10FEBFC1A0E03F985792BFE9
:102F700041288E3F57545CBFA21169409AF088C027
:102F80002015A93FCD0CE03F7B836A3F0358013BEE
:102F9000183242BD9A50483F0D7BF13FCB89E83E45
:102FA0007BFE70C0CBF010C014EA11BED643EE3FDA
:102FB0001BAFCBBE549F253F867E5640E190E63F37
:102FC00016E73D40740C9DBE0B2659BF4794D2BFF7
:102FD0008E59913FC1168DBF1624C93E73AE933FE3
:102FE000211381BECF31BE3E04F7BE3D0F5E4C3E85
:102FF000567B6C3F8780A13F9C986FC0EA0E6E4065
:10300000898ACBBD408C0CC0B383D7BC5B1F04BF87
:103010002A28D3BF00AC6ABFBC4584C0CFE80AC031
:103020002B8B58C05EDBB2BFF4D0C2BE10232C3E47
:103030007EA8C83F06C2B4BF9D90E43FB3EDBE3E3C
:103040000F4F44BEB2245F3F20C633BF30BB913F19
:10305000B4092ABFD35400C0543A2041EBF76DC0E5
:1030600090688A3FF8CFB83F05F996C0816B9DC044
:10307000611E604012FF1D3FCCE89EBF8E8E39401E
:10308000EAF1ABC0B511AABDD37BD5BD8C29173FE2
:10309000343633C0BEE930C03E4998401A55094025
:1030A000FFFF19BFE6CD29BF18D22DBFF7980C3FFF
:1030B000499D2FBFAD60D0BE705DA6404EAC49BEED
:1030C000377312C0F413E6BF5014B1BF665EC6C0BA
:1030D000A5E2A33F46B8B63F4BE6F7BEE4B725C02E
:1030E000F9991FBFE5B0083FC50948BF9C81A03DC5
:1030F00047EDBC3E52D03240F606803E16658F3F0B
:103100009B85F9BE5002BCBD442914BF59A2403F63
:10311000FD20D4BFA1291A3F8941A640860885BF5A
:10312000CE4217BFC1C186BFFA9034C0C65A203FF5
:103130003EB6A83FAD1BBD3F0C58EC3F89994440BB
:10314000E3B0853F5DB7693FE09FBC3F88BA6BBF86
:10315000C5231F3E5C6173BFC72B8C3FCA3FB5BD03
:10316000DA11B23FD6CCDDBFD8FE4BBF19BA8DBD48
:1031700082D4383F7B20A6BFB65A583FC17C813FDE
:10318000155E36C00DDA0F3FA1CF4240398FE540C2
:10319000978316404DB3C3BFFA7A04BF9E4B784065
:1031A00030D8004087DC8FBF8362463F0B3AE9BED0
:1031B00072D55BBE20AD57C055EB493F76DB6FC083
:1031C0005DD114BEB89A9FBFA93B9BBE31AD183FDD
:1031D000703B153DF5ECBB3E1A3A1D4144D934C055
:1031E000F709B0C077606940B7C30B4079446CC041
:1031F0009DFF1E40416EB6BF0A1E26C064DBD03F55
:10320000AB1BF5BFED34A13F9E111CBFD1E5C63EFF
:10321000253B613FE0F0BB3F1BCA0B4043801FC012
:103220002C5EDFBFD409AE3F37F898BEED2B5F3F71
:103230009D39B6BE35B2BEBE77CB1D40E185CBBF52
:10324000DE49CBBF4B0E83BF62C024BE143C174087
:103250005A5012BE5D67943F05A535406740F23F66
:10326000EAA91140FD4D05BF8C2439BFEF557BBF46
:103270000093243FF00AC5BFCD14043DCD32F3BE08
:10328000F8884DBFA6A7263F979BEBBBA7A6E8BF34
:103290006CBDB23FA35B3BBF953C3F405584113FA3
:1032A000DCB6E7BF81288EC002ED9C3DD9219A3F54
:1032B00052380640AEC4FEBE2E5C12402968CB3F99
:1032C000FEE74740B333273F3D5D52BFAF3A043F6F
:1032D0004FEA33C04EFE4BBFE23A3440B05A793F1A
:1032E00033DE83BFF9B4863FF98214BD78E8C5BDEB
:1032F000BC1418C02F8C623ED29198406696CBBF0A
:1033000085A9133FB8467B3FEBB28FC062565BBFC7
:10331000B95B583FDA005CBFACC708402648FB3FAA
:10332000E8B6CBBE79E98C3EF486DE3FF6FF0FBFF0
:10333000ABD4C33F2F209EBE3E7D9FBF2FFBCE3E12
:10334000549C943E39C483BF57EC2EC0463E6A3F1E
:10335000A26D853E0072B63FA2E8B040F19959BF18
:103360008064C1BF578A09C06CD28ABFA6F345C02A
:103370001A770440577F7EBFAC99A8BDFAD00A40A7
:103380004165853F2FC72F3F0452803EBECFD0BE40
:1033900055D618C0335990BDBA945740175DD53FE4
:1033A0006DB623BF53F5CC3FB87CA9BE2B0BBABF7B
:1033B000E00EC6BFA01F85BFDFF67B3E53F8F63F89
:1033C0001258B5BF2A3D02C09433773FAB6C3240F0
:1033D000D0F33640F4A5C53F0CD813C073D9CE3F07
:1033E0008BA4EB3FE5B1FEBEF9E75C3F4C30CB3F31
:1033F000144150BF97504CC01F8C013EFD0BF0BFD5
:10340000FD20EABF06BD853FAACBE63F175F1A3F06
:10341000E769953F75F8103F50192DBF380CAEBEC7
:10342000B08CB23E819A843F91DF7540B9415740DC
:10343000756BAC3F29E234BFE54F6C3EB1E55A3DB8
:1034400088C931BF2FECA13EF1D242BED54463BF43
:10345000B74B5AC05E0A023F53232840856CDABF3F
:10346000AFF0003FEE9C0EBFCD2612BFF484F2BE3B
:103470001F0DB53FC400E73E70D311410CE48DBF72
:10348000697B92C09AD5733EE95404BFA44204C13B
:103490006ED102405C2E67BE0738A5C080E014C024
:1034A00082C4A8C063ED893F723D243EF23721BF3C
:1034B000A6C1C33F270ABD3ED06F2D4011187CBE68
:1034C00001A2C43C46854FBE09FABEBF68845F3C7A
:1034D0006988D43FF92D7B3E58F2CEC018F1C43F25
:1034E00059DEEC3D625B3140F056EB404CF3B140AD
:1034F0008B42BEBE0C0487BEBE25C1BF87D10CBFA8
:103500008A6B0EC08183B4BF6654FEBE0AC6E0BD9E
:103510009A7670C04886D03C54C367408419BDBFBA
:10352000142FA1BDB9AC943F4AAA8E3EBC7F75BF93
:10353000EF43913F45518B3E591188BFED981F4095
:10354000901201C0AA5FC3C0D68B3DBEFDDBE54033
:10355000BB4DAB3FAAFF953FCA2322BFBC3A0240F6
:1035600063F88340BB1C66BFE9685ABFE3CEC03E28
:103570005832E73F4E52E6C0D14F82BF7E7E3FC0F9
:1035800021BE5DBE1C0FE3BDBAF1933E62B9A2BE7F
:10359000DC1DD9BFBCF808BF0AC49BC0B05F2D407A
:1035A000D58BCEBE56B5F83FA9B71F408331E94051
:1035B000F1493A3FFE39B4BE867EB43E6D81B53FD7
:1035C00053D432BFC0C3373F0EA87F3E2FCCEE3E50
:1035D0000F0E14BFAF8B30C0688008BEE0769ABF74
:1035E0005A5B83BFEC30B23F49D20BC001B0A6BFDB
:1035F000461CEE3E7E3ECB3FCC9FF440961CE9C07D
:1036000027E26DBF16B20A404BFEAF3E62480EC1C4
:103610007DBCF73F6310D8BE92EC5FBF0C70ABBFB0
:103620006ABA85C0B0DE7A3F258430BFB5DD30BFD1
:10363000D4C082C0EDF53BC0437546401A7E814040
:10364000FADAA1BFD1B5F6BE75872CBEA1EBEABEF2
:10365000ABECE53D95C0703FD37A5C408220853C61
:1036600004D85CC0EE13343F6AEEE93FBA264E3F01
:10367000F36B6740103CF7BE3699A5BF896E653F76
:103680003FA8A6BE575D5F3F6CDB99BF3EE3084095
:103690009E1498BFABD824C0193B093F46F07CBFAD
:1036A00080E81D3FFD93C73F4EF2F13E8D3DCC3F7C
:1036B00086C98ABF74140BBFB79008C02491174005
:1036C000BB5429C02EEB4540ECA22940FD6FCF40F2
:1036D000CF388C3DB6DA253F942B18C022138B3F90
:1036E000ECA647C003DF0A3F941540BFCE119D3EB4
:1036F00030873540B3E05EC0642DF3BD79D05FC044
:103700004193F93EB8E5253F71D288BF0183D03F90
:10371000809D013FCD80AD3F7E771140DB4FCDBF17
:103720000FFE9FBFFBD303C00D4A803F25A9B4BE47
:10373000E96CA0BFD8C040BDE445B63FE448683F4F
:10374000244B693D65CB90BF395C6BBF30A2C4BED2
:10375000E388B6BF12CBFABEE5BF87405EBBA83F89
:103760001508563E00B8003F28CB233EFCC3F83C6A
:10377000D17D5ABF24FCF33C336CE33F466E06BF59
:10378000D9CF62BE67BB25BF8273E3BFABCA38BF68
:103790004D14353F246256BE2E54A83F0F38B23F19
:1037A000579635BE2892C53E895D5D3FE9D0BA3E49
:1037B0003DEB88BF29F6DABF7A77933F9A9512409E
:1037C0001986743F7CDEE83F087208BF5E2D2EBF6D
:1037D000CB1F033F4CBB1CBC7E8DD33EE047A83FB4
:1037E000A16038BF298018C0546EE53E0599DF3FBF
:1037F0005F2B07BFB0AB273E00439ABF6B985B3F80
:103800006ED538BE540BF33E0697064041F701BE15
:103810001368A43ECBB947BF014B2F406E2895BF1C
:10382000DCFA24BF87050A3E5184573E38AB923FED
:10383000CE4E3CBFA83C953C24E0034198027ABFA1
:1038400055F43EC0589ECFBE92D5313F51A422C000
:103850003FEBA53F3906EB3FA80530C002FEFA3E1C
:103860002BC262C02D9A87BF1C0595BFA7B51BC090
:1038700001D7593BE45BB43FAECDAD40C0310DC084
:10388000E86DCC3E5154BEBE2BF51BBF29EF763FF1
:103890001ACAC83E8533623DF731B3400E754ABE41
:1038A00006A62B3F18DF8DBFF83F8CC091D0183F84
:1038B00013152F40E75458BFA93E1B40F3A70940FA
:1038C000024F163FCEBE09BF1CD242BF754A633EAF
:1038D000032147BED1205B3E6C8AA6BD183FCABEFD
:1038E00020A364BFB3E18BBE28FACFBFC7873A3F9E
:1038F000BAAA8A3F2A0B93BF9F5CB7402F2493C07C
:103900002251A43DDBC18F3F881098BFBD6555C0D3
:10391000F2479F3F3B012F40D52B303F54BD154010
:103920005300C5BF7350DE3FA50A43BC1EF42EBE34
:103930001E2E35C057CB2AC0B9ED47408A4E2440D1
:10394000294601BF338287BF5258F6BE1FC785BEC6
:1039500066E25B3F06CB383F452D6E4017204ABFDD
:10396000289A3DC0283B473F95B529403C7CC44040
:10397000015504406FB125BF6E587D3FD8355D407D
:103980002CA0C83F939EB53EE4E891BFDC17813F71
:103990003291E3BDCD56F2BF80A9B13F67B480C07C
:1039A000F8F08A3E4456F53EABCF13BE08A79BBF46
:1039B0007C8E1DBFFC7BDE3F5181F53F8442CEBE35
:1039C0003B2B39C09B7F52C01EAAD33F39B9803FE1
:1039D0002118B7BFDB27BD3DC9FF06400029E83DE0
:1039E00078AD1640D460693E6C5243BDAB347EBDA9
:1039F000DB34FE3EE9CF2C3F4C8F0C400322B8BE97
:103A00004D05C9BF0D47053EFFF88EBFC627B0BEA6
:103A1000A8E948BE87102E3FC01B803F96AF89BFE4
:103A2000A7BB2DC095F996BF3E43883F847454C010
:103A3000010E42BF0418383FE7A0F3BED11A65BF9C
:103A400042FF703E009CB03DC21D3DBE1EF34CBF08
:103A50000234933D13EBB6BF03C64E3FCAE20F409C
:103A6000DC9322BE79AC603DFB6A82BF8C4B94BF75
:103A7000C4FF083D1237283FB319B7BF1C34ED3FD0
:103A800059A0E63EE7DD27C03C5F3EBF4C9923C00E
:103A90003B6625BFA5E706BFAEBFD2BF349206BFC7
:103AA000C649D43E84DF13BFC7D1A1BF26AC1CBF1B
:103AB0005C5B11BF7F4C3C3F1C25B23FD89ADE3F78
:103AC00080A21A3F267D84BD532C1FBF435B9CBF41
:103AD000900ED4BF2327C6BF060B8D40DA05D8BF92
:103AE0007FC5F4BFB381C2BFC17899BEE016D3BE13
:103AF000AB07463F887E53BFAD26B33F395B3440AA
:103B000011A9D23F184CB13FAF4DB2BD8AE4D2BB30
:103B100074F7A6BFD892B2BF200F2D4012738A3F10
:103B200004C058BE15033C3F94EBF13E86958EBE13
:103B30001F35D5BFF8D1FB3E824BD440BBCB26C04E
:103B4000BFE048C02A3038BE1DFE70BF4C3237C0BF
:103B5000B8C0B1BF8FC7353EE3FF5B3FC64B8A3F5E
:103B6000FAD3323B5F4F433F4FEA3B3EA62DB3BFF4
:103B70006B042D40C2DC9D3F1543B93FAC84DABED7
:103B80009A9045BD6B822BBFF62AA73F7C1C31BFA4
:103B9000584FA5BFBF00D1BF78E9DB40C36EF53EEB
:103BA000972723C062BE66BFFF2B90C04190EBC039
:103BB0002857584098CEA8BEE4E01EBFB0F7CA3ED2
:103BC000329B223FD8B4FD3E47F9B53FE49A7B3F94
:103BD00037F8F23E7E939B3F6EA1B3BF3002374071
:103BE000C722C5BD362DCC3E068CC83E13D3AEBE13
:103BF0003AE7C23FC11EC2BE89060FC147463840E0
:103C0000338402403AA836C0E0DB004018A50440E7
:103C100064AFD3BFAD87E73D4918A13E190276BF17
:103C20004D28424072FBF7BEB22BF3BE44CA8A3D18
:103C300059EB15C01C7D24BF851A88BE5D3A18401B
:103C40003FE44FBFCCD293BF3047CF3EF1A24EBF2F
:103C50008120B3BFA27D1C3FE477D63FF2DA703FEC
:103C6000D41C9FBF94FAABBF1E2C1F406CDF824058
:103C7000B40D3440BE599EBF37D0DBBF08B38F3F71
:103C8000299B9C3E887F0DC0A12194BFC18AF7BAB1
:103C9000E9C5D7BF31CEECBFABF4094030205CC0E2
:103CA00097D7E5BEAA9401BF1A4D603D16A061BF2B
:103CB000A76CEE3EDE2D5BBE1E6FA1C01F084E40FE
:103CC00065A0F13FA35E38C02018903FE193C84043
:103CD00026F3343FDA4F76BFF788003F32BDE23F2C
:103CE000B8572B405148FCBFE46F9CBE88B620BF3C
:103CF000AB321AC04AA4CDBF3AB6963F7B9B57BFA2
:103D0000409481BFB0DF0BBF4043A6BFD15AC8BFAC
:103D1000FF0C60BF9BC1FFBF691A11C0E978F33F78
:103D20003829393F476E5DBCE6B0253F92AE78C07A
:103D30006FD91040C602573F171A40C07D57F7BFD2
:103D40009F0E0DBFDC6ADEBFFAB5143F6F64D4BEB0
:103D5000540735C0DB5A333F19D6D4BEA9550340AA
:103D60006808483E61861A3FE4AD2C3F118328BFA6
:103D70008E52923FC55F3EBE09DD47C14C6F354054
:103D8000DB432C40505E043FF623B040D4DC2A4095
:103D90005099FFBFFAEA06BF82F2C4BF20FA4DBFB6
:103DA00020CF6840EA0714BE6B44143FB751AABE47
:103DB000F08F4CC05DC0843FC5D19CBF8AC18F3F8E
:103DC000B75C6B3FC14F0F401D7EC93FF89EC9BF16
:103DD0009B32DC3E1DD1B33EFAC3E640C4E781BF4F
:103DE000D4EECBBF39DB0FBFB2C464C0F2FE3DC01E
:103DF000B5A09F3F3520003FB420823F30C7A23F8F
:103E00000AA17FBFC7F28EBFB63774BFA7B7C0BEC7
:103E100065EB8C3F1D12483FF932973F6CC11F3F45
:103E200071F2C1BE97F23B3F747B4F3F50A7113FE9
:103E3000F0C3F2BFA6AB8CBD9D069B408D103F3FEB
:103E4000082D5CC0ABD263C0746DB9BF6911F43F7B
:103E50000071064057CBCA3FCFD68D40CAEDCA3F4E
:103E60008B8B8A4012036DBF94B2A73F30F56A3E38
:103E700075129D3E01D60D3F3078D2BE02ADEABD2F
:103E8000199BB2BFFC201ABF5CC586BFD084C63F59
:103E90000232B53E5AE17BBF085D2541A511BBBF8B
:103EA000008BA4C0B2D3063F8B79033F866E8F3F51
:103EB00001673A401E94B93FBD6218C099C6B33F2E
:103EC000C87B68C01540D73C7A00D2BF5A62423FD7
:103ED00040390F40423D18C066CC4640E9D294C0FC
:103EE000F49FCBBF235C94BD374E9F3FD069D8BFB2
:103EF000ABB66A3F0AC0843F322E1441AB7615C080
:103F000079B6F6BF0DE9843FFD1583C095FAA3C0CD
:103F10002085D13FA6D8B23F343CE83E74195C3EC0
:103F2000CBE838BD9CD2AB3E07C4D63E9EAC0C3F1E
:103F300018D15540E92131408ACF17C09E50AABF01
:103F4000A555043F134781BFE1751F3FDCFCB73F18
:103F500014ACD43DDC28723F0889394074AFBCBE34
:103F6000B38A00C0732C5FC05BD7053EDB44263E9E
:103F7000F7724A40BBFA07C0B546C43FEAFBEF3FC1
:103F800022171D401B56D83EB6F499BFDEF1CBBFB9
:103F90005E6A79C01BB364C0727D1A40C7C61D40FB
:103FA000526E81BFE7F9763F9F3C0C3F1CF45BBF2C
:103FB000CC7D2EBF4A04A2BFCED0A0BFC812233FE3
:103FC000F0106EC0C85DBCC0C73D4940D2432FC091
:103FD0009773A3BEE7A923BE55803BBF848E94C0D0
:103FE0004A37D2BEC4ED04BD90C6F2BF6F8F25BE66
:103FF000EE3EF9BF706359C0A6712F4098EA4A405F
:10400000FDEB0940E041303F77AAC1BE4B4CC53FB4
:104010003D6849BF5068803F01D9E93F3A1D7BBFE9
:104020007F8B2FC0E69FB13D8F926B40248C084060
:104030008899843F87C956BF747899BFB77727BEE0
:10404000876BAFBE9E9508BFAC627E3FA24650BF55
:104050003E13C9BE541AE2BFF28FB93F761E25C087
:104060000A0ACB3D6BEAC73FB14E413FE4FD0A3E31
:1040700019BBE53FE1BD63BF6458CF3FB318083FAC
:10408000CA8C2EBF6200ADBB58740340E7629F40EC
:10409000CD23F93EF82FEEBFB5AA5BBD506EB43FFD
:1040A000CE9EFABFF7FD3C3F10AFE43F4BCA6D3DDB
:1040B000D8654FBF6BF2C4BE2CB180404CAC3FC042
:1040C000F98C9F3E00F46C4069F10E3F3F70CFBD0C
:1040D0002BFF4A3F60F4473FFD576C40570824C010
:1040E00095E4333CD81CCABFFFDE0D3F4A87BB3E78
:1040F0009C9D7ABE26D6C23F51A3D8BE9D91D13F8A
:104100008B1DD6BF8C8A85BEAC0F8CBC9BC6C6BD32
:104110000851EEBF8A9B21C040AEA440A8BD42BE5C
:1041200043C5D13DF44501BF47D943BFFCF0A2BE12
:104130002FC037BF23E8F0BE1AB4AD3FA18DABBE90
:10414000E3336DC01A5A0F3EF4A93A40FD054E40C4
:1041500050438ABF9D0F0340B71525BFE4751C402F
:1041600045DEFD3FE9264B3F52DC393B105916C076
:104170003D19114089C790BF6A7E613F179435C0D1
:104180007A97B6BEB382DBBD23DC733F1B6994BE56
:10419000DB9E7A3E08AAF03E6DED82C0E213384005
:1041A000A98A743EA7FC43C04C140140FA4D6E40EE
:1041B0008280C03E5F50853FF0BEEABFC9BE32BFBD
:1041C0005E9DB83E0FC805BE9DC5B4BFA9D7863E4B
:1041D0007FDB94BF542A19C0EF22AB3F81FB8EBF17
:1041E000EF024C3FE0E37B3F849E9B3F4E102F3F0E
:1041F0000BBD8EBEE8508A3ED5543040719DD13FF4
:10420000484491C0521E88C0EB273B3F0A20B4406F
:104210000F563FC024D00D3FD6498540ED7A53401C
:1042200022A79040DA7C77BF72CA163E0D065A3F2D
:10423000F4FD634077DB004001CD3340001B19C023
:10424000AF8F68BFE03A593F0FEEDCBF14CA6FBFB3
:104250005AA140BFF8BBC2BE36723340A271FFBE46
:1042600016F4C9BF2BB566C01921A13E6E22A23E2D
:10427000D50F2540C22CF53E0313F53FC961EB3F36
:10428000B2B6A43F5390613F665C14C089E83A3FE0
:10429000195B95C01F1958C0B7A98640B13E44406C
:1042A0006239C23E43DB7DBF4FD6E73F2E1B2F3F17
:1042B000D57038BDC0FE95BEE4DDC6BFEFCD98BE5B
:1042C00056EF773F89E030C0E36C093F6DF8ED3F72
:1042D000FD62114092C9E23ADC770D40386E663FCC
:1042E0006B9CEB3FA62F6A3FB646B73DCC27F93E05
:1042F000068FA4C0CCF37BC0DA45DF3FEEC6414059
:10430000C1AD0840E6F485BF0B31B6BE494E5EBF75
:10431000F35DBEBF8B28C53F349104403D96DE3F20
:10432000B0E24C3D03708CC0A4A405C06130DDC078
:104330008CBEFC3FE704C8BE51EA3CC06EA2ADBFD4
:10434000C312F33EA624AA3F5A8B2C3F2A6C90BE80
:104350009A0E18C0282E8A3F300BFA3F1E993E4015
:10436000852E903FEDFB93BEEFF5EDBEC02BF3BE67
:104370006C9198BD7F81833F70379FC0540A0C4079
:10438000272D573FAEE6ABBF051B694086E9F540D8
:10439000AC70B83FAD8FCE3E83A4593F419D0640DF
:1043A000CD39444035B513BF919819BF625ED6BE72
:1043B000F0B45FC0461603C099B1A23F0420CFBF3E
:1043C000205F7ABFAE2DD2BD25BBA03FEAFD96BED1
:1043D000AD61343F08262A3ECEAC90403A1C30C036
:1043E00082D1D73E109333BF1EF184BF4B3BA1BF98
:1043F000E8B9EE3F1A1C873E7A6A203F23F9ED3F69
:10440000C5B0BFBF26D61C3EF18EB13F983C453F9C
:104410005CA35BC0B7D13CC0D27673404B52F43F33
:1044200052B0D03EE56883BF9CC26F3F71DBAE3DAA
:10443000CA799E3F8FDE044088D96B3E2AE1DE3E7A
:104440009435B8BFF63BB43B450190403B3F11412A
:104450000AC0823FAFE81A3F5550693F14514E40A1
:10446000C2C1EE3E24BB813DCC74303F2E82963FCC
:104470004494F7BFBC57F8BF93148540689085C03B
:1044800061CFFF3E3740D03E148B4F3FC9F3EF3C26
:10449000C86B97BF6EBB7BBFF78A4A40BA5BFF3FD2
:1044A00062755AC093E7D7BFC29CC3BF00BB48C068
:1044B0009435F13FE8B292BD57CE60C0DF5C293E33
:1044C000DCFD89BFC740D53E3ADE5B3E1E60103F33
:1044D0009D7EC73F454D1BC03792A83ECEFE413F53
:1044E0008AB5D63F715735BFC0D420BF6C0D5ABFB7
:1044F0009BA031BEA65B363F0DFE17402FF05DBB83
:104500007C35A2BF784D16C0030686BF3B4585406B
:1045100011D408BEAAF307BF98244440B2357740AF
:10452000A81E2E40C21D983F14C27CBF8B9E6FBF39
:104530005A474C3ECBC0D2BF8355FC3F8B5FA5BED4
:1045400094219A3E93CFD23E2F3E7A3E67716ABF46
:10455000DDED06BFB2B7A2BE7AF31040B077BEBEA3
:104560000B4034C0ACBFE0BF3EDAB53E0A43A3BF48
:10457000615044BFE6809EBF38E08B3FCF87AC3FA1
:1045800068710240C5DEEC3E84455BBDB43ABA3D7D
:1045900076F8963E3486323EE67FD03FFB8CAF3FC6
:1045A00087DB89BE57702E3D4A508CBD62C610C055
:1045B00052B7EFBF1988103E4AF8674055ED96BFD5
:1045C000B910C83D54A4C93EBAC020C0BFC74CC032
:1045D000693436BE893A893E6147FFBEB8AF9C3F19
:1045E00008743BC0191F6A3D19C7F33E481EF43FCB
:1045F0004D6291BE6CA547BF2EF635402FFC0E4094
:10460000DFD2FEBF8CF182BD2249843E7BA0A03F59
:10461000E68D23BECDFFFF3B72C5B540978326C014
:104620005AF6EEBFFD25AC3DB9D306C0CF617C3F45
:10463000853FAE3F327410C07A8246407DDC3D40FB
:10464000F4350A4035F0DEBFB92D263E04FE0F3F9B
:104650000114803FC57CFABF91D082BFBE2F8EBEB1
:104660000B0DEC3F1A68703FAB38C13E19ECC53FEB
:10467000B162DC3EA3B1BE3FA70A3CBE832119BE96
:10468000A51AF9BF8875063F901BAFBF5F8508C1AB
:1046900054B5AB3FA07CB23F9A99E4BF926008C08A
:1046A000E74003402588993F4E5A8C3EBACF5E3E84
:1046B0002D0CFC3ED0E568BC25869DC020C88940F5
:1046C0004B3A793EBCC777BFA5154E3E80891D3F4A
:1046D000355B84BFD381C63E3E3B9FC0A1F53940C8
:1046E0006DDAE2BD766C42BFA6011A4053DC7D4014
:1046F000DF126F3E5F5885BF690CC7BFA02C9D3F7E
:104700003C6FBE3F86087F3EB10FA03F696394BFF8
:10471000B0C48ABFC8E7EABF4940FB3E30AE04BF21
:1047200022FFC5BF65AD4DBF1F75D03F159B8EBE27
:104730005D2BB03F61E7B6BEB0E29F4069E5BABE0F
:104740000E28CDBF335F01C0A54CB2BF28937FBFF9
:104750005EF062BEFD6FB83E1C9F9C3F9365D83FE4
:10476000AF29D23EEA1A68BFE1F29FBE1DB583BFF2
:10477000A84EA93EC7D2BF3F6DF2474015C80C3EB8
:10478000B682A33F06F9123FD1713C3F6865093FED
:10479000A21D67BF744ADB3F22136B40386165BEC0
:1047A0009F8A01BF4E1285C0E66039BF5037C640B0
:1047B000D3361C400EA34CBFB01E8E400A867440F8
:1047C00003A42240BAEB20BF57B556BD25F40340E1
:1047D000C48A53C0006F49C0306E7D40E02888BE57
:1047E000B542893E2A1F353FE167A53F3520383F56
:1047F000B891A03FF66F13BFFFE6CC4031ECD03F3D
:104800002CC644C0BE1B32C09D3B08C058E1493F86
:10481000207A31406E0C053F33B6D9BFC0CA324052
:10482000CFBE5DBF14EC103F772D9A3FE5AF6E3BD6
:10483000AC7C223FD1A52BC0047D4D40B1AB91BFD4
:10484000459EEC3E7FC1213F0E9DCABF3C530F3FAA
:10485000AF3445BE67A5873FF959DB3FDAAF0BBFE1
:1048600014DC4BC0523C4DC06501BD3FD42091408B
:104870007EFB763E19A787BF8E4881409F3100405E
:104880005D2891402A63833D71CFF1BE22CDCBBF1D
:10489000C51A10BE570EF9BFF901143F69B526BFFE
:1048A00014F240BF1CC30EBF689D9E3E9EE4893E2D
:1048B000188AA13E8FE70F3F0B61AEBF9F4A1040A1
:1048C000A03B54BF79B185BF9964A43F8831BD3FF7
:1048D00085B43B3F44D79E3E97F33FC013E3BA3FB6
:1048E000EC939D3F098D333F181279BF448E97BFDB
:1048F00015CC573C59D37CBF532D383F15CBB7BF90
:10490000477BC2BD41ACBD3D6464A73E75FF8EBF11
:1049100096F4E9BE54A531BFE574543FAFA1A83F5A
:1049200097761FC029C2D93FDC52F53F8E259ABF2A
:10493000A6701340D1036ABEBC6860C0EC8AD4BEC6
:1049400046900AC04DF1853F63F135BE4585143F61
:10495000AEBE0CBF4A7E8FBF38470D3F9D3AB7BEF3
:1049600047EDA23F3B8DF43F8AC3D4BD245910BF0D
:104970000C4176BD4B4C633FD2B60041AB4933BFCF
:10498000D598AFC0F7A0B93D125E40BF58AC67C024
:10499000CC2080402892373F05040CC0262BCB3F0B
:1049A0004B43553FD4A8643E6183963F9D9F20BEF4
:1049B0009B729F3F587902C05ED55DBFAFF602BFC4
:1049C000EFEC35BFAEEC523F1DCC123FB6CCDA3E19
:1049D000932E6EBF4D1ED63FF2E7B840D91ECDBF15
:1049E00068E264BF6038B3BF34FC1AC0B591BE4002
:1049F00092E8783F6106A93E287E9D4081DB914088
:104A0000347FB43FCFEA213FA5293DBFCD1793BFE7
:104A1000414ABA3E573F19C0A1D8034064D0C7BF2E
:104A20005C01333FC988EDBF9FD69A3D871F623E28
:104A3000E05889BF5726DA3F17138D40C9DFF2BE11
:104A4000B3532BC0C9F3F9BE96CCB5BE13568A40FA
:104A5000D5C5AFBD6918B1BE00223140992C7B3F4E
:104A6000A59600BF66BFB33F553985BF532A533F54
:104A70004F9E2840FE0902BF1F57423F396237C090
:104A80007624D13E214A853E8D88D7BD7F4E403F5A
:104A900077D40ABEA12E9F3FE6AED43F3C5A82BFD8
:104AA00001EB12BEB46A7AC02E1B313F4C05184090
:104AB000676A1240BA556A3FB7EC4C409A3CF63FE1
:104AC000EBA6E53F3DACDABF14D2563F8E7D88BEE3
:104AD0005DB2B1C00FDB5FC096008D40E92423407A
:104AE0009E3FF53F70EA723F345B80BFB761D93EAD
:104AF0009F6AC43F6AE7DBBF6152153FFAC80E3EAA
:104B000022F444C007E11FC0BF4BCC3F8647CCC056
:104B10003BB9613F15D042BFB9689DBFE59B8BBFD4
:104B200001000640C44D9EBF98DFD8BE3D570D3FE3
:104B3000A25C2AC03799073C2A1AB03F6D1D8E40EF
:104B40005E326B3FC6068D3F518833BF40AA1B4083
:104B50005B1CA1BF230B1340C40BA4408D4203C0B8
:104B6000B82A223F81BD4EC0A76073BF01E11C403F
:104B700048D7864093BCCEBF37CB16407B43084016
:104B80001F468A3F81F719BF0B9FB43F67017BBE69
:104B9000473E98C0C84B75C08AA44540B5AE893D14
:104BA000509CD23E440FDC3F93691F3FE1E6093F32
:104BB0008232EE3F3DFA66BFFA7EADBE358A953F42
:104BC000BF2C64BF9C76AE3F33826D405652144179
:104BD000785E793F44C3BABF7142FA3EB9223B4086
:104BE000B9BFA1BFDEEB74BFB5556DBF3F08013F34
:104BF000F94696BF0F80D4BF26A56940EBF788C061
:104C0000A3568E3F720F50BF7CB3A33F385D95BF54
:104C1000E05B0D3E2887873FE07A4E402562C03F2B
:104C2000AF451CC00897C2BF7CC013C04EE74F3FC2
:104C3000498095BF1335863F899CC13FEEFC3F40BC
:104C4000008B993FC4F5D1BE078FB43FAC45253FDB
:104C5000C85A2A4025CA8B3F9A06D13F19A52F3E34
:104C6000AC90B93FD4649B3F1A28B93E2ACB9ABF77
:104C700065AB053FF8BEAFBEB6F857407FA8A4BFEE
:104C8000D9834CC06AFD2C4015863F4043DA7540FD
:104C900079479BBF97724E3F162B0ABE865620401F
:104CA0005F0D71BF772693BE5EA4573F144201BECD
:104CB0006C341740C619153FD10C1340E42B80C04B
:104CC000F07077BFCFE46E3F69F5D03E68ACF7BEB9
:104CD000DCCEB63ED436F93F47A5EE40B1DB00C08E
:104CE0006B06FEBEA6C51EBF4F2954C0B5857740D2
:104CF0006ADE0ABEE8C9BB3F055467403D7A824080
:104D0000742EEFBEF9C03FBF8F3E303F7AEF56BFE3
:104D10006921F03F4379F3BEF47C3140634015C014
:104D20005C2F6D3EB216CF3E3BCFDFBF42F27B3DE4
:104D30007E2A9A3F696D8F3E294E0E4168FC56BF10
:104D4000AE728BC0383EDB3FCCCB853D2761D6C0F1
:104D500007B5FD3FD9050CBF42029BC01A55B63EB0
:104D6000994764C070F7C83F3D6A05BEFB017B3EB2
:104D7000E39C9B3F037FF13F6DDF4440284C80BFA5
:104D80004C3A733E11444E3F9880403E8AA996BFEC
:104D90001554C43E19FC4B3FC8FCA54055052BC01B
:104DA000834F14BFC97E4FBE86A6B4BF33CF92C017
:104DB0005468B93FD0A0333ECA1B723E6A5A0FBF37
:104DC000633ED6BFAB7103C0F311523FB49808BE27
:104DD000C33FC8BF580401BF501FC63FDCBCFB3FE8
:104DE000EB1ACE3F0CEB273F644D15BE20CC64BEC2
:104DF0003BD58ABE424AA13E741ACFBFA280363D3F
:104E0000AE5281BF378BD83E57B52140A6042E4005
:104E1000D952113D262B42BF8ED310BFE402D03FA2
:104E200083D66840D761F5BE48EFCE3D0B6D293B78
:104E3000AC88103FD5EEA6BE6ABBD6BF619913C041
:104E40002569163EAC88603E923E0EBF68742240D3
:104E500011DA56BFC72B9EBECD701D41B51721C0BC
:104E600042C13E40CC89773FD591FCC085120FBF2F
:104E700017B4CE408B53AFBFFA8F3D4000ED834057
:104E800050E602C0C405F53EC2F005C0104E09BE92
:104E9000602D48C0AB433AC0D9B6CE3EB86AA63FF3
:104EA0002B5D9CBF26A55C3E0487AE3F3A33323F64
:104EB000FFC7E6BEB95DBC3F935CC64097993FC053
:104EC0002424254002AB523FB34D87C0BBCC7F3F6B
:104ED0009F19224090C7C8BE25E7A73F530B8440C7
:104EE0001448D4BFD305C23FF5DABB3F133E833F1E
:104EF000D7DAECBFFCEF3EC028B70B40F2A769BD84
:104F00002C6C253F394C37BF0DB64FBF0F44873F40
:104F10009455D43F8421783E4C94AEC0CE8004405A
:104F200074CD01403EAB5DBF53690F40FED82C41AC
:104F300021FAF53E8F40BFBF26615C4056077340A3
:104F4000D6768A40F9007ABE6FED42C0174493BE10
:104F50009E8B15C03DDFC8BF70DD8A3EC43319C0CB
:104F6000D1EFA63EF9EA60BF66730C3E2CA0064066
:104F700058058BBF5AEFA03D73ED87BE379578BEBD
:104F80003E5501C052BA0EC0CC1E413F9FA8A13D64
:104F9000F731C43FFBF6313FA62CCE3F0BB6CF3ED8
:104FA0003E4950409AD91D3EE36A10404252A13F0B
:104FB0006A7CE1BFA2AA40C0DBDF60BF8DF90E4072
:104FC00066FA50BF35D416BD7D420ABF511ADCBE09
:104FD000678B963EAE45713FCD864CC03902154079
:104FE000A56D933E911485C06124CE3F86BC994047
:104FF000B6CE0C40FEF433BFA36F3F3E5FE5973F54
:10500000B3CB69405A429B3FB50BBF3E1E6D29BED4
:105010006AAC48C0E2FB54C018D7413F74AACABE6C
:10502000DE7F193E2436D93EB9EBDDBE416783BF32
:10503000CCAA88BCAE3F803FEC48DB40BCA4BBBFE1
:105040001FDA7EC007EC18C0B419B63B542691C0D5
:10505000B00AED3F9B8B4EBFEB554D3FFF607F3E4F
:10506000E55E3440EB830B3FDCFC953F373FE6BD0C
:1050700064F40BBFD0F3D73F80AB6B3F059A483F3A
:105080004F5800BF0E4EC1BF8E84063F66F8C3BEA8
:10509000958A103F3D707A3F3ED3C04064D828BF08
:1050A000E19C6EBFF598A4BFD06B36C03CDEBABEA3
:1050B000BA7DDB3FB774D63ED4F62540FD8254401E
:1050C000674D003F816F6FBF8FD504C031599F3D41
:1050D000B1FDB4BFAE5FC93D7B3B42401965BE3FE9
:1050E000443106BFCAA01A3EC61F423EA84F88BF21
:1050F000137BC83D6C15773FBC6F3E40C563143FC2
:1051000077D539C03BAD64C063ADA1BE9AD0503FE6
:10511000BFFD08401F8EFD3E9C2B5A40630A124083
:10512000A4244A40818E0D3DB08AB7BE9D4FA33F57
:105130001BC333C02A42C7BFF7321E403AD73440A0
:105140001292503FEB76753F89345E3E484DCF3F1B
:105150003DA1B0BE2AB88C3DE25ABEC0F5C695400E
:1051600091995F3F7023A8C0A4E0B7BF0024D33F4C
:105170001BEA1F40313969BFE4F512C0F4032E3F2A
:10518000AA26AD4036235BBE9F8BEDBE4E989C3F5A
:10519000CC9D7BBF5AD390C01D0566C05A309D3F41
:1051A000A2DB37BEF31AC6BEEF79043F1FEBD9BEB0
:1051B0009728CE3D0C88BB3F40469CC02B8F474074
:1051C0000026373FA0591640A5098F3E38F997BDF4
:1051D000F21AD83E8D6FFCBEC9200FC01291723EEC
:1051E0003B6703BF949EE13EBD6684BFD2D7A93F13
:1051F00054061DBED90CAE3E1141DCBFB61A993F14
:1052000085B60D3BC767653E5C64FEBDA630B4BF86
:105210007FF9A83FFC3CE43EBDA0AA4010E6DE3F7B
:105220006D435EC07BF811C0838357C031099DC0B8
:105230004AFE9B404FAAACBF60B558C031C86E3E15
:10524000675B023F4396E7BE8351D13FF99A6ABF3D
:1052500019972E3FB1E359C09FAD02C062ACAE3F7B
:10526000A1F78D3F1385BFBE229CA63D2A60E4BEF8
:10527000B0577D3D53D1E8BEE8ECB3BD6D5B713FE7
:105280005BB483BFE58357BF44377A3FC2C545400F
:105290005123463E2DD62D3E5F24BCBC4A19F33F18
:1052A0009043973FAE6B75BF5AC4DEBE8A51AD3F87
:1052B0006BAACFBAA30789BFB4EF9B3F1AF096BF82
:1052C000D2A8123F5242253F3794133FADFB143F03
:1052D000D427843FEAA49CBFF55F0040A90AF43DAF
:1052E000E64786C0DB6689BF221C5EBEB96584BF07
:1052F0009C14FABF3D34833F0F1EA03FE17CD93F91
:10530000162C60406A5199BF0D6D523E88B5E1BFC1
:10531000C5F9664057074C3FFA8589BF13DEDD3E6D
:1053200034129A3F022BE2BE65FD54BFF60B393FA3
:105330005EA710BF0A8C0E40E25D033E9638F83F30
:10534000FBE4673FBA7005C0A9E25BBF84A81140C7
:105350009837364040B607BF0105C53E7ECF0F40A7
:10536000FA772E40CB799A3E81043E401636713F43
:10537000E64921C09EA9CFBE9A92003F64F173BE58
:10538000C1BF08BF45F68D3F10B1ABBE42C066BF7E
:105390005585DB3EA614ECBE04B0A7C02BCF37402A
:1053A0009FF33A40AA978CC041020B403FD49F40E4
:1053B0001D64613FED236C3F7AC7153DC5D535BFF0
:1053C0001B9BFA3EED72A0BFE6DFABBF3E4C3E3FFB
:1053D0004E339AC0CC02ABBF059A6F401C941ABEE4
:1053E000D020533EEF8F933F33C99F3FA71A20BF72
:1053F000D60B523F73739F3F218AAC3FFDCCE03EFA
:105400000D7E61C0B98C56C036F5CC3F2CC838C073
:1054100065C2A93EDF83233E45EA973EA37C7ABF5F
:10542000AD10204049A2C7BE6BBC013F67F790BFDB
:10543000F35780BF7A1C9F3EB4E19D3F64CC00408F
:1054400015DB45BE8ECDB0BE2536183F1D206A3E09
:1054500065346BBEB4E8123FF97A9B40C9A133C0F2
:10546000B3FAE8BE6723A9BFE0F841BF05B79BBF09
:10547000C3590240DB6980BF2A37513F0646BA3E16
:10548000ABF65BBFC99AEB3E30958D3F712CCD3D9D
:1054900008CD0CC0EB6235C023EA0140BA334F3F60
:1054A0000A03433FBCFAA73FBA4005C0BE844FBEC3
:1054B000F8C6C9BFBA90C83F4BACD03FC890033FB5
:1054C000A015BDBEB492B53F9761073EE1E0C4BEF2
:1054D0002688F53F4D9367BEF84411BE19BCA73F1F
:1054E00030694EBD1A9A95BFC07016BEEF05EE3EEC
:1054F000A4FCC6BFBFB7B03F73D5453FAFB0183EA1
:10550000ADB8D5BD09DE423F822C0C3F40C59DBEE3
:105510005E431E3F59098D3F4826A6C0E99A634065
:10552000B6D01C409244A8C02056023F90C41441FB
:10553000522D64BF18D10ABF54314C3FF2757F3FE2
:105540005F87BF3F251292BFDEB0863F7D936FBF5E
:1055500070EA0ABF6CA73CC0B3A10F40F23337C05A
:1055600065F3C0BDE0BF923FD9FC8C3E03BCEDBEED
:105570004066C03E826223BF57ACBD3FEEE4953F1C
:105580002469613F88D387C027F47E3EB4EB49404D
:10559000FE01FC3F92281DBF540D08BEB6CC224030
:1055A000DAE06440F853A53F9946503F75C2393F51
:1055B0003F7522C02C4B523977AC2C4020E80BC0F1
:1055C000053A35BFD6FEB73F16588ABF7A57B73F60
:1055D0007BA4B9BEA0D0FA3E6097A940BD4DD1BF13
:1055E000BCABB7BF489BCABF11ADA63F4E90584059
:1055F000B459ACBE0F324ABF3578E63F42D542407F
:10560000FB32CA3F4A45103FBCAA66BFDA5CD33EB4
:10561000C5D161BE8284BB3F3753884045A84FC087
:1056200007FC373FA966123F4EDB71BE9D25BEBF0A
:105630002E526EBF7D5779BE539F94C0599C473FF1
:105640006F47483E48B3913E99F998405E6BF240EF
:105650006631723E6139CCBD57148D3F4B16F73F12
:105660004F3E33408E8E463E01295E3FCB942ABD8D
:105670008F041AC02D9EB1BF18AC5F3F5B7416C07B
:10568000795E5DBF95EE5EBF49FBB23E7B77A1BC04
:10569000A28AA1BF6826FFBE921C79402982F73DED
:1056A0004FF922C09CE7B33F214AD93FD79D063F1F
:1056B0005B5D20409841DDBE5F0103C089E20D3F84
:1056C000837E04C0777CE0BEA9DB923E280D193FA3
:1056D000DB0AE6BEDE64E9BED043E73FD7C607C0BB
:1056E000CCD4103F7865483FB3F1A63F5C9D723F34
:1056F000949FE6BF810DE1BE7F22F6BFDB03AB3F87
:105700008C29D73F387FBBBF9702DE3FADDFA84073
:10571000B7F0E93F120E304085AED93FF34B3DBEA6
:10572000AC7351BFDE19733FD87EDB3F753C553FEC
:105730003AA280C0FDA568BFC9AA37403B8B34BFE1
:105740002B19233F15BD7ABD983C7BBFFDE1273F58
:105750004FA1D43E1517DB3D2469E3C0A6050340E5
:10576000AB3C52BD8CB304403F317A40921374BFBE
:1057700076A4C6BE010290BD314302C01C82AE3E7B
:10578000D164384081D7D2BE3F3624BF737BBBBFC4
:105790002BEB0AC0A565B43F8852B4BF1CEF004094
:1057A00066BD11BFE9FDA2BFDB2592BD33F59E3F6B
:1057B000BB6747BF33EDAABED5E1E83F7079314002
:1057C0000ED3C33D9F679BC00FB71AC071EBB9BE24
:1057D000F4038840561008C008E699BFF2840240DE
:1057E000F09253403C9412BFF6C90BBFBC6BA83E6D
:1057F000500E36C080B3F2BF4D71493F5E3B6D3FE6
:1058000056570240A258773F14402ABF1811CABE0B
:10581000AA2EB4BD23888B3F2FC1BABF6ACE763F74
:10582000C2D23EBFF8B989C00B451840EA12C74042
:105830003D49D2BE358CE7BEF874733F4722CF3F57
:10584000E8BB42402247143F8BD857BF70F68F3ECB
:10585000715961BF4D2526C0ADEE1F40457D0FC07B
:105860000A863BBF89AF4F3FA5750FBF0934A23FE2
:10587000C0984FBF77892DBF9B7704409554D63F82
:10588000854B8FC0B30459C08F4B5C3D8EEA1840E6
:10589000A03998BF5108C3BF9AD32D406DF6174069
:1058A000D4B3A3402EE7BF3EF9D8CF3FE1D69BBF8C
:1058B00021A73D40DC678C3FA71DB4BD34354FBFE9
:1058C00030F9233FE82C393FE86E84BEFDD5E73D33
:1058D00027E55DBE12F5EABF4BE5A040375C6FBF20
:1058E000E2C41FC0A1E5DB3FD8DD8CC0762092BFAB
:1058F000551551BFEE35053FC0AC1540E3A30F4031
:10590000D7AE36BF55EB8DBFE0466C3E4B4E6B3F7E
:10591000E1E29140FC8A20BF9261EABF4029803FCA
:105920001EB2DCBFFA11A0BFFD7BAABFBADA97BFD7
:10593000B02D70BF2C51123F5C6D1D4051D7AEBED3
:1059400013100CC0C89A593F401746402D79764035
:105950001B8079BF123DB93EE3D8BCBF9B96E43EA5
:1059600036505FC02ECFE9BE925F94BFD994FE3E01
:105970006A70A03FF2ABF4BEF5688640DC047BC0E1
:105980002A2B133F8613A6BF7BDD363E0809663DF2
:1059900014789FBFC70D4DBD35749C4014D3C9BF4B
:1059A000D1CFAEC047ABF73F74E070402F0486BD47
:1059B0008E86113FA8AEE6BF416329C07178803F53
:1059C000609289BF5DE70840BC85E5BF284D37BFC1
:1059D00047FBE63F6986A0BFFB6CD83F8B0E37C004
:1059E0004C9CADBE186C123E7F25673F9A4E25BF7A
:1059F000F60814BF3B0B1FBC8BDA66BF556C1D3E0F
:105A0000BC14A0BFBCD20B3FE77A444048F5C03F6E
:105A100000F976BEEEA7F73EA3AA91BFC594463F14
:105A2000C57F6D3F0083553FD8763E4090C03E3DD8
:105A3000021AECBE84887C3E4A8B8B3FD3CCB2BF2B
:105A40002BF92CBFA8BE40BEFF892BBF95D4403F89
:105A5000A977823FBE15BF3E32ADDB40C20412C003
:105A6000DA0429C0FA550BBFC32641BFF49B63C0BB
:105A7000446A04BF387ECB3E3A6C9BBDEA1831BD08
:105A80001AFE69BF2F2B64BFE8A441BF94AD903EBE
:105A90005741F03F5482D03F9EF6E93FBBF549BFE6
:105AA0002FA193BFFF571D407805C1BFD2BF463F0E
:105AB0001B843F3FC4FFCABE672A0D408077FD3D6F
:105AC000DEB947C0B06854407C0B6640396CFD407D
:105AD0003F9D3ABEEC86BBBFC4FB343F6A2A6F4091
:105AE000A72802C05A10FEBFC1A0E03F985792BF3E
:105AF00041288E3F57545CBFA21169409AF088C07C
:105B00002015A93FCD0CE03F7B836A3F0358013B42
:105B1000183242BD9A50483F0D7BF13FCB89E83E99
:105B20007BFE70C0CBF010C014EA11BED643EE3F2E
:105B30001BAFCBBE549F253F867E5640E190E63F8B
:105B400016E73D40740C9DBE0B2659BF4794D2BF4B
:105B50008E59913FC1168DBF1624C93E73AE933F37
:105B6000211381BECF31BE3E04F7BE3D0F5E4C3ED9
:105B7000567B6C3F8780A13F9C986FC0EA0E6E40B9
:105B8000898ACBBD408C0CC0B383D7BC5B1F04BFDC
:105B90002A28D3BF00AC6ABFBC4584C0CFE80AC086
:105BA0002B8B58C05EDBB2BFF4D0C2BE10232C3E9C
:105BB0007EA8C83F06C2B4BF9D90E43FB3EDBE3E91
:105BC0000F4F44BEB2245F3F20C633BF30BB913F6E
:105BD000B4092ABFD35400C0543A2041EBF76DC03A
:105BE00090688A3FF8CFB83F05F996C0816B9DC099
:105BF000611E604012FF1D3FCCE89EBF8E8E394073
:105C0000EAF1ABC0B511AABDD37BD5BD8C29173F36
:105C1000343633C0BEE930C03E4998401A55094079
:105C2000FFFF19BFE6CD29BF18D22DBFF7980C3F53
:105C3000499D2FBFAD60D0BE705DA6404EAC49BE41
:105C4000377312C0F413E6BF5014B1BF665EC6C00E
:105C5000A5E2A33F46B8B63F4BE6F7BEE4B725C082
:105C6000F9991FBFE5B0083FC50948BF9C81A03D19
:105C700047EDBC3E52D03240F606803E16658F3F5F
:105C80009B85F9BE5002BCBD442914BF59A2403FB8
:105C9000FD20D4BFA1291A3F8941A640860885BFAF
:105CA000CE4217BFC1C186BFFA9034C0C65A203F4A
:105CB0003EB6A83FAD1BBD3F0C58EC3F8999444010
:105CC000E3B0853F5DB7693FE09FBC3F88BA6BBFDB
:105CD000C5231F3E5C6173BFC72B8C3FCA3FB5BD58
:105CE000DA11B23FD6CCDDBFD8FE4BBF19BA8DBD9D
:105CF00082D4383F7B20A6BFB65A583FC17C813F33
:105D0000155E36C00DDA0F3FA1CF4240398FE54016
:105D1000978316404DB3C3BFFA7A04BF9E4B7840B9
:105D200030D8004087DC8FBF8362463F0B3AE9BE24
:105D300072D55BBE20AD57C055EB493F76DB6FC0D7
:105D40005DD114BEB89A9FBFA93B9BBE31AD183F31
:105D5000703B153DF5ECBB3E1A3A1D4144D934C0A9
:105D6000F709B0C077606940B7C30B4079446CC095
:105D70009DFF1E40416EB6BF0A1E26C064DBD03FA9
:105D8000AB1BF5BFED34A13F9E111CBFD1E5C63E54
:105D9000253B613FE0F0BB3F1BCA0B4043801FC067
:105DA0002C5EDFBFD409AE3F37F898BEED2B5F3FC6
:105DB0009D39B6BE35B2BEBE77CB1D40E185CBBFA7
:105DC000DE49CBBF4B0E83BF62C024BE143C1740DC
:105DD0005A5012BE5D67943F05A535406740F23FBB
:105DE000EAA91140FD4D05BF8C2439BFEF557BBF9B
:105DF0000093243FF00AC5BFCD14043DCD32F3BE5D
:105E0000F8884DBFA6A7263F979BEBBBA7A6E8BF88
:105E10006CBDB23FA35B3BBF953C3F405584113FF7
:105E2000DCB6E7BF81288EC002ED9C3DD9219A3FA8
:105E300052380640AEC4FEBE2E5C12402968CB3FED
:105E4000FEE74740B333273F3D5D52BFAF3A043FC3
:105E50004FEA33C04EFE4BBFE23A3440B05A793F6E
:105E600033DE83BFF9B4863FF98214BD78E8C5BD3F
:105E7000BC1418C02F8C623ED29198406696CBBF5E
:105E800085A9133FB8467B3FEBB28FC062565BBF1C
:105E9000B95B583FDA005CBFACC708402648FB3FFF
:105EA000E8B6CBBE79E98C3EF486DE3FF6FF0FBF45
:105EB000ABD4C33F2F209EBE3E7D9FBF2FFBCE3E67
:105EC000549C943E39C483BF57EC2EC0463E6A3F73
:105ED000A26D853E0072B63FA2E8B040F19959BF6D
:105EE0008064C1BF578A09C06CD28ABFA6F345C07F
:105EF0001A770440577F7EBFAC99A8BDFAD00A40FC
:105F00004165853F2FC72F3F0452803EBECFD0BE94
:105F100055D618C0335990BDBA945740175DD53F38
:105F20006DB623BF53F5CC3FB87CA9BE2B0BBABFCF
:105F3000E00EC6BFA01F85BFDFF67B3E53F8F63FDD
:105F40001258B5BF2A3D02C09433773FAB6C324044
:105F5000D0F33640F4A5C53F0CD813C073D9CE3F5B
:105F60008BA4EB3FE5B1FEBEF9E75C3F4C30CB3F85
:105F7000144150BF97504CC01F8C013EFD0BF0BF29
:105F8000FD20EABF06BD853FAACBE63F175F1A3F5B
:105F9000E769953F75F8103F50192DBF380CAEBE1C
:105FA000B08CB23E819A843F91DF7540B941574031
:105FB000756BAC3F29E234BFE54F6C3EB1E55A3D0D
:105FC00088C931BF2FECA13EF1D242BED54463BF98
:105FD000B74B5AC05E0A023F53232840856CDABF94
:105FE000AFF0003FEE9C0EBFCD2612BFF484F2BE90
:105FF0001F0DB53FC400E73E70D311410CE48DBFC7
:10600000697B92C09AD5733EE95404BFA44204C18F
:106010006ED102405C2E67BE0738A5C080E014C078
:1060200082C4A8C063ED893F723D243EF23721BF90
:10603000A6C1C33F270ABD3ED06F2D4011187CBEBC
:1060400001A2C43C46854FBE09FABEBF68845F3CCE
:106050006988D43FF92D7B3E58F2CEC018F1C43F79
:1060600059DEEC3D625B3140F056EB404CF3B14001
:106070008B42BEBE0C0487BEBE25C1BF87D10CBFFC
:106080008A6B0EC08183B4BF6654FEBE0AC6E0BDF3
:106090009A7670C04886D03C54C367408419BDBF0F
:1060A000142FA1BDB9AC943F4AAA8E3EBC7F75BFE8
:1060B000EF43913F45518B3E591188BFED981F40EA
:1060C000901201C0AA5FC3C0D68B3DBEFDDBE54088
:1060D000BB4DAB3FAAFF953FCA2322BFBC3A02404B
:1060E00063F88340BB1C66BFE9685ABFE3CEC03E7D
:1060F0005832E73F4E52E6C0D14F82BF7E7E3FC04E
:1061000021BE5DBE1C0FE3BDBAF1933E62B9A2BED3
:10611000DC1DD9BFBCF808BF0AC49BC0B05F2D40CE
:10612000D58BCEBE56B5F83FA9B71F408331E940A5
:10613000F1493A3FFE39B4BE867EB43E6D81B53F2B
:1061400053D432BFC0C3373F0EA87F3E2FCCEE3EA4
:106150000F0E14BFAF8B30C0688008BEE0769ABFC8
:106160005A5B83BFEC30B23F49D20BC001B0A6BF2F
:10617000461CEE3E7E3ECB3FCC9FF440961CE9C0D1
:1061800027E26DBF16B20A404BFEAF3E62480EC119
:106190007DBCF73F6310D8BE92EC5FBF0C70ABBF05
:1061A0006ABA85C0B0DE7A3F258430BFB5DD30BF26
:1061B000D4C082C0EDF53BC0437546401A7E814095
:1061C000FADAA1BFD1B5F6BE75872CBEA1EBEABE47
:1061D000ABECE53D95C0703FD37A5C408220853CB6
:1061E00004D85CC0EE13343F6AEEE93FBA264E3F56
:1061F000F36B6740103CF7BE3699A5BF896E653FCB
:106200003FA8A6BE575D5F3F6CDB99BF3EE30840E9
:106210009E1498BFABD824C0193B093F46F07CBF01
:1062200080E81D3FFD93C73F4EF2F13E8D3DCC3FD0
:1062300086C98ABF74140BBFB79008C02491174059
:10624000BB5429C02EEB4540ECA22940FD6FCF4046
:10625000CF388C3DB6DA253F942B18C022138B3FE4
:10626000ECA647C003DF0A3F941540BFCE119D3E08
:1062700030873540B3E05EC0642DF3BD79D05FC098
:106280004193F93EB8E5253F71D288BF0183D03FE5
:10629000809D013FCD80AD3F7E771140DB4FCDBF6C
:1062A0000FFE9FBFFBD303C00D4A803F25A9B4BE9C
:1062B000E96CA0BFD8C040BDE445B63FE448683FA4
:1062C000244B693D65CB90BF395C6BBF30A2C4BE27
:1062D000E388B6BF12CBFABEE5BF87405EBBA83FDE
:1062E0001508563E00B8003F28CB233EFCC3F83CBF
:1062F000D17D5ABF24FCF33C336CE33F466E06BFAE
:10630000D9CF62BE67BB25BF8273E3BFABCA38BFBC
:106310004D14353F246256BE2E54A83F0F38B23F6D
:10632000579635BE2892C53E895D5D3FE9D0BA3E9D
:106330003DEB88BF29F6DABF7A77933F9A951240F2
:106340001986743F7CDEE83F087208BF5E2D2EBFC1
:10635000CB1F033F4CBB1CBC7E8DD33EE047A83F08
:10636000A16038BF298018C0546EE53E0599DF3F13
:106370005F2B07BFB0AB273E00439ABF6B985B3FD4
:106380006ED538BE540BF33E0697064041F701BE6A
:106390001368A43ECBB947BF014B2F406E2895BF71
:1063A000DCFA24BF87050A3E5184573E38AB923F42
:1063B000CE4E3CBFA83C953C24E0034198027ABFF6
:1063C00055F43EC0589ECFBE92D5313F51A422C055
:1063D0003FEBA53F3906EB3FA80530C002FEFA3E71
:1063E0002BC262C02D9A87BF1C0595BFA7B51BC0E5
:1063F00001D7593BE45BB43FAECDAD40C0310DC0D9
:10640000E86DCC3E5154BEBE2BF51BBF29EF763F45
:106410001ACAC83E8533623DF731B3400E754ABE95
:1064200006A62B3F18DF8DBFF83F8CC091D0183FD8
:1064300013152F40E75458BFA93E1B40F3A709404E
:10644000024F163FCEBE09BF1CD242BF754A633E03
:10645000032147BED1205B3E6C8AA6BD183FCABE51
:1064600020A364BFB3E18BBE28FACFBFC7873A3FF2
:10647000BAAA8A3F2A0B93BF9F5CB7402F2493C0D0
:106480002251A43DDBC18F3F881098BFBD6555C028
:10649000F2479F3F3B012F40D52B303F54BD154065
:1064A0005300C5BF7350DE3FA50A43BC1EF42EBE89
:1064B0001E2E35C057CB2AC0B9ED47408A4E244026
:1064C000294601BF338287BF5258F6BE1FC785BE1B
:1064D00066E25B3F06CB383F452D6E4017204ABF32
:1064E000289A3DC0283B473F95B529403C7CC44095
:1064F000015504406FB125BF6E587D3FD8355D40D2
:106500002CA0C83F939EB53EE4E891BFDC17813FC5
:106510003291E3BDCD56F2BF80A9B13F67B480C0D0
:10652000F8F08A3E4456F53EABCF13BE08A79BBF9A
:106530007C8E1DBFFC7BDE3F5181F53F8442CEBE89
:106540003B2B39C09B7F52C01EAAD33F39B9803F35
:106550002118B7BFDB27BD3DC9FF06400029E83D34
:1065600078AD1640D460693E6C5243BDAB347EBDFD
:10657000DB34FE3EE9CF2C3F4C8F0C400322B8BEEB
:106580004D05C9BF0D47053EFFF88EBFC627B0BEFB
:10659000A8E948BE87102E3FC01B803F96AF89BF39
:1065A000A7BB2DC095F996BF3E43883F847454C065
:1065B000010E42BF0418383FE7A0F3BED11A65BFF1
:1065C00042FF703E009CB03DC21D3DBE1EF34CBF5D
:1065D0000234933D13EBB6BF03C64E3FCAE20F40F1
:1065E000DC9322BE79AC603DFB6A82BF8C4B94BFCA
:1065F000C4FF083D1237283FB319B7BF1C34ED3F25
:1066000059A0E63EE7DD27C03C5F3EBF4C9923C062
:106610003B6625BFA5E706BFAEBFD2BF349206BF1B
:10662000C649D43E84DF13BFC7D1A1BF26AC1CBF6F
:106630005C5B11BF7F4C3C3F1C25B23FD89ADE3FCC
:1066400080A21A3F267D84BD532C1FBF435B9CBF95
:10665000900ED4BF2327C6BF060B8D40DA05D8BFE6
:106660007FC5F4BFB381C2BFC17899BEE016D3BE67
:10667000AB07463F887E53BFAD26B33F395B3440FE
:1066800011A9D23F184CB13FAF4DB2BD8AE4D2BB85
:1066900074F7A6BFD892B2BF200F2D4012738A3F65
:1066A00004C058BE15033C3F94EBF13E86958EBE68
:1066B0001F35D5BFF8D1FB3E824BD440BBCB26C0A3
:1066C000BFE048C02A3038BE1DFE70BF4C3237C014
:1066D000B8C0B1BF8FC7353EE3FF5B3FC64B8A3FB3
:1066E000FAD3323B5F4F433F4FEA3B3EA62DB3BF49
:1066F0006B042D40C2DC9D3F1543B93FAC84DABE2C
:106700009A9045BD6B822BBFF62AA73F7C1C31BFF8
:10671000584FA5BFBF00D1BF78E9DB40C36EF53E3F
:10672000972723C062BE66BFFF2B90C04190EBC08D
:106730002857584098CEA8BEE4E01EBFB0F7CA3E26
:10674000329B223FD8B4FD3E47F9B53FE49A7B3FE8
:1067500037F8F23E7E939B3F6EA1B3BF30023740C5
:10676000C722C5BD362DCC3E068CC83E13D3AEBE67
:106770003AE7C23FC11EC2BE89060FC14746384034
:10678000338402403AA836C0E0DB004018A504403C
:1067900064AFD3BFAD87E73D4918A13E190276BF6C
:1067A0004D28424072FBF7BEB22BF3BE44CA8A3D6D
:1067B00059EB15C01C7D24BF851A88BE5D3A184070
:1067C0003FE44FBFCCD293BF3047CF3EF1A24EBF84
:1067D0008120B3BFA27D1C3FE477D63FF2DA703F41
:1067E000D41C9FBF94FAABBF1E2C1F406CDF8240AD
:1067F000B40D3440BE599EBF37D0DBBF08B38F3FC6
:10680000299B9C3E887F0DC0A12194BFC18AF7BA05
:10681000E9C5D7BF31CEECBFABF4094030205CC036
:1068200097D7E5BEAA9401BF1A4D603D16A061BF7F
:10683000A76CEE3EDE2D5BBE1E6FA1C01F084E4052
:1068400065A0F13FA35E38C02018903FE193C84097
:1068500026F3343FDA4F76BFF788003F32BDE23F80
:10686000B8572B405148FCBFE46F9CBE88B620BF90
:10687000AB321AC04AA4CDBF3AB6963F7B9B57BFF6
:10688000409481BFB0DF0BBF4043A6BFD15AC8BF01
:10689000FF0C60BF9BC1FFBF691A11C0E978F33FCD
:1068A0003829393F476E5DBCE6B0253F92AE78C0CF
:1068B0006FD91040C602573F171A40C07D57F7BF27
:1068C0009F0E0DBFDC6ADEBFFAB5143F6F64D4BE05
:1068D000540735C0DB5A333F19D6D4BEA9550340FF
:1068E0006808483E61861A3FE4AD2C3F118328BFFB
:1068F0008E52923FC55F3EBE09DD47C14C6F3540A9
:10690000DB432C40505E043FF623B040D4DC2A40E9
:106910005099FFBFFAEA06BF82F2C4BF20FA4DBF0A
:1069200020CF6840EA0714BE6B44143FB751AABE9B
:10693000F08F4CC05DC0843FC5D19CBF8AC18F3FE2
:10694000B75C6B3FC14F0F401D7EC93FF89EC9BF6A
:106950009B32DC3E1DD1B33EFAC3E640C4E781BFA3
:10696000D4EECBBF39DB0FBFB2C464C0F2FE3DC072
:10697000B5A09F3F3520003FB420823F30C7A23FE3
:106980000AA17FBFC7F28EBFB63774BFA7B7C0BE1C
:1069900065EB8C3F1D12483FF932973F6CC11F3F9A
:1069A00071F2C1BE97F23B3F747B4F3F50A7113F3E
:1069B000F0C3F2BFA6AB8CBD9D069B408D103F3F40
:1069C000082D5CC0ABD263C0746DB9BF6911F43FD0
:1069D0000071064057CBCA3FCFD68D40CAEDCA3FA3
:1069E0008B8B8A4012036DBF94B2A73F30F56A3E8D
:1069F00075129D3E01D60D3F3078D2BE02ADEABD84
:106A0000199BB2BFFC201ABF5CC586BFD084C63FAD
:106A10000232B53E5AE17BBF085D2541A511BBBFDF
:106A2000008BA4C0B2D3063F8B79033F866E8F3FA5
:106A300001673A401E94B93FBD6218C099C6B33F82
:106A4000C87B68C01540D73C7A00D2BF5A62423F2B
:106A500040390F40423D18C066CC4640E9D294C050
:106A6000F49FCBBF235C94BD374E9F3FD069D8BF06
:106A7000ABB66A3F0AC0843F322E1441AB7615C0D4
:106A800079B6F6BF0DE9843FFD1583C095FAA3C022
:106A90002085D13FA6D8B23F343CE83E74195C3E15
:106AA000CBE838BD9CD2AB3E07C4D63E9EAC0C3F73
:106AB00018D15540E92131408ACF17C09E50AABF56
:106AC000A555043F134781BFE1751F3FDCFCB73F6D
:106AD00014ACD43DDC28723F0889394074AFBCBE89
:106AE000B38A00C0732C5FC05BD7053EDB44263EF3
:106AF000F7724A40BBFA07C0B546C43FEAFBEF3F16
:106B000022171D401B56D83EB6F499BFDEF1CBBF0D
:106B10005E6A79C01BB364C0727D1A40C7C61D404F
:106B2000526E81BFE7F9763F9F3C0C3F1CF45BBF80
:106B3000CC7D2EBF4A04A2BFCED0A0BFC812233F37
:106B4000F0106EC0C85DBCC0C73D4940D2432FC0E5
:106B50009773A3BEE7A923BE55803BBF848E94C024
:106B60004A37D2BEC4ED04BD90C6F2BF6F8F25BEBA
:106B7000EE3EF9BF706359C0A6712F4098EA4A40B3
:106B8000FDEB0940E041303F77AAC1BE4B4CC53F09
:106B90003D6849BF5068803F01D9E93F3A1D7BBF3E
:106BA0007F8B2FC0E69FB13D8F926B40248C0840B5
:106BB0008899843F87C956BF747899BFB77727BE35
:106BC000876BAFBE9E9508BFAC627E3FA24650BFAA
:106BD0003E13C9BE541AE2BFF28FB93F761E25C0DC
:106BE0000A0ACB3D6BEAC73FB14E413FE4FD0A3E86
:106BF00019BBE53FE1BD63BF6458CF3FB318083F01
:106C0000CA8C2EBF6200ADBB58740340E7629F4040
:106C1000CD23F93EF82FEEBFB5AA5BBD506EB43F51
:106C2000CE9EFABFF7FD3C3F10AFE43F4BCA6D3D2F
:106C3000D8654FBF6BF2C4BE2CB180404CAC3FC096
:106C4000F98C9F3E00F46C4069F10E3F3F70CFBD60
:106C50002BFF4A3F60F4473FFD576C40570824C064
:106C600095E4333CD81CCABFFFDE0D3F4A87BB3ECC
:106C70009C9D7ABE26D6C23F51A3D8BE9D91D13FDE
:106C80008B1DD6BF8C8A85BEAC0F8CBC9BC6C6BD87
:106C90000851EEBF8A9B21C040AEA440A8BD42BEB1
:106CA00043C5D13DF44501BF47D943BFFCF0A2BE67
:106CB0002FC037BF23E8F0BE1AB4AD3FA18DABBEE5
:106CC000E3336DC01A5A0F3EF4A93A40FD054E4019
:106CD00050438ABF9D0F0340B71525BFE4751C4084
:106CE00045DEFD3FE9264B3F52DC393B105916C0CB
:106CF0003D19114089C790BF6A7E613F179435C026
:106D00007A97B6BEB382DBBD23DC733F1B6994BEAA
:106D1000DB9E7A3E08AAF03E6DED82C0E213384059
:106D2000A98A743EA7FC43C04C140140FA4D6E4042
:106D30008280C03E5F50853FF0BEEABFC9BE32BF11
:106D40005E9DB83E0FC805BE9DC5B4BFA9D7863E9F
:106D50007FDB94BF542A19C0EF22AB3F81FB8EBF6B
:106D6000EF024C3FE0E37B3F849E9B3F4E102F3F62
:106D70000BBD8EBEE8508A3ED5543040719DD13F48
:106D8000484491C0521E88C0EB273B3F0A20B440C4
:106D90000F563FC024D00D3FD6498540ED7A534071
:106DA00022A79040DA7C77BF72CA163E0D065A3F82
:106DB000F4FD634077DB004001CD3340001B19C078
:106DC000AF8F68BFE03A593F0FEEDCBF14CA6FBF08
:106DD0005AA140BFF8BBC2BE36723340A271FFBE9B
:106DE00016F4C9BF2BB566C01921A13E6E22A23E82
:106DF000D50F2540C22CF53E0313F53FC961EB3F8B
:106E0000B2B6A43F5390613F665C14C089E83A3F34
:106E1000195B95C01F1958C0B7A98640B13E4440C0
:106E20006239C23E43DB7DBF4FD6E73F2E1B2F3F6B
:106E3000D57038BDC0FE95BEE4DDC6BFEFCD98BEAF
:106E400056EF773F89E030C0E36C093F6DF8ED3FC6
:106E5000FD62114092C9E23ADC770D40386E663F20
:106E60006B9CEB3FA62F6A3FB646B73DCC27F93E59
:106E7000068FA4C0CCF37BC0DA45DF3FEEC64140AD
:106E8000C1AD0840E6F485BF0B31B6BE494E5EBFCA
:106E9000F35DBEBF8B28C53F349104403D96DE3F75
:106EA000B0E24C3D03708CC0A4A405C06130DDC0CD
:106EB0008CBEFC3FE704C8BE51EA3CC06EA2ADBF29
:106EC000C312F33EA624AA3F5A8B2C3F2A6C90BED5
:106ED0009A0E18C0282E8A3F300BFA3F1E993E406A
:106EE000852E903FEDFB93BEEFF5EDBEC02BF3BEBC
:106EF0006C9198BD7F81833F70379FC0540A0C40CE
:106F0000272D573FAEE6ABBF051B694086E9F5402C
:106F1000AC70B83FAD8FCE3E83A4593F419D064033
:106F2000CD39444035B513BF919819BF625ED6BEC6
:106F3000F0B45FC0461603C099B1A23F0420CFBF92
:106F4000205F7ABFAE2DD2BD25BBA03FEAFD96BE25
:106F5000AD61343F08262A3ECEAC90403A1C30C08A
:106F600082D1D73E109333BF1EF184BF4B3BA1BFEC
:106F7000E8B9EE3F1A1C873E7A6A203F23F9ED3FBD
:106F8000C5B0BFBF26D61C3EF18EB13F983C453FF1
:106F90005CA35BC0B7D13CC0D27673404B52F43F88
:106FA00052B0D03EE56883BF9CC26F3F71DBAE3DFF
:106FB000CA799E3F8FDE044088D96B3E2AE1DE3ECF
:106FC0009435B8BFF63BB43B450190403B3F11417F
:106FD0000AC0823FAFE81A3F5550693F14514E40F6
:106FE000C2C1EE3E24BB813DCC74303F2E82963F21
:106FF0004494F7BFBC57F8BF93148540689085C090
:1070000061CFFF3E3740D03E148B4F3FC9F3EF3C7A
:10701000C86B97BF6EBB7BBFF78A4A40BA5BFF3F26
:1070200062755AC093E7D7BFC29CC3BF00BB48C0BC
:107030009435F13FE8B292BD57CE60C0DF5C293E87
:10704000DCFD89BFC740D53E3ADE5B3E1E60103F87
:107050009D7EC73F454D1BC03792A83ECEFE413FA7
:107060008AB5D63F715735BFC0D420BF6C0D5ABF0B
:107070009BA031BEA65B363F0DFE17402FF05DBBD7
:107080007C35A2BF784D16C0030686BF3B458540C0
:1070900011D408BEAAF307BF98244440B235774004
:1070A000A81E2E40C21D983F14C27CBF8B9E6FBF8E
:1070B0005A474C3ECBC0D2BF8355FC3F8B5FA5BE29
:1070C00094219A3E93CFD23E2F3E7A3E67716ABF9B
:1070D000DDED06BFB2B7A2BE7AF31040B077BEBEF8
:1070E0000B4034C0ACBFE0BF3EDAB53E0A43A3BF9D
:1070F000615044BFE6809EBF38E08B3FCF87AC3FF6
:1071000068710240C5DEEC3E84455BBDB43ABA3DD1
:1071100076F8963E3486323EE67FD03FFB8CAF3F1A
:1071200087DB89BE57702E3D4A508CBD62C610C0A9
:1071300052B7EFBF1988103E4AF8674055ED96BF29
:10714000B910C83D54A4C93EBAC020C0BFC74CC086
:10715000693436BE893A893E6147FFBEB8AF9C3F6D
:1071600008743BC0191F6A3D19C7F33E481EF43F1F
:107170004D6291BE6CA547BF2EF635402FFC0E40E8
:10718000DFD2FEBF8CF182BD2249843E7BA0A03FAE
:10719000E68D23BECDFFFF3B72C5B540978326C069
:1071A0005AF6EEBFFD25AC3DB9D306C0CF617C3F9A
:1071B000853FAE3F327410C07A8246407DDC3D4050
:1071C000F4350A4035F0DEBFB92D263E04FE0F3FF0
:1071D0000114803FC57CFABF91D082BFBE2F8EBE06
:1071E0000B0DEC3F1A68703FAB38C13E19ECC53F40
:1071F000B162DC3EA3B1BE3FA70A3CBE832119BEEB
:10720000A51AF9BF8875063F901BAFBF5F8508C1FF
:1072100054B5AB3FA07CB23F9A99E4BF926008C0DE
:10722000E74003402588993F4E5A8C3EBACF5E3ED8
:107230002D0CFC3ED0E568BC25869DC020C8894049
:107240004B3A793EBCC777BFA5154E3E80891D3F9E
:10725000355B84BFD381C63E3E3B9FC0A1F539401C
:107260006DDAE2BD766C42BFA6011A4053DC7D4068
:10727000DF126F3E5F5885BF690CC7BFA02C9D3FD2
:107280003C6FBE3F86087F3EB10FA03F696394BF4D
:10729000B0C48ABFC8E7EABF4940FB3E30AE04BF76
:1072A00022FFC5BF65AD4DBF1F75D03F159B8EBE7C
:1072B0005D2BB03F61E7B6BEB0E29F4069E5BABE64
:1072C0000E28CDBF335F01C0A54CB2BF28937FBF4E
:1072D0005EF062BEFD6FB83E1C9F9C3F9365D83F39
:1072E000AF29D23EEA1A68BFE1F29FBE1DB583BF47
:1072F000A84EA93EC7D2BF3F6DF2474015C80C3E0D
:10730000B682A33F06F9123FD1713C3F6865093F41
:10731000A21D67BF744ADB3F22136B40386165BE14
:107320009F8A01BF4E1285C0E66039BF5037C64004
:10733000D3361C400EA34CBFB01E8E400A8674404C
:1073400003A42240BAEB20BF57B556BD25F4034035
:10735000C48A53C0006F49C0306E7D40E02888BEAB
:10736000B542893E2A1F353FE167A53F3520383FAA
:10737000B891A03FF66F13BFFFE6CC4031ECD03F91
:107380002CC644C0BE1B32C09D3B08C058E1493FDB
:10739000207A31406E0C053F33B6D9BFC0CA3240A7
:1073A000CFBE5DBF14EC103F772D9A3FE5AF6E3B2B
:1073B000AC7C223FD1A52BC0047D4D40B1AB91BF29
:1073C000459EEC3E7FC1213F0E9DCABF3C530F3FFF
:1073D000AF3445BE67A5873FF959DB3FDAAF0BBF36
:1073E00014DC4BC0523C4DC06501BD3FD4209140E0
:1073F0007EFB763E19A787BF8E4881409F310040B3
:107400005D2891402A63833D71CFF1BE22CDCBBF71
:10741000C51A10BE570EF9BFF901143F69B526BF52
:1074200014F240BF1CC30EBF689D9E3E9EE4893E81
:10743000188AA13E8FE70F3F0B61AEBF9F4A1040F5
:10744000A03B54BF79B185BF9964A43F8831BD3F4B
:1074500085B43B3F44D79E3E97F33FC013E3BA3F0A
:10746000EC939D3F098D333F181279BF448E97BF2F
:1074700015CC573C59D37CBF532D383F15CBB7BFE4
:10748000477BC2BD41ACBD3D6464A73E75FF8EBF66
:1074900096F4E9BE54A531BFE574543FAFA1A83FAF
:1074A00097761FC029C2D93FDC52F53F8E259ABF7F
:1074B000A6701340D1036ABEBC6860C0EC8AD4BE1B
:1074C00046900AC04DF1853F63F135BE4585143FB6
:1074D000AEBE0CBF4A7E8FBF38470D3F9D3AB7BE48
:1074E00047EDA23F3B8DF43F8AC3D4BD245910BF62
:1074F0000C4176BD4B4C633FD2B60041AB4933BF24
:10750000D598AFC0F7A0B93D125E40BF58AC67C078
:10751000CC2080402892373F05040CC0262BCB3F5F
:107520004B43553FD4A8643E6183963F9D9F20BE48
:107530009B729F3F587902C05ED55DBFAFF602BF18
:10754000EFEC35BFAEEC523F1DCC123FB6CCDA3E6D
:10755000932E6EBF4D1ED63FF2E7B840D91ECDBF69
:1075600068E264BF6038B3BF34FC1AC0B591BE4056
:1075700092E8783F6106A93E287E9D4081DB9140DC
:10758000347FB43FCFEA213FA5293DBFCD1793BF3C
:10759000414ABA3E573F19C0A1D8034064D0C7BF83
:1075A0005C01333FC988EDBF9FD69A3D871F623E7D
:1075B000E05889BF5726DA3F17138D40C9DFF2BE66
:1075C000B3532BC0C9F3F9BE96CCB5BE13568A404F
:1075D000D5C5AFBD6918B1BE00223140992C7B3FA3
:1075E000A59600BF66BFB33F553985BF532A533FA9
:1075F0004F9E2840FE0902BF1F57423F396237C0E5
:107600007624D13E214A853E8D88D7BD7F4E403FAE
:1076100077D40ABEA12E9F3FE6AED43F3C5A82BF2C
:1076200001EB12BEB46A7AC02E1B313F4C051840E4
:10763000676A1240BA556A3FB7EC4C409A3CF63F35
:10764000EBA6E53F3DACDABF14D2563F8E7D88BE37
:107650005DB2B1C00FDB5FC096008D40E9242340CE
:107660009E3FF53F70EA723F345B80BFB761D93E01
:107670009F6AC43F6AE7DBBF6152153FFAC80E3EFE
:1076800022F444C007E11FC0BF4BCC3F8647CCC0AB
:107690003BB9613F15D042BFB9689DBFE59B8BBF29
:1076A00001000640C44D9EBF98DFD8BE3D570D3F38
:1076B000A25C2AC03799073C2A1AB03F6D1D8E4044
:1076C0005E326B3FC6068D3F518833BF40AA1B40D8
:1076D0005B1CA1BF230B1340C40BA4408D4203C00D
:1076E000B82A223F81BD4EC0A76073BF01E11C4094
:1076F00048D7864093BCCEBF37CB16407B4308406B
:107700001F468A3F81F719BF0B9FB43F67017BBEBD
:10771000473E98C0C84B75C08AA44540B5AE893D68
:10772000509CD23E440FDC3F93691F3FE1E6093F86
:107730008232EE3F3DFA66BFFA7EADBE358A953F96
:10774000BF2C64BF9C76AE3F33826D4056521441CD
:10775000785E793F44C3BABF7142FA3EB9223B40DA
:10776000B9BFA1BFDEEB74BFB5556DBF3F08013F88
:10777000F94696BF0F80D4BF26A56940EBF788C0B5
:10778000A3568E3F720F50BF7CB3A33F385D95BFA9
:10779000E05B0D3E2887873FE07A4E402562C03F80
:1077A000AF451CC00897C2BF7CC013C04EE74F3F17
:1077B000498095BF1335863F899CC13FEEFC3F4011
:1077C000008B993FC4F5D1BE078FB43FAC45253F30
:1077D000C85A2A4025CA8B3F9A06D13F19A52F3E89
:1077E000AC90B93FD4649B3F1A28B93E2ACB9ABFCC
:1077F00065AB053FF8BEAFBEB6F857407FA8A4BF43
:10780000D9834CC06AFD2C4015863F4043DA754051
:1078100079479BBF97724E3F162B0ABE8656204073
:107820005F0D71BF772693BE5EA4573F144201BE21
:107830006C341740C619153FD10C1340E42B80C09F
:10784000F07077BFCFE46E3F69F5D03E68ACF7BE0D
:10785000DCCEB63ED436F93F47A5EE40B1DB00C0E2
:107860006B06FEBEA6C51EBF4F2954C0B585774026
:107870006ADE0ABEE8C9BB3F055467403D7A8240D4
:10788000742EEFBEF9C03FBF8F3E303F7AEF56BF38
:107890006921F03F4379F3BEF47C3140634015C069
:1078A0005C2F6D3EB216CF3E3BCFDFBF42F27B3D39
:1078B0007E2A9A3F696D8F3E294E0E4168FC56BF65
:1078C000AE728BC0383EDB3FCCCB853D2761D6C046
:1078D00007B5FD3FD9050CBF42029BC01A55B63E05
:1078E000994764C070F7C83F3D6A05BEFB017B3E07
:1078F000E39C9B3F037FF13F6DDF4440284C80BFFA
:107900004C3A733E11444E3F9880403E8AA996BF40
:107910001554C43E19FC4B3FC8FCA54055052BC06F
:10792000834F14BFC97E4FBE86A6B4BF33CF92C06B
:107930005468B93FD0A0333ECA1B723E6A5A0FBF8B
:10794000633ED6BFAB7103C0F311523FB49808BE7B
:10795000C33FC8BF580401BF501FC63FDCBCFB3F3C
:10796000EB1ACE3F0CEB273F644D15BE20CC64BE16
:107970003BD58ABE424AA13E741ACFBFA280363D93
:10798000AE5281BF378BD83E57B52140A6042E405A
:10799000D952113D262B42BF8ED310BFE402D03FF7
:1079A00083D66840D761F5BE48EFCE3D0B6D293BCD
:1079B000AC88103FD5EEA6BE6ABBD6BF619913C096
:1079C0002569163EAC88603E923E0EBF6874224028
:1079D00011DA56BFC72B9EBECD701D41B51721C011
:1079E00042C13E40CC89773FD591FCC085120FBF84
:1079F00017B4CE408B53AFBFFA8F3D4000ED8340AC
:107A000050E602C0C405F53EC2F005C0104E09BEE6
:107A1000602D48C0AB433AC0D9B6CE3EB86AA63F47
:107A20002B5D9CBF26A55C3E0487AE3F3A33323FB8
:107A3000FFC7E6BEB95DBC3F935CC64097993FC0A7
:107A40002424254002AB523FB34D87C0BBCC7F3FBF
:107A50009F19224090C7C8BE25E7A73F530B84401B
:107A60001448D4BFD305C23FF5DABB3F133E833F72
:107A7000D7DAECBFFCEF3EC028B70B40F2A769BDD8
:107A80002C6C253F394C37BF0DB64FBF0F44873F95
:107A90009455D43F8421783E4C94AEC0CE800440AF
:107AA00074CD01403EAB5DBF53690F40FED82C4101
:107AB00021FAF53E8F40BFBF26615C4056077340F8
:107AC000D6768A40F9007ABE6FED42C0174493BE65
:107AD0009E8B15C03DDFC8BF70DD8A3EC43319C020
:107AE000D1EFA63EF9EA60BF66730C3E2CA00640BB
:107AF00058058BBF5AEFA03D73ED87BE379578BE12
:107B00003E5501C052BA0EC0CC1E413F9FA8A13DB8
:107B1000F731C43FFBF6313FA62CCE3F0BB6CF3E2C
:107B20003E4950409AD91D3EE36A10404252A13F5F
:107B30006A7CE1BFA2AA40C0DBDF60BF8DF90E40C6
:107B400066FA50BF35D416BD7D420ABF511ADCBE5D
:107B5000678B963EAE45713FCD864CC039021540CD
:107B6000A56D933E911485C06124CE3F86BC99409B
:107B7000B6CE0C40FEF433BFA36F3F3E5FE5973FA8
:107B8000B3CB69405A429B3FB50BBF3E1E6D29BE29
:107B90006AAC48C0E2FB54C018D7413F74AACABEC1
:107BA000DE7F193E2436D93EB9EBDDBE416783BF87
:107BB000CCAA88BCAE3F803FEC48DB40BCA4BBBF36
:107BC0001FDA7EC007EC18C0B419B63B542691C02A
:107BD000B00AED3F9B8B4EBFEB554D3FFF607F3EA4
:107BE000E55E3440EB830B3FDCFC953F373FE6BD61
:107BF00064F40BBFD0F3D73F80AB6B3F059A483F8F
:107C00004F5800BF0E4EC1BF8E84063F66F8C3BEFC
:107C1000958A103F3D707A3F3ED3C04064D828BF5C
:107C2000E19C6EBFF598A4BFD06B36C03CDEBABEF7
:107C3000BA7DDB3FB774D63ED4F62540FD82544072
:107C4000674D003F816F6FBF8FD504C031599F3D95
:107C5000B1FDB4BFAE5FC93D7B3B42401965BE3F3D
:107C6000443106BFCAA01A3EC61F423EA84F88BF75
:107C7000137BC83D6C15773FBC6F3E40C563143F16
:107C800077D539C03BAD64C063ADA1BE9AD0503F3B
:107C9000BFFD08401F8EFD3E9C2B5A40630A1240D8
:107CA000A4244A40818E0D3DB08AB7BE9D4FA33FAC
:107CB0001BC333C02A42C7BFF7321E403AD73440F5
:107CC0001292503FEB76753F89345E3E484DCF3F70
:107CD0003DA1B0BE2AB88C3DE25ABEC0F5C6954063
:107CE00091995F3F7023A8C0A4E0B7BF0024D33FA1
:107CF0001BEA1F40313969BFE4F512C0F4032E3F7F
:107D0000AA26AD4036235BBE9F8BEDBE4E989C3FAE
:107D1000CC9D7BBF5AD390C01D0566C05A309D3F95
:107D2000A2DB37BEF31AC6BEEF79043F1FEBD9BE04
:107D30009728CE3D0C88BB3F000031006A00A100AF
:107D4000E20017016001AD01FE013B028E02C70295
:107D50000E0357039403CF0316045B049604D70461
:107D6000140561059A05C905160649067606A90691
:107D7000D806010748076107B207C90702082908A2
:107D80003C085F089208B508E0081D094809690920
:107D9000A809C709E009F909260A3B0A640A8F0AFB
:107DA000C60A010B2C0B450B680B890BC20BD50BBC
:107DB000FE0B1F0C420C5F0C7C0CA30CC40CE50CDE
:107DC0000C0D310D480D630D8C0DBF0DD60D0F0E32
:107DD000380E690E840EB10ECC0E010F1C0F3B0F36
:107DE0006A0F8D0FB80FD90FEE0F111032106310FC
:107DF0009210A310E81011113A115F119611BD11E4
:107E0000DE11F7111E123B1260129312C012F7120C
:107E10001A134B13601375139213B713DA13031469
:107E200018143B145C147B149414BD14EA14131539
:107E300036154F1572159315B215C915EE151D1689
:107E40004C1665168416A516BE16E3160C172B17CE
:107E500052176D179217B917E61707182C185118F3
:107E600068188918A818BF18DC18031920193F19B9
:107E700062197B199819BD19D219ED190E1A251A14
:107E8000461A651A821AA51AC41AE31AFC1A111B9B
:107E90002E1B4B1B6C1B811BA21BC11BE21B011C5D
:107EA000181C371C521C6B1C7E1C991CB81CCF1C48
:107EB000EC1C051D201D3D1D5A1D731D901DA51D8B
:107EC000C01DDB1DF61D0D1EF2FF6C4371CD31414F
:107ED0001BE361439D7F43408AED0041E7EE08428A
:107EE00061A73F4381DEC6404BF2EB3F3C0CE641CD
:107EF0004646AF40407E3B432724854098D306400A
:107F0000B574834089FCD8412CFBD03FD6C13C409E
:107F1000B7CA214060918D4114CC2943B7CA214092
:107F20002CFBD03F2CFBD03FD36B1E409C54B44164
:107F3000B69F9240D115803FDA6DF93F9D7FC33FD8
:107F4000D115803F0E04B63F1F318241DE421B42F5
:107F50005DFB0243D115803F9D7FC33F98D3863F91
:107F60000E04B63FE9537F419EAAD240EF0C1B405E
:107F70007C320A40B574034011856341B5AEEA41D5
:107F80000CAE1741EF0C9B3F43C50143252C6C43BE
:107F90004BE5F0417B0F4E43C9589B4103192B41E0
:107FA000CB644843FE55B5403364704086987A41AF
:107FB000B2CACD3FAD5F11410459CD41ABB92E439B
:107FC000DBD71B4020D44E4009F41F4055E0A03FB2
:107FD000F4723941244B82402A2B014117A4813F7E
:107FE000088CB441E1674640DAC98C4170201D43DA
:107FF000ED33B63FC97B813F2EFBA43F12ADF83F66
:10800000212E284198268A3F72193C40ACF9903FB6
:1080100032719A41AED650402954923F997BFA3F33
:1080200013C80340B0A17841BB3C8F408AA61843D7
:10803000A3EDF9403EDD2C408DFFF73F5733803FE5
:1080400089F46041B6DBA7402DBFB73F2EEEE93F74
:1080500013C8833F13C8833F9EFC784088623A412F
:10806000B2BE813F1D9A5D40BE5C1743ECE5A43F64
:10807000B2D3684381E90F4252D944433CB18A41AB
:10808000C621954114783E43BD27CC40E47410408E
:108090003F457141F3623A40D0AA7B41CF208642EE
:1080A00059CFF64237B81640A2CB80402A8D014105
:1080B0002B70DF403CE4803FA9E1F33F3183654111
:1080C000FA3CB13FDF10834213FCC33FF190AC3F59
:1080D000151DF44239E2AC3F348E803F1A1419402A
:1080E0005206D13F5092B040071025404CF48140D9
:1080F000BFF73A40DB165341B062933F33E361422E
:108100002BFA104181A49341F533CF423EEE913FCB
:10811000D031B83FF0C8C63F1F84204078CFEF3F32
:108120000520863FE5853F41B1879C3FFF9B454049
:108130007389554251B422402D9AD040A6CA80413D
:10814000D4CE1640CA9CD93F82CDCB4223E46443AF
:108150006E8A3D42878135431C6CF641C0A884413C
:108160001C8CFF410490154334406C41024C80410B
:108170005D5B6240A8BA5041ED58CF40E0B5CB41BD
:108180001B601242FAEFE1425E4A3C409C2D3D41A9
:10819000313541414D8B7D4056E412400EEE9E3FFD
:1081A00030CF874010D30C41C54048401571564030
:1081B000EB2D5D402310B041207FF83F229C0A4206
:1081C0008E3DDF42EB9AAC3F76B0E43F45E4933F0F
:1081D000944C2941EF44BF3F166B813FC2D53C40D0
:1081E0009251A23F97753E40F7AFE83F227ADF40B9
:1081F00066000D405DE1923FEFA9F63FE8B1C33F55
:10820000262EA141C91FEE3F48AAC241FA1B2541B3
:10821000133F9E3F92C4DC42254C17417303903FAD
:10822000E0CF9A3F4D1BE23FA1DF813F3A02BF40C2
:1082300030C8534020B5864172BC3C40BA12AB41B5
:108240008EBF0740162C03416DD73440D71DD7424F
:108250002470604364D08942F2871B437D199A41A0
:108260000A9446427479DC4186F1FF42B0237D4195
:10827000263D5C4014659C41FFC2F04114C7854017
:10828000AF07BB41E768FD42ED27A23F7692694107
:10829000D3899C3F91F2813FDE431B404357BD3F52
:1082A0009F8F90416C66C5414F72AD40E6ECC23F76
:1082B000B5172A40D8790E407438A9419167FA421F
:1082C0007A55C03F1FB681410B98ED3FE8C4854108
:1082D0000E86FE40AC368D408BEE803FDBDDA0414C
:1082E00088A9853F6EE8334183EAE3425E9C4541BD
:1082F000803F774046FF4141151593400E7B4D402E
:1083000087C8974083A4813F179B59401AFD90412D
:10831000170CFE3FE440E540F78F82409959BD3F7E
:108320001DF5E04206975B4323AF8F4275BF1343B1
:10833000FC509541C8B55442BC1B00420B71E7424A
:10834000BF668C41CEA38E3F85F8B2410B73F641D8
:10835000E302BF4129690241AD1B364196ADD042CF
:1083600075D8A83F37D98141D6B7F54020156B4164
:1083700073BDC14161D6D2408CE5AA41BBEA204021
:10838000E63E4940DF32A040B5091441DF470840CE
:108390001682A03F8D2BCE42D8636A41B474CA3F87
:1083A000483D9D3F8468CE408CB4CA40DABA05414E
:1083B000B91C4C40DC39A841056224405FA58040CF
:1083C0000B3DD03FBBE19D41F2E5BF3F85EF813FD3
:1083D0006986C63F8A225D40894A03415CF9853F30
:1083E000DDAF813FE0DF8E3FE5198B42512306422E
:1083F0003284A9404791933FF0B20C40145B844013
:108400001C06E6405EBE953F3137913F2181034017
:10841000CA6BE53F1FE399419922B43F71A1943F94
:1084200038C91F400B03C33F72138B414A72164079
:10843000AA9CCE3FE8EDD24016518842C133B23FEC
:108440004E6FFA41A2BA0E4041DF5543ABD0924283
:10845000EC760C4356719B41ACE8574290F4FE41D8
:10846000B330D94226F49241F1D2873FEA5FD4413A
:108470006D71DB418C28E73F0782F041370C3942B0
:108480002F557942ECCAA53F789788416CF131416C
:1084900068CE7641B14DCC41B93BF23F6118D64030
:1084A000EFFBBA41D47E88419B99E9419D0075421A
:1084B00048928A3F7CBE76419D83D33F00F50641BA
:1084C000AFF12B40208404419094E44089E29D4127
:1084D000A0ACB9403406174047958A4085A70741AC
:1084E00059506E41C5C1F440C59C1641ED59E1415A
:1084F000D3FA833F65EE674289235140611165419C
:10850000D7688D3FDCA9E9409200913F03C1823FCB
:108510005A22D53FAE9D11406A39C04036C219403B
:1085200075B39740EC9915404C2F8B418C77744074
:1085300068C3FD3F0C4EAC3F5DBE813F3488444074
:10854000B444A13F66A22140D67DBE4057B75041FA
:108550000FC8EC3FDA009F40D6812B40BA18034089
:108560002DADEB40C46CCE414769174044D131403A
:1085700050D15C420B7F1040FD48813F2F55504346
:1085800099C69442E3F105430C6E9E412C565A4223
:108590004DDD02421F75CA42C0569641BE74813FEE
:1085A00070DAF641E9D1BD41F6A5BA414829164134
:1085B00066F93042D8F06342CDE9A23F23288C41CE
:1085C00030699F417FE22E415E7A1A4174296141F0
:1085D00040A7A441B2F52F40E51640401D47CC40CE
:1085E0001E25AC41ADCDB54119145742F9CB4D40D4
:1085F00035D17C418FF8DB3F93C467419B1BAE4074
:108600004409B540BABBA840A1870140EB30F44013
:10861000F2DD3941052E1D4020E9873FAE289C41FF
:10862000904C803FD49EDF3F17C2694023CC2E4040
:10863000E265D03FC01E9F415119AC41C7459B3FE9
:10864000F4B004400AC94E4218A4803FED790D40B1
:108650009ED96A41BBBC8F3F3E234E41AB0ACD3F02
:10866000662A9E3F0191864051B6823FB05B94409E
:108670001E833D4056F413401F72A63F6394CA40C8
:10868000B2D7B43FFC42234136D5813FD586B83FAF
:108690005A788441A2823D40C056C13F86419C3FEA
:1086A000D3AF883FC3939641512A404151081841A6
:1086B0000F6E803FD8F3883F8FEF2840113A444235
:1086C0002CD04A43EEF0954269AFFF423A12514135
:1086D0004D9D7742E2D8E640DB41F1426C0E3B41D2
:1086E000711EB03F22FB14425744C5419C3B2640BB
:1086F00014BB93401E02E942DDFB83404018F93F62
:1087000064EB1B41940FC4415FCD4B41A5844C41A8
:1087100009043E418EDB42403535C93FBBF0C341C1
:10872000EF05B842E53D4140A9738D3FA35508418F
:1087300004AE9C3F70E8084086F2B241BAF5A04012
:1087400003A5F6404899F63F7CB12D41FA0918413E
:108750003EE817406AB9A64061429A41380B883F0B
:10876000C2E5B5428AC4D23F40B7AF3FF36C863F03
:10877000ED638B3F461B5341C5C9124142CFDE3FDB
:1087800033F1BE40F2C0AA4007A2B040CFFE9F3FE7
:10879000200A04414B0CA93F31C4863FBABC60405B
:1087A000346CD93FA6DC8841D22D0B400B02CA4164
:1087B0003F6583424B00454361A795423559F442DA
:1087C000B7D2514114DA76428EFF03426E59B2425B
:1087D0003C75843F1044414161E1124266F1C7415A
:1087E0003A725B41FF459A41844A224259684242AB
:1087F000DC4B2E419FC1973FBE51BE4108E24E4126
:1088000089C2724143201D41F595A73F7B7F4641B8
:10881000D70704412784304110A28041F8F2C341B8
:10882000E5AA364246D73B40B130EF3FC66510411E
:1088300049F20F407553AC418842AD408881F04009
:10884000EA6047417D862D40E55F863F46540C41F6
:10885000B484354137D6873F1091C4403EFD064071
:108860005C3BBC40F2CCA4407576FF40E5880141FA
:1088700009D3BA41E9FE913F4FDAF83F12E42E42A4
:108880004AC1F43F41ED823F25FF873F6DE5973FA9
:108890006BF051417FB6064169E57B404F3FBD3FDC
:1088A000DAD6EE3FD1CBB4402A6DDE40AA54B040B8
:1088B00060BD803F9A4FDA3F0AC2A33F0AB8EF403B
:1088C000639E823FE8302541744C8C3F08AE813F67
:1088D000036E2840B5085040F6887E40DD21963F63
:1088E000EFD174407D0D854056DBEF3FF41AC74051
:1088F0008CA3A941EC7B0940C1CA184066572542A8
:10890000FA443F4308F89742EC91E64233E19C4138
:10891000777F6142581AE1404680D8425030B73FD5
:108920002E6E9141FC7C3342EE09384183900F401A
:108930001752994065E3CF4212CE894019D488413D
:1089400053A1893FA3782042C322984039C5E5400E
:10895000A34E8A403A995540E815BA3F138B6941B6
:1089600003B2B24257C5DE3F78392440C015654096
:10897000C26258419252B940514E0942E343A74066
:108980005605FA3F926A50406965883FDE3B984041
:10899000246D1D41DAC9B83FDBCEAF426B3BC83F07
:1089A0008437803F65041640B6229E3FE1AE2841E1
:1089B00085CF3E40106C803F8E379940E8F6864167
:1089C000BAA58B41B0291040C381803F06A658400C
:1089D0006CA3AF3F51601740202AEF404EDE244287
:1089E00069BF3A42748F3A43129E9442D580E04266
:1089F00084254B41C3727642AFC7FB41EA8EA14248
:108A00004BAC803FFB0F3B41F5B061426E0EA64080
:108A1000C2DF1841CE57AF41CFB11742046C2B4291
:108A2000EFED27415A10993F8AF5894131B61C4232
:108A3000E36C56401389C64079689040AF3D8B4146
:108A4000570B88414758A741145B2042060F31401D
:108A5000BE22D33F98890D41842381415F208D3F01
:108A6000920C0A42F34C9540C0EE8B3F8375104048
:108A7000A35EA640BFA9803F6207A43F42CD4E40FF
:108A8000E9D77041D78D164058D5BE3F033C784199
:108A9000775BDC40D282604199EB184258EFED3FA2
:108AA0008497E03F8886813FB71C2540D9FF584115
:108AB000C4E80142E03C0240B2E7823F0E26694032
:108AC0007147A63F8E99794070E78A3F8A590940DD
:108AD0007324AD3F5B335B411B4BA83F94D0843F75
:108AE000BC0968413992813FEA13AC3F7D56B140E1
:108AF0006F858A401B401B41437F813F9FDF1442AB
:108B00007499354392419A4257F1D042AF427D4227
:108B1000D2015D41AD82EC41ACD0954219D5C24045
:108B20000CE864428F1C0C4186CAA1403B2E2F41A9
:108B30008FEB94410C5B19414AA58242CC999C4031
:108B400034ED983F596FF340217A464217E19D3F3B
:108B5000D9C0F040783A2640955A1D40DA5E064169
:108B6000863D234022EEE8400D6035418206B74045
:108B70002A5F774011F1294208B3B6417C29873F2B
:108B8000FAA4D14002E43142F8B0A440C725C43F62
:108B900067B7BF40D0A9B43F5A0B863F0568EC4089
:108BA000B956813F75A09B3F96DAAA3FE677A5406C
:108BB00079EC0640B8B80F40DF711141C3BA0040EC
:108BC00041526D4007B6813F27843640044225421A
:108BD00090E1953F5807A241805D2540C888064234
:108BE000E86C2D41E65783404664853F1414813F6D
:108BF000DEC48C3F702D9C3F0044833F3A05EB4020
:108C0000117ADF3F1B77E73F672DF33F7A861C42DF
:108C10009EB80B406663D73F229194418691AB3F4B
:108C20007A299F3FABFF30430303DC4253FC85426C
:108C3000FCE9CD426E90E14081907B4186144D422B
:108C4000F7F71642016E82428269AB40B09BD83F73
:108C500059049540550E3141EAE346427F13C63F21
:108C60009A3C0341A151EC412FAB1042A461E84171
:108C700021E02D402051F83F7FEF394075920241AD
:108C8000D1CA983F931D4242A381544063389C400F
:108C90008BF0E2415511963F6178A141FABB7F41CB
:108CA000E1E03E4133F188416AC5AB3FD7FAAF3FBF
:108CB000BD5AA03F4284D33F3968A83FDC0ADB405D
:108CC000BE06244027DD3742F6FCB03F5106F83F90
:108CD0003298494028B1DD3FA5E7AD40A276B741C3
:108CE0008A510841399F3A414667CE40578818411A
:108CF0006473B8405F4EC540AF5A893F885B80417E
:108D00004EB8803FC8DCBA403C06803F4007C83FB1
:108D100045C3EA40BF841A42BD392C433EFCD842C9
:108D200078EE7E42B507C9428348FF40A182774171
:108D3000CF0D4142C1371542AAD77C42530FC540DF
:108D4000BFE4E83F4821FB40FBE3F340C2953A42D1
:108D50009B01CF3F36CD0241E808E941AD3C2542B9
:108D6000F935AF4124B4954047DA4A403E6C3F4064
:108D7000DC2D94405EC0803FBF8F364298295F4013
:108D8000A0059640CED7DE41A211A33F1935F2418E
:108D900083883041B87B05413AF05841D97DF43F92
:108DA000B536A13F3131803F4BA7FE3F138A384093
:108DB00049A3DF3FCD52264295E781404DD6BC3FC7
:108DC00072BE0040144137405594E93F93E19F4003
:108DD00069DFB64100315941989C854185A0124117
:108DE000F73FEF3F6D735840BABD9E40ECE62E4111
:108DF000342528404657AA3F13002142B499CA3F60
:108E00004F821E404ABE274316FD324209FEF542FC
:108E100080F2234259A97040AAC5CC427EE1A44108
:108E2000476318428EF3384088E3A23F95371F40CE
:108E30002646114297228442B3781B41484A2E416C
:108E4000002B93418F9B9D413049803FEC9DF13F2A
:108E500063D0C341D1773D413D1377428B8F894029
:108E60007532E540E37D2340848CEE401B105C406E
:108E700036CE4741960FBD40FD077341405E90409E
:108E8000B36E48408DC2AA417A7CD7402873A34074
:108E900037E95E422C50C14084D13540249BBA3F13
:108EA000A6B4B6403DF7B93F9604A33F31F7A33FC0
:108EB00045ECCD40FA80823F55D2CF3FE14DE83FAF
:108EC000C3213C40C5C5184184AF954045809D3FB6
:108ED000D246244156829D4001C3823F005B5F40E1
:108EE000C853AF3F9E89E13FAC079A410BD705407D
:108EF0008008A740E6CFC13F97CE6F40732FAE3FAB
:108F000048C25842E5DDC43F2FFB7B4029A50640FF
:108F10004325E33FC47D883FD992823F8F47AD40D0
:108F2000FDDC2243510CD142515B6942D2D6334120
:108F30007791BA42EF196C41D6542E427F5E1E41A2
:108F400093C2AB3FA10392425737A241C69B9640C2
:108F50000CCC2041D1AA2742A540D53F5C7E983F4A
:108F6000B44E0B41080C604273F687416213B74060
:108F7000FEE468419E853640DA63ED3F035032409F
:108F80001670E8409E97874103BEC741391FA34032
:108F90005BFC6640C3CBCB414D4CF441EB643241AA
:108FA000F50FBB403D80EF3FA56676405017AD40C2
:108FB00056591241C4FB883F780FE43FFBAD923F06
:108FC0000BF2D13F5652A83F815BBE401423E240D2
:108FD000B21D1E413240BD411BDDA73F6D05214042
:108FE000DDED8B3FC8D5DC405196944185A6E1412B
:108FF0003F2E1540C73C1A411E41C13FC259CE3FCA
:10900000847987408FBB704020E6D23FB453E9405B
:10901000E17BED3FDF7B843F893C9D408937AB405E
:109020002DAEDB3F8FDD05411701C23F9C39B541B5
:109030005B69803FF43B1E43C88DD84241D4474210
:10904000B7CEC04285F83D41E1E2A641A2C5E84164
:109050002114C04075CDB44282B59C40883BDF40AE
:1090600017C86D4158FBBF40E2CE014130DEA74139
:109070003E2A8E408EA7C73F25B68D42435D9C4158
:10908000B4DA5A409F20BD3FBD1417402AB1934027
:109090007EDD9B4058D91F41ACC18F40ADE6C03F3B
:1090A0000B1DA240720143402CE578416BAEAD40F0
:1090B000F9A58242B402B140588752415C66CC4067
:1090C000EC75F63F5E272C406D393D401F03F53FA0
:1090D0003E67EA40E2962A40BD96344037D9D53FF4
:1090E000AFE9814071CD803FD5D0F53F0E32903F42
:1090F0006465F23F232A6240B1345E41C7BE4D42EF
:10910000B95C28417AAA2840F63AEA3F9ED79140B6
:10911000F9959D3FE1DCDC3F4A39803F7BF4D43F49
:10912000BD871A43C0A428421ABDE04213E21A4286
:10913000CB2A5C40FF21AE426A6CCA4141D80F4243
:10914000249D30400E00983FC32A1040A9067E425D
:10915000A97ABC4139138C3F37ABC14185C68241E6
:10916000FDE99C41219B853F289FDB3F0D1946422D
:1091700071B65F414A8D4D4108682B41319EAC412B
:109180002E68284086FE6E412074B43F091CD340EF
:10919000F545504137CF204259271541E499EF401A
:1091A000FED2CF40A9791D41874E404082E00F405A
:1091B000E86F0741B003A34110A8993F4E039E3FBB
:1091C0000DCDB23FD1105041A56DF73F6EB5923F26
:1091D000AD6EAE401D2C0D40EDFA2C4100C71B4179
:1091E000EEBAF3414DE0A040656E8940E8A5C13F6D
:1091F0006A30BF40AAC36C4052E23240DEBD6140DB
:109200006214CA40C0FFF83F4D9D873F0CF89E3F57
:10921000F8C8803F3BDD2A403371B940CD94F93F17
:10922000636A934126D71643A8EFD142477D374260
:10923000F1EBBA42BA1D38417F359D4110C5D1418D
:109240003739B6405D88AF429E419B40D7F9D44044
:109250003B795A4186E3BF40B025F440A4BB94411A
:109260009D318640681EC03F4509A24286F1D74025
:109270003ADB953F9E956B40254E1140C5528C4080
:10928000D2649940D2C60D41A483E53F9D828640B9
:1092900063B58F4099E0484010D958416F3CA140D8
:1092A000E1987E4252F38A41FEB5B7401FEE803FFF
:1092B000B3E30E40D663B93F691AF93F54181C4016
:1092C000B5DC4040DED9E33F6828CC4078CA1E4078
:1092D000278F0E4028ECFC3FBF4D5F40103A803F87
:1092E000F4148C3F1FD60240D8874C400BE2EB3F72
:1092F00008D563419FA34542AE0B3F41E9B5AD4060
:109300002D54993F3E65E83FD15E813F1F36BC3FFB
:10931000D89C853F660F803F40CE13439B5E8642BC
:10932000E53DA1429B12A941E9333842FE75B540A3
:1093300085E69542833865408B6B8C4120F0C241B5
:10934000B277AD41F5F7BB3F0178864026D1354174
:10935000C1587E42DE081240495FA63F23EE6841B5
:10936000CAA33F40D11E8A413B45E34094E3E74016
:109370009AFD66412D904240A9BF943F4B4838402A
:1093800013BF074165CBD3410F7314420FDA564127
:109390009CA0903FF5B6CE3FA090B03F9C7B344060
:1093A000BB1E674154E08540CEC93A40144DB840D9
:1093B000035ABE3FAD3F3F40AF2D3741D72D9E3FB3
:1093C000BF62D23F309C36400E30B440297101401C
:1093D000409DC34102C033411C06CF41C6DB3B4127
:1093E0004FF2D73F4484CE3FF3729A3F4915AA40CB
:1093F00017141241AE20833F51304A40CE17DA3F56
:10940000CE7B9B3FA2AC234085ED4C402568BB3F03
:109410003417C33FFD63A53F3081224168E7E23F37
:10942000F9508A3FE9ED893F94B49140E3F9803FD8
:109430006FE8813FBD60B24117E409406AD0E33F65
:10944000F545174121E615410C138441BEF90F4340
:109450000D6FEA42BD11D6418ECECD42FD0365416E
:109460009173CB41BBE2A93FC4FA004135AFBD4285
:10947000B1F40A41981EB440222AB24009E99E4143
:10948000A1900140382DC140B35AA54212A44241D7
:10949000D1D3B93F6D74E7405865C13F42C58340A1
:1094A0000B1DE43FBF4572408328964152088C3F14
:1094B0003B0D823F0714813FF9BAA040FBC8813FB2
:1094C000808DF241A66E51426A6FD040BAD8B44046
:1094D000AE3F77402CA957402E09E53FEE051540D9
:1094E000826522407AC09F3F467805407B7985415E
:1094F000D0BD574199AE864112BF40429E7C854007
:109500003E66C23FDAD59F406967823FE03E9440A5
:10951000C0DD2D40DCC3923FC8AF813F3C1BC33F41
:1095200074ED8A3F1703803FD1ED78412529903FA4
:1095300037FF0C43BABAC742678724420388B84250
:10954000772BF340F7F9AE41D8149A41AF7CAD4286
:109550003DB5B04004CCC53F76B8C1403B6DA84096
:10956000A8DE844136662C4011888441E0DE9840B4
:10957000C1EEA342F37A874027E9A43F52E5854034
:10958000914CEF3F484E8840CA7B803F737D1D4021
:10959000F35D624139039E3F34C9BA3FBECF4940B3
:1095A000339C564158F96440CE88993FCAD68042D0
:1095B000DB5F8C412FA49A3F8C783E40EFCE9C3FDE
:1095C000F82B9E3F840148417EE3D23F83F1803FE8
:1095D000FD56094055216F413FE54542EC2E404183
:1095E0009321B1402DB4F43FFE6A2941A1940A436E
:1095F000A6D67F42EF3D9542EF157242720B5C405A
:10960000C5ACAC417C2554426441F74179EAEC4158
:109610003475843FD8D019400931F34006C15F4109
:10962000F943134206C38141235F4341D3919541DE
:1096300012F4DF4074EDB44132109940AE41344031
:10964000B53DE13F4F99434145F2F441B756C6401D
:10965000A58B0A41CDF4F140E4482841FAB1D83F46
:10966000EC9EEE4030D43341C7100C40AFEB994034
:1096700053DDAA411202A13FDA4C803FF6F9714056
:10968000D18EB23F8BF4B53F0A31104114A14D4049
:10969000584F3E4199CA95419E097440D0A3184045
:1096A0001125EF40E5C8973F1517754085D26E40EC
:1096B00031660341CD8A1340501AC73F58D8BC4089
:1096C00002EAED40BC7C7340C73F963FC8E1813F52
:1096D000E8B64F40EA40C83F98CAF6405B555A4149
:1096E00073FB70405BE4A7403FFF983F752101404A
:1096F000DB462E41E743803FD41B813FDCB88D41E0
:10970000D05F08409C53D73F3E09CF404B6F803F0E
:109710006C8603405221E33FD51AEB3F368AF23F75
:1097200064B5074394C82941B531FA424B10194139
:1097300049C2853F46C8C842BBA5C541C2270340B0
:10974000B48CF0402D248F413BFFA4427E7EF84034
:109750001B868741D22E863FB220803F95F5C140BF
:109760007C5CBA3F96857940F5E65F41F36035420F
:10977000839D144274AE1F4044A7A840D7C8813FC0
:109780001CD37E41CAA4A14090140F41DA23B041FA
:109790000C9EBA4169A00B42A2D10F40EB940E403F
:1097A0009DB942403A5986407FA63B41D435594045
:1097B0008027D43F0B9DF74056309A3F5CDE8A41AC
:1097C000F91595405D2D9140B5529641449A8F41CF
:1097D0008EA687418C2A923FB9788D3F44E09C3F0A
:1097E0009349803F4F7C07402536054081960443CE
:1097F00008BCDA42E6C3B941D05DCE4281E3C54040
:1098000034C9144199BE5E41A8E9B74242A133412F
:10981000E386A5407872813FD0F38E3FBAEA0241D9
:109820000B78D3402805EA4040A6E44130807D42D1
:109830001407204174D19C3F3F1C85408DAA813F75
:1098400082CF974023A2EE3F33A9BE40D56FAD3FF4
:109850008900C941BD2D5D4037B4D54114A61242DF
:1098600091B4FF3F821000416CF6813FCDA36E4062
:10987000A47BC041424E883F2C2BD23F4E30E83F64
:109880009800AB417ACEAA404F70BC401530F641EB
:1098900083B1D03FA3F4CB409909F63F013EE73FA7
:1098A00086D00243BE6B20419493F1425E6A0B4125
:1098B000FF0AA83F964FC342FB0FB941B660DA409A
:1098C00015D0F13F1D5E88410E38A142345D8841BC
:1098D0001FCBC2408775863F54C3B840A2A36340E4
:1098E00052D35741C2E732425B880F42094C7F4155
:1098F000F1728B3F9DB8B73FF8DC9440839E9F4048
:10990000100408415083CF41344C96419CA8EA4151
:1099100069A0D14066F625406FCE55414435E73FFA
:109920004D1F3640D3345C406710C63F8912A23FBA
:109930007E83E740CC0CAB410DDA914017BC8E40E2
:109940005C3A6541FD168C413E233D419D9E904011
:10995000980302405D458D3F70A7BE3F37930A4094
:10996000A22933412ECC8B3F6D72E03F23C7FF42CB
:10997000C7FF8F4027C7F64246C653409172983FB3
:10998000DC53C8422CCDB941C02295412C0BA342D7
:109990001C4402413D567141A71C664057BE7041B0
:1099A00027B83942305E0C420E8828403044B0401F
:1099B00081BA4641ED6E2A40AA42BF40021D1141C4
:1099C000DF945D41EF520242A4DBE241F582D740D1
:1099D000356623402B223D401F7B813F1D8B364146
:1099E000C1ECD23F1AF1813F058B4E404FFA2F4018
:1099F000270AFC4071BF983FA13DD3401CECE740D3
:109A0000E4A5D341E9FFC340AAAE8A41F4593041ED
:109A1000B3A8814085B42B403766823F3366C43F8C
:109A200012C5803F7B7226416815FA42BFCC1641B1
:109A3000D13BE742F82E8C3FE0460541F1EF29414A
:109A4000D2FDD14295E7A840564C4340527713418E
:109A5000F6C4B33F7F8F9240DBD4C8420F707D4085
:109A600036BEA83F2185A03F8C13E63F1A5A1B4003
:109A70009741D940F60B34401026E23FBE70C042F9
:109A8000CC4186407167813FC44CB53F47B8B84070
:109A90004025823FC803943F2414D43F9A26BC42F9
:109AA00073440940C5FB0140D4870A40A868C140FF
:109AB0001010B042036C913FE41C813F2E6B803F3D
:109AC0005C8C833F3855933F70BA813F63ACF7425B
:109AD000FC18AA412426CD42DDDD88417DEC84407E
:109AE000A3EF3442A65C6542B29A63411B843840BE
:109AF000B933853F1D3F47405D29A641EAB5C341C3
:109B0000DC3C2142943F8841C21246417E3FEC3FFB
:109B1000F682813F4085EF3F48042B41724E214140
:109B2000E9F58141028003415682BE4162F78341DB
:109B3000458F604189BF3F40BDAE2E412F20BB3FC6
:109B40004DFE2F406909FE40EF3F5240EB7CD9406B
:109B50001048833FD0827341B5854A402ABDA14059
:109B60007F07C24076008E4119F39A4037753A411B
:109B700089EC144023543B41ED38D43F2546AB3F9C
:109B800030BBCF4049A28D40203ADA3F79C2853FB1
:109B9000B2FBC140DA36F03F3BE4DF3FDD83A1405A
:109BA000E7204B41A58721400C44B43F5FC7E03F0D
:109BB000B7CF7E403955893F43DE9D40F2A4903FA8
:109BC0009FA13C419BBEBE4031881740005E1E40B5
:109BD000AA2C2A416A44823FE744803F2A94A93F45
:109BE000F2EE8A3F45F62941928FF1427BADE64283
:109BF0007721AE4070B7DF4259C15E4058AF844014
:109C00007CC8A53FD321814053A5D74281B6C33F2D
:109C100030CCF93FAF0E3D40F0698A3F26171E4118
:109C20006EE2C342EA8C823F88C50D413F39B9429A
:109C3000FC92AA40EB4CB83FD677ED4069196741DA
:109C400011569C426CDF50408C460440AB6DEF4295
:109C500063F43F427A738F42F9BE8141CD29FE41C0
:109C6000AAC96642237560414E5F46418F7A7440AF
:109C7000C51CCB409C62CB41D1EDD24184A5FA41B9
:109C8000DEDB284115655E4087A3A640141BE64035
:109C90005E19294061C2963FA74E6640E4EA2F4014
:109CA00065649241DDF8E3406BAE7D400438B3411A
:109CB000DA3F18419785AE41E949CC3FA1520F41A7
:109CC00084C7ED3FA602CF3FC47D81400C97943FEF
:109CD0003C540440F7F0A340497EC83F73B4893F29
:109CE000FA1326405A75803F6983833F5E52DC3FFA
:109CF00087C2184027987E41B285A24054E60240B0
:109D000058CB2641AFA43F411A1A84409A65AC4013
:109D1000EE9E1E413F6C3E41F9F6D740915C0D40EE
:109D20006D9E973F512C3740E562873F9245813FBA
:109D30002C81803FACD0834077E1A53F98A38B3F37
:109D4000A37F21403F3856412E0E814012DE853FD1
:109D5000B057823FF874833FA5EE99400CA8B340FA
:109D60003F7BEF401FCE8F4034DA2D40FFB3B43F2E
:109D7000D5A06E40BD54D43F0749BA40D6F48240C6
:109D80006F332B4181C6993F8E2F813F9489993F34
:109D9000DCF9E8422206DF42A83B9F40FD30D84272
:109DA00092A45A4075836D40B7E7A13F4005D34266
:109DB0009F772540E57FBD3F3FC9F73F2813CC4043
:109DC0000E44C64231D0A840DC0B8D3FF519A842A5
:109DD000C950714184D47040BE97C13F07108D4275
:109DE0006D4F5841BAA9A640ECFB1D417518E742DA
:109DF0008EA91E414343D34286FE0C413D588D3F00
:109E00004F3AB341AF74A64266122240DAF3C8401B
:109E1000328327416CF13E41915EEF41163A554243
:109E200030E5853F9C3FBE3FDBDBA040FC5FA03FB1
:109E30001ABAA83FEE6B12414C425640D960094114
:109E4000742DCE4172C48440DBB351411FCD2042FA
:109E5000DA19B140067C67406797D23F31EDD93FB0
:109E60004CBB41400CE4B14041A67141A8B42A4129
:109E700091B14840A8AE813FF304BB40C462E840C2
:109E80008F41E0415FB14241BA037F40F45FC63F7A
:109E90001F8ACD3FF7B60040C80AFD3FCF6B863F13
:109EA0002DBD3B40F5B6424155C860402505E54013
:109EB000FBE4CC3FB4CB8740F8D8CD3F86ECB44030
:109EC000E1F203411F489E41509411413B744440CC
:109ED000B4D3E342D3BB6D40D665DC42B620903F9D
:109EE00078AB2540846C144145D8C9424EA5004149
:109EF000AD399E3F3EE1AC41F69F9E420F6E26403B
:109F00009413AE4039E4234142DE354151939742E8
:109F1000AB946140E4AECA3F3B2D823FF1F78D40E8
:109F20008E6E803F01D1A63F190A0F41E0845D404B
:109F300015FAFC400FBEE04199C73E42B44C0440C4
:109F4000EE8FBA3F85B0E13F11A8E540567ED23F83
:109F50006A8BE83F01D83240148EA340B2B7F0407C
:109F60002390A441DF0D85415481F841B8B4E1420A
:109F7000319CD84273889140D3EFD142AB8B55408E
:109F8000C2FE534047249E3FA5D0CB42CCE5434080
:109F9000B273B63FA3A3F43FC53CC742F17B124066
:109FA0005B59E44030F7B8422598B040D704CF3F22
:109FB0006461E24019D1AA420682E042A5D25E4025
:109FC000718BD942FB841D40539B823F83F94441EE
:109FD00040ECC042D0272241CC460B40B6BFD74010
:109FE0004570B3424AB91A40FBF2F640C280813F45
:109FF000D60C953F754D823F592CB7406561754130
:10A0000018C49442CD54843FC71DB13FB57DB83FBD
:10A010008DD3C840540F54414548054002CA004200
:10A020002FBE28429D74904005D50B41B97A8A3FD6
:10A03000D115803F2A7D16416E55B64101E6F241A9
:10A04000BA2C3D41790ADE428593D3423A6FA7404C
:10A05000A6391D42B2F68442067EE03F719F5E4003
:10A0600072CF9A41DAA39F41DE16754233B4A640FF
:10A0700025500F41BE4E2641CFB61440000D8D41F4
:10A080004FE510421F63C8411E0D4540475B084025
:10A0900080D8FB40291F8B3F74A16A40C34CD74036
:10A0A000E4C5973FBAA7913FC11A28417EFEE3401D
:10A0B000C6591B41BA1DD441B490A441AD498F404B
:10A0C0003B91803F5325903F66378E4034425B4042
:10A0D000F7FFAB3F78A11440956DB140B67C973F38
:10A0E00010800C4185D5DC3F7319A5402A94FB3FB5
:10A0F000F3D5C2402FBB6740A6F7C241A03009404C
:10A100003122B6404F106E418B64823F15615D4035
:10A110006B8FDA4202370D418BE8C8425056F84047
:10A12000D55E883F6E0E9640A487BF42468D734031
:10A130005A1F7D40D17D3940163EE53F16684741A4
:10A14000A19AA6424E0A0540F005DD3FFFB98C3FBB
:10A15000A341E63FB417CA4078B8C440DDF68C404E
:10A1600034CB9D4219AA863F836A833F235EC33F57
:10A170002B40994020628B406359E53F89BC2741C1
:10A18000A3D38842CD9F0D4089E024404BC3FE3FBE
:10A190001FE4074172AA5E424CF34B41706FD842F4
:10A1A000B58EE5408516CA42C52FE93FC342AB4094
:10A1B0002580A9428059824111E98540CA66953FB0
:10A1C000EC5F85412A288842BB152D418B3AAF4070
:10A1D000BF4C2C40A9AC5F41EE89814264C753401B
:10A1E00060514D40C682F340A7A69E3FE290874053
:10A1F000604ABE407887004131B76B4260E5BA40A3
:10A200005735B93F7059EE3F9D110C40867F823F14
:10A21000D312803F117ED340DB10D03F5519274029
:10A2200038715340892329405FD8DD4047DA8C3F9D
:10A230005D6B5C415A9C3442C4E43940FCE53B40D0
:10A24000B447923F86DB853F1479D4425054904006
:10A25000CF73CB423461813F06F85F40DD9C1842EA
:10A26000C14A7E429AE48B411F55A5412F239B4151
:10A2700029B93042773DFE4079AA1841E4405F4059
:10A28000036D89412CAE6F4166308D405B93A841D0
:10A29000F8DEB841731ECD40117CC43F4D31C8403B
:10A2A0004C475240158C0C40A069A53F89EF0F41E7
:10A2B0007DEA024180142C4158338740DD7B5840B1
:10A2C000DDC9833FEC684F41CBBD0141DD90A84122
:10A2D000D370024091569C40851FC33F5D42A14010
:10A2E000C0BB9B3F7A840B40A2858D3FC37C913FCE
:10A2F000669B873F188C9640F9528940BACDE5405D
:10A30000011D803F23591641E5DAAD3F24192A404B
:10A31000189BC83F77698C3F21471240503BA140B2
:10A320008796FD40B944A83F686AD9406AC7104083
:10A33000F0779641AA7A813FFD66833F78F9D04253
:10A340006A9D4C408D94CA42DF5C823FFB6E0B409D
:10A35000915D4141DB68B242DF71B8404349CA4078
:10A36000229C1A4156159F42DD517F40C223E33F94
:10A37000EF9104404C008840F9E4F8402D4DF13F46
:10A380005AB07442A5F49241102A0A40994FEA3F0C
:10A390004A95803F948E883F6F29B34015770B40D4
:10A3A00072F1544241F7FD401041FD40C148274140
:10A3B000463C8C3FDB17883FFC4A853FB0D6914036
:10A3C000693B833FC1B2933FD4BF07423C639A418C
:10A3D000C343B940FC660940CEA3D4400A75A23FEE
:10A3E0000D1F0C40FE400441F4FDCE428284C74262
:10A3F000472E6F40981CC1424BFD4C407EB2294015
:10A4000092F78A3FA22ED540AEC9B342A76AA73FB2
:10A41000EF8FF23F9A848C401154114051BCBA40E6
:10A42000E91DA84267BBEB3F802B234087A3823FF7
:10A430009B04A03F2C20484076582D40DE438F429D
:10A4400051D04641B53B913F4B1BB53FF0B6FE3F67
:10A450006789913F86AF843F6701D63F1CF58542EF
:10A460001FEC944019EF97408AB1F540C399CD4253
:10A4700048AE21423E857942C8DA64412BEFD04193
:10A48000F4426B429D2464403364F03F42CE464127
:10A49000D8058841A6D21141E20D3F4249D430414E
:10A4A0007B54983F5FFA174079021741232F3F40B2
:10A4B000A1FCCD40600D29410C4DBA4082B0524004
:10A4C00082B4AF414267CE41B097FE40C4214640BE
:10A4D0003F766140D349BD405C0CF53FE951893F6F
:10A4E000F4F8AC40B40E843F3720C73F59291041DF
:10A4F00022154940F6842B40B50F903FA7A80A408B
:10A50000B170FA40AC3062416735BB41D58E19401D
:10A51000A6C7D2402840AF3F07F5D43F814EB73F92
:10A52000AE340E402283A63FC05FF33FE37180400C
:10A53000CF498C4092BC823F8F89B93F5D809D3F5F
:10A5400040EF813F0F62933F14D3A7403A3B254031
:10A550009E030E411B5AA840174A4041B72036417E
:10A560002690A240FFDDC03F9E6AC9422D6DC542C4
:10A57000495CFF3F38DEBF40496FB942F4749840F0
:10A580000DA59D3F7A632A41DA22A442CB79664029
:10A590003CE0943FCD7810416655CF3F97820B4207
:10A5A0001DC33C42A993B73FAF0CF34030A73641DF
:10A5B00097B1BB41086096413226E341CA7E813F94
:10A5C000FDACD240958F0741695E3C40FC7564410B
:10A5D00031ED12412B975540465A77419DEEC940C7
:10A5E0008BAAB041CE1DC7426CFE4340DBFDC0428A
:10A5F000F73DD23FE2BEB53F1DF2EC40B92EB2426C
:10A600009086CB4033AE853FD90E7A40425EAA4257
:10A610008F9C0B4048B885407A0F803F1C073A401A
:10A6200004CAC83F1A3BA7423080963FEDB8803F2E
:10A6300083C525416A829242786797408E23B44051
:10A640000CCFD13F2E3B8F420A48C6426E6DBF42AF
:10A6500078535B404336B94256E546406087184020
:10A660003198853F518FB5427CBCE93F5B94813F77
:10A67000291B0640D0739B420FDC504140B48342FB
:10A680007BFC3D41F7992D415D080D40A6C4F94181
:10A690002D860A42347423406E1F1541EE8B7340A1
:10A6A000F86DE140BE278A3FFCE88F3F09C3C442F2
:10A6B00041913E407FCEBE42F9A4C93F897DB33F60
:10A6C000120C9E42B10983417AFF8642C66438412A
:10A6D0005D4E7B40CB3F47418F731C4110E2664289
:10A6E0008830D9400399974071DC0941698D7540E4
:10A6F000BF91F740BEAA02408D48204204338D41ED
:10A70000A2CAA0409997E13FBDFD46409168D03F65
:10A710007C6DC440CE961E40EB87853F73C93240A6
:10A72000FFDB1540BFA3AC407304853F0951803F58
:10A73000AC384841C574DC41329A2441AD97EB40B6
:10A7400014CE953F662DF83F6EC1CD3F20FD904061
:10A75000350C9A3F6721A33FB136A93F355CBC3F1A
:10A76000EF9BC142F4428140C087B942168AB43F90
:10A77000DE402840ECACBD3F0C91B6429197B04210
:10A78000752F3F402015AB421C4E3040F13BFE3F41
:10A79000F922803F8FE2C140F7F69E4224CC993FD8
:10A7A00013D0C63F454B8540285DF23FD2469A42C2
:10A7B000A30416405ACDC042C62C3940F303BB4215
:10A7C000A113C13FEB45B13FB56DDB40184DAD4224
:10A7D000F9E7BA40F016823F4C80A94105ED82426C
:10A7E000AC530440477C714081B7DF40D7246341BC
:10A7F000A3943E42CF8A8E4158E9863F01BE813FF5
:10A80000FFA2BD400852883F31F909414B57B24081
:10A81000AB776F41B8B602425668804074E15C4144
:10A82000C985B43F8D81904024E54840D17FAF4039
:10A830009E4A933FA4848D40EB949F4035AD1F41C9
:10A840006F4E544138469B41938515403196D63F13
:10A85000A9191441968F91404C74BE4295F58541DB
:10A86000E7F69C42B4515841DA654E40A95C5C4021
:10A8700002149642690B3C415232E23F35CD014011
:10A880004B31993FC9C47242E98C6541B4222841D9
:10A89000AD459F3F32B20D422E25CA4102A0404134
:10A8A0009CB313409FF81541A750913F749ECD4132
:10A8B000DF8B1B4140951B411DB5784195E343401B
:10A8C0001DA70F416BC3933FCDA3933F5D87813F8E
:10A8D000B3C70541EBCCD3403AAB9841B9A7084187
:10A8E0003221973F30CFA140505B9540DFB95B41AB
:10A8F000F4D9E73FEC47FC3F3D7F8B3F27AC7E40E0
:10A9000026F89F4073BABB426937C540FC66AF4228
:10A9100020405F40B22E2B40EB978642423CA34141
:10A9200037D0C73F09B0F63F90CCD53FD490803F99
:10A93000736A3842C98AA941F00F194194682D41C0
:10A9400074ABED417129834129917141D108C34014
:10A9500046F2C43FA8710041957BE84028AB6440B3
:10A960006CEF78417B67624197C9C740176E2241FF
:10A97000C6E73D418AA54E40FD2F9C4052639B3F58
:10A98000B907D43F61E1CB4001B7BA3FD5CDB9405B
:10A990009A3BB83F5B8D0840EAD23040B1BA4C4197
:10A9A000FD2DF840F9A0CC40DB744440531E4B40D1
:10A9B000C7CC0D41870AA53FE3A623411A07D23F22
:10A9C000D0580B407599863FEC7EE03F832048408D
:10A9D000B40F72400EB32540CA8E8B3FEB8B853F80
:10A9E0006379B8423D2AB5428DC9D33F3E171E4216
:10A9F0003B3D4C42216241416C7DDB415ADB1042C0
:10AA000086876D41A74A6040774F0941C3E8884176
:10AA1000532925412723AE411A276741BAFA7640C8
:10AA2000D7C82F41A8421F40FF0F823F8262C1401A
:10AA3000DA782240E37A294146ADD04009425040BD
:10AA4000A131E2403A6647405F3695419575EC404A
:10AA50009FD8E140ED862F409BE78E3F5EFD4E4044
:10AA6000FF12F8408055BC3FCF2F823F4CC0924030
:10AA7000D788BA3F5358963F6199AE3F33713A40F9
:10AA80002CBDF540C9FEA940F3B99A3FE08B973F32
:10AA9000197C04406F7A8740646E3540DF12983F1E
:10AAA00095B9F63F1B30A940B2D455413E3AAF406C
:10AAB0005DEDF43F427BB1407775C13FB9960440EC
:10AAC00049CD943FDCB1CD3F88A6C44045B1B442E6
:10AAD000DB492D40F746AF42BF13D83FF77F823F97
:10AAE000B08E914233C26D415DCA7A420F4C214112
:10AAF00040365740A3F43741F627C5416136184226
:10AB00004411B940DB868940B3C3CE409325A140B0
:10AB1000AEC3A3412091854011995C413A20C241C6
:10AB2000D4358640BD6DCB3F401E3840EBDEB53F8F
:10AB300011493340553E6A403DE54540D3CBF83F8F
:10AB4000BECD2C40F7298E41F068973FC96D3F403C
:10AB500096A275406B301F418A878D41C362D240F7
:10AB6000400FC13F402DAF3FD8F0803F4AA1E53FA5
:10AB700050A8A03F2DEA19407F48B2424B055D40E6
:10AB80005460AB4249899F3FA7400D40F29CB840BA
:10AB900085D69F42835F504061DA2040058B174085
:10ABA0002D1A9B425FE40C4048F6863F05E0BD3F0E
:10ABB000BCD4833FFD3E84403DD692426F8F3840E7
:10ABC00017DD9F3F9D146942765F724158513342B1
:10ABD000150D5741E332BA4005461541A73DB14234
:10ABE00065B2B03FDD7AAE423B1EA94235942B40A0
:10ABF00080BD1442F77E3D424D06D73F1D22803F67
:10AC00002FA7354169A7CE41D00F07429ABC5941C1
:10AC1000E0571B41787AD23F73D37B415F7B214160
:10AC2000E68D944174237341A8FD6940303D1F4176
:10AC3000244699409D699D4050F664411CE9B63F09
:10AC400013124240B4EDE140CACD35405AA87B41D1
:10AC50004DD300414FA0E440C23B2140CD83913F02
:10AC60002EB29E4031C89F407232AF422C17264010
:10AC7000B801AA42C14DA83F98E0A33F1443A542A2
:10AC80009BD41740E9FC1C4176A39142ECDD863F42
:10AC90004BCBA83F913F3A4009DADC4058D70342FA
:10ACA000956F1F4243A5813FE0D9F23F97249E4014
:10ACB000C9D5FA3FEEAEA140F542DF411A7ADD4137
:10ACC0001ECA42412AC9913F99647340B5626640E9
:10ACD0004EF6B93F06859F41BDF7FE40BBA6B14089
:10ACE0006B10B141B7E80940F14F2041C294AD4229
:10ACF000E84307429CE553426C87DB419501CC4019
:10AD000055A348426124344007B6CA41248B06400B
:10AD10000A28913F92B7A74048EC9741635AF941FE
:10AD2000EDCB883FD57CDF3F971B0A413BA885418F
:10AD3000B9E58B3F8E30813F40A71540E5C73940CC
:10AD400073E7EA40D6643A4159F69A4114C83C4147
:10AD5000EE8C7740B8709840EB1BDD3FF9AC6F414B
:10AD60009B10843FE53DA73F2E4F1540DC3FA040A0
:10AD7000D128AC3FBCDF24412A2B1C4188C119419A
:10AD800019E08A400FB0EE400CC81440C489C53F9A
:10AD9000D772A83F04A85C409B0789402C292B410F
:10ADA000705B7A408E488C3F7D131B40BA35FC4067
:10ADB0000EBEEB3FD066FD40AE015E403982C4401E
:10ADC0004BD3DC3F8D56274058464D40E30C88401E
:10ADD0007E4AAA4237EA48402C03A442C60D953F5A
:10ADE000A8C6FC3F3F2DA142577BB53F37009D3F92
:10ADF0003EB99E4211009A428E2517408B0895421B
:10AE0000D1F01E401849AE3F0502803F1F5F0C4243
:10AE1000F7B11D420A94873F984DB63FBAC9A9427F
:10AE2000BDF646400592A342C6620440ED27853F29
:10AE300096A0B840FB079842D0858F40176BA43F7F
:10AE4000161796416B0465423024813F88795E4035
:10AE50004245CE408A0B454198742842503F72418A
:10AE6000D505843F9D761C40AC14AD4058C2843F4C
:10AE7000B07515416B573E409C24824193C4CE412E
:10AE8000E00A6740987C3841CDDB903FB9DD8840CF
:10AE900098509E40C79A8C403969923F9C45EA3F42
:10AEA0001B0E6741E8D8E93FD7540041279A8E41ED
:10AEB00058540C40116DB53F9636FE4034856540C0
:10AEC0000224A8424B83A342E116144028E01B4011
:10AED00049A49E424A51833F77DCA43FAC519D3F39
:10AEE000A46E9A3FAC9F124154508C42B64E16400D
:10AEF000FC17DA40317C7242DB911841CC2CA03F28
:10AF0000A1708C3F12D90E4073AB9240DE3AFB40E9
:10AF1000D514534226CBA4408F588C4027C58B3F75
:10AF2000FDEC913FEE016040F1A98A3FF1D1C640AE
:10AF3000B1A3D13FD95D2642F0DB324193D3234008
:10AF4000BAC225405A65A642E1C5A1421AEF134094
:10AF50007189904286E309410319833F31C5A43FBB
:10AF6000FA445641A3816B426948B64046FD3A40D7
:10AF70003D858D3F539444416A8137408C0960423E
:10AF8000864B5D404C450F40EBD7D93FA2229C3FFA
:10AF9000D75EA940CEC9DF40C8E51640309B564277
:10AFA000A9938F3FB1811540C23C8C3FD74D923F52
:10AFB0008ACD494024F00840804F7A401C444540E7
:10AFC0008A41803F058AAD3F707FCF41F0B6DD41B9
:10AFD000B4CDA4427EFA1840E005A042DB97993F29
:10AFE000215D983F39510241B9BB8F427ECCCB40A5
:10AFF000CE57E33F07BF8940C91F8742A6E4CE3F33
:10B00000541398409DD3803F3F1453403203424134
:10B01000C4BE5D421D7D833F1A686E40719DE54050
:10B02000F4689E40BDB38E3F27495942009D52406F
:10B03000E29D78405FDE983FB862704092188E4182
:10B04000DE3C12428AB1A3420CF1A042B71FB03FCE
:10B050000E659640BB8A974297D84F4008E3B93FA8
:10B0600024A589427059DE40AB36C23F837ADD3F6A
:10B070003B466141B8F85A42C63D46401B75764092
:10B08000F515FD3F7DA34141C3C6DB40E07F3F4254
:10B090003D18E53F4F63A73F836E36402F0D803F3D
:10B0A0009388B93F6A722A4116C3694070CA4D40FD
:10B0B0008161FC413F9E82412DBCA142649D36408E
:10B0C00042079C42E8F38C3FE046E03F4679F0417E
:10B0D000E2D13F427AA4D3415DA66640518B35420E
:10B0E000076924409221C3413C170440B4EF873FD5
:10B0F00083AE22408F1511420AD71141CB70843F95
:10B100004261C43FD877B241D04D0540B406823F7A
:10B11000C427863FADB0973F5AACAD3F2B85464123
:10B1200088E8BE41A97759403FF2B6409CC6CD4061
:10B13000630C7E41F161893FB039813F2552AE40B9
:10B1400031B8DE4092788941D8BFD540FC0717401E
:10B1500082DC564005AE9F42E32B9B4220441040C8
:10B16000FCDF1240E49496421847803F2941A03FFB
:10B170002E76923FCA49933FCE780741CAA58542B1
:10B1800055BFE5401BC9A43FE91AF5411FBE104257
:10B190009BFD0C4088409F40ED849341F72B434139
:10B1A0008E22CB4161B32C411B9D813F1C5E983F99
:10B1B000DCE46A406738A73FE1A91D41FA5F094115
:10B1C00028F241406DAF12416D1BB141063950402C
:10B1D000B1D5F63FABD80D4111659E42088C913F29
:10B1E000E01E9C42E4959942263FA23F36BC4E4267
:10B1F00024DFC841854A2D42C3C60541D137A3414A
:10B200004D9D9640846E1D4211C07D40B55CB4409A
:10B21000A1612E4015588B41DCFD3E40749A983F49
:10B220005FED6040351914416DD0F041EBE63B40D5
:10B230004BB2833F34F772406C84EB3FDFC6DA3F9A
:10B2400064FC813F86DD3C4148A5B340280A873F26
:10B2500090F1F63F44CCD13F7A0EF03FA4489C4297
:10B2600088AC96428483334092028342B14F1D41A1
:10B27000CB23873F3CE3DF3F1636DC4119EA174218
:10B28000E35E7C40F16FBC40304EA841999FCF40B7
:10B29000D1BC1042F9A8E53F6FD6813FAB733B406C
:10B2A000DA750340076A7540D3C09841C6D5F83FA8
:10B2B0006ED04140C46E5D4018D1DF41135103414F
:10B2C0006971843F4B7A823F449B2640879D9D3F16
:10B2D000C05DC73FF74A8C4148AB8D3F94F5F53FC1
:10B2E000D113923FDB64144023579841EAF30E4197
:10B2F000132367409D1093403F799A420AC0D4407F
:10B300003F2D8D42710F4640A370634058792C4009
:10B3100074C98742EC6CCC3FF5B1BF3F063F20407B
:10B320003A63863F1F9E594222D35741F34FDA407A
:10B3300021543E42F9238F402641104148E2913F7B
:10B3400061D7B5404B489D4017AB2A422773534005
:10B3500097A9953FBAF0CC4024232740378F6D4002
:10B36000163FFC3F45288C3F737C74406E4F37413D
:10B3700077AEF941BACA823FCA0D1240EF6410405D
:10B3800042BE84407A47C73FCEFE863F098F98422F
:10B3900005AB2740B1519342B6C7853F558EC93F93
:10B3A000E63F8E425D39224001008C4229F98F3FF1
:10B3B0009E63813F1C0FC33F6D73144127E37242AC
:10B3C000C233E23FE959F0408D078B41615F2D4266
:10B3D000AE380440923DAE40A7C57F41924BB23F8C
:10B3E00078E8E94194AC61414CAD974261B6A44024
:10B3F000E6618D4269417D40B256983F7851823F67
:10B40000A0588B4287B0993F2669304020231A40CC
:10B4100087878642B5BB993F8B8A9A3FF5FDD2411B
:10B42000139023425EC01E41C69D834100C2BF41AE
:10B43000265E8741120C8040AA74BD40B8993940FD
:10B440001ED558411F4AA84109BF3B4080532A409E
:10B450006D27644155E696427B520840C1A3924253
:10B460006D5D883F8A47883FC6167542F2C24041EB
:10B4700099A556426289F3405814F9408D7188406D
:10B4800073E4FE400BC9364293FA85409D1D5B4034
:10B49000BCA00E40FAC3B1404F703D4095E5A63FB9
:10B4A0000EF0CC4095D1C73F122DF74109CA6C412F
:10B4B000D5013C40A4E69F3F1C0F1640011D8A3F6A
:10B4C0006E34883F0A0D953F6252BE3F612F824025
:10B4D0007BE7F23F23F9873F6E95F23FB24A9040F7
:10B4E00064A59F415B0F2F4158DD054163D9CD40D5
:10B4F00084169B3FB507913F53C89442AE584942CA
:10B50000EE6FC04164652942579AFF4064329A4108
:10B5100025F698402A061B4294F36540FE19AB407D
:10B52000B300294054B6C1409F895341ECE79C3F8A
:10B530005478634070FD11419D0DED415DD525406E
:10B540006E3C803F29D2963F736585401616D13FE9
:10B5500050EB803F37E5414072874140B7750D4160
:10B56000D0278C40CE1BD53FDBD4F13FF555F740BB
:10B57000A893B23F4B8D6F40F31BCF417D8CBE3FF4
:10B58000F13DC53FAF06F63F36088D3F0C7B943F3B
:10B59000AACCF540A216E13F4EC427408FC7924087
:10B5A000CD1C4940D63B2740EAA2903FE96B2A4197
:10B5B000FDCB7341FED7C940B1D2AF3F8FFD903F65
:10B5C0000E8BBE3F08AC914247C21A40F6D58C4262
:10B5D0004C6F803F4115B53F8E838942DC99D43F43
:10B5E0003CE285428254E83F0A4A3942DDF4A441F4
:10B5F0000D582442EB8FA740CE18984052DD7D4174
:10B60000B12DE241D3044D41DFE57640EF73B03F09
:10B61000E063833FAB7F6E40A1DBFD4004DFFD4074
:10B620004CBE9042182F98405A3B8742A122D13FEE
:10B63000DFCC4740327FC7411BB72A42115F813FB1
:10B64000561D074081BADF4092908F418D7B644147
:10B650007030E341E979E03F069CA740E1EA5541BB
:10B66000856C92405F67D540BA8FF340EDBE7C4158
:10B67000F4A149418081823FA6FB864036C1484003
:10B6800094BA2341FC62DC3F8BA736407FF2B33F84
:10B69000BF6AA84047708F40E63E4840DCAC94400B
:10B6A0007F683241D6822141757C204098F0274046
:10B6B0006A0DCC3FD290D03F9BF1C03F32BD1D40C0
:10B6C0008E96F84042E3853FD46BE73FF181F93F26
:10B6D0008614544014783440F3D0D43F49FA0740DC
:10B6E0003C89803F47092640705003405889BF403D
:10B6F000A747A54028964340993AE1401047913F1B
:10B70000DBB1AF3F7F5C8E42D9338C42B2298A3F96
:10B7100060415442A34C88414F17294243A82C4111
:10B72000A25BCE40756B2941FE6A1A4217C56A407A
:10B7300051BAF7406A2C4340E003833FAA9AAD40D8
:10B7400013682C40E0A2FC402D950F41640BED41A5
:10B7500030B2803FFF6B2A4034119B403A5239404F
:10B76000610DFA3F734B8C3FDF108D402E27823FD7
:10B77000DD2DD33F49A2853FA220CF40FB08B63F35
:10B7800051FCF34026B8AC3F59F12341B8129B411C
:10B790002DB6893F5147714051118F3F2393E33FAD
:10B7A000422B4D400116514000F88B42D0387A426E
:10B7B00082B9ED4033646A41C39F3F42C7181340CA
:10B7C0001F2DA44041421541E343AA408147E04177
:10B7D00004F89E415BB9933F3278923F107619404E
:10B7E0002EE42E40CDC98440B6BAA540D58E7B400C
:10B7F000E3F1B13F2EF2BF414E558140FB72D03F85
:10B80000D5F0914163A5D13FF9228C3F6095F93F76
:10B81000EAC80C40BF8B853FC65784408C52913F8D
:10B820008FE53240FBEC9C41CB148C40B0778F3FCE
:10B83000C4EE3A40D6BF1341D42110416928963F47
:10B840006A69833F6FEBBE3FD53929409C7D5A41E1
:10B85000B5B8BE40512CEA3F6D1323402DC65A4067
:10B86000951CBA407E61AD3F48EBF440D11A8A4244
:10B870002F430E40B8A88542BF44803F9F419C3F64
:10B88000BB9F8242413FC23F7292594210B42E4147
:10B8900087A15442581D9E3F33F231408337024105
:10B8A0004CC7DA409D4839424F81A13F1863C23FDF
:10B8B00059F914405AF2B940DCCA8E40E1F81740F9
:10B8C000253027409BD52E42C2DF9F3FF0128A3F92
:10B8D000084BF43F30BF7940446A8942A4EB9D4055
:10B8E00013177F42F0B36040B246B63F69810B4107
:10B8F000B8365C42BB17823F12A81F409B0EA44083
:10B900006FE86540E684E3401CC63F42294CB03FE7
:10B91000FC038F3FB8A53B407E770C40398B803FBE
:10B92000D2A22540C3D62640851990404D4A8A416F
:10B93000EB41F541C00D813FB13DF63F22B0963F4E
:10B94000D93E823F25839E3F612AAF3FA65B2640BA
:10B95000C6AEF33F5CED28417B4ED7405450984033
:10B96000D52DCF41A160BE3FAC568E3FD6E0AD4055
:10B97000E1F9A340C95B9D3F89F7AF407E769E3FCA
:10B980006A65614059728F41F2EDFE40C3038842FF
:10B99000CCDEF93F481C844272F8874081397742F7
:10B9A00074E24940DE1C8C3F859BBE4011665F42BD
:10B9B000E64E8A3F01BB0440C0458D401257C53F4B
:10B9C000B0454240B64153421C30963F72734F40DF
:10B9D000EB1C8B3F756EF93F56772041E0232B42DD
:10B9E00011B1803FEA1A0F40ABE4B640000A8A402A
:10B9F000FED9244161ED01427C5D87426E59D341FD
:10BA0000420E25428790314155227541671E1D42E5
:10BA10005AFBFD3FAB5EFB40C8844F4092725041E1
:10BA20000ABF1240C4C76641EBD8C641F727B23FF0
:10BA3000ADD4CE40BBA99B3FEAAF014000DE1E4122
:10BA4000475246403927BB402734094192837A4107
:10BA5000442E13413DF3B73FDED7A04080B8823F6C
:10BA600054A7803F44860841E7BDB23FD6B10540A8
:10BA7000E240813FF6DAF13FF8607D40662A883F78
:10BA8000B55DF040C99A024193D1EF408A524C40D3
:10BA90004433C0406C0882401B048F40AB4A3240A4
:10BAA0009B2C963F14E5BB3F7064C140CBDAB23F9C
:10BAB000DF7ED84077DA914037EE3B40C7F5A33FB1
:10BAC0004DAFF43F811592400C77B83F2421854259
:10BAD000A702F23F19598142477881402983724277
:10BAE0002C9A3D40C1AC8A3FAD373440AF3F6742EE
:10BAF000170E853F4226F63FB18CD43FA8E2933F14
:10BB000091241A423B369A41D649B44199FE7F416D
:10BB10005CB0854048947141867075414A46E64064
:10BB200076ADAC3FEA686A41A245A83FE63D3740A2
:10BB3000263F614113A9823FEAFA83427FCD8A40C2
:10BB4000259C764297A8EF3FB4C61D40CE1ACF4041
:10BB5000CBB85C428194843FE7F8B63F035650402F
:10BB600099DF4D40E3858F400EC84A425309F13FAB
:10BB7000B3A2AF3F80E2C83F869A3A40262FC44026
:10BB80002A423242F4B7A63F197DCE3FBA698540BA
:10BB9000B115FB3F94FAB440D7A21B4207F8A83F67
:10BBA00071573640772F963FB66E8F40EF3C554128
:10BBB00037A7CC4198FA82420C607F4289A4D23FD9
:10BBC0009842EF41C0BE074247CDCE4146D58140A5
:10BBD000971448413473AB41F3D5AD4150DD8340F8
:10BBE0008033124017EEE23F74750F418E7C624045
:10BBF000A927E24093D26541A2FD924187C25640F7
:10BC00005375E93FF6FF1240AA04404092E8BE4057
:10BC1000459CE63FD75CDE3F04041640A7259740CD
:10BC20003E412C41554566406D29E93F0B6B8441EF
:10BC30005A6FD13FB315DC3F63E7943F8918913FBA
:10BC400021F0883F3419F73F24778640B6C5E13F9D
:10BC500073D6803F9531AB3FD067833F66976C408A
:10BC600076401B413A06883F0EE916408EB89E3F4B
:10BC700033218142F4507A425B2EFE3F07663F40FB
:10BC8000935A6E42D1EBAD3F3DE0D03FDC6DA44115
:10BC9000A5231C42F289DC40BF965A41EA280242A1
:10BCA000DDD5CF40E8F48B40142A2140C23E054147
:10BCB000FAAFAA408E7ECD41164DDB40EB0FA64079
:10BCC000C617A73F4B19A43F2BDD454047E4903FE3
:10BCD000E26FB13FD868DD40AD52B43FD6FCEB3FD8
:10BCE0008A615F409E48B54179AF4140BE311B40FB
:10BCF00037B48D407AF67840B752A63F87C47E426B
:10BD00001C5E5542AB992541B6123D422E5BC240A6
:10BD1000D48ABF4081A88B402D27E640D14D2042D8
:10BD2000A250BC3F05479340EA421A40BFD264404C
:10BD30002410823FF04856408C0BBB40846EAC3FD1
:10BD40003DF4BF4164A78041A1398E3F3A715F4005
:10BD50006E8A873F66FBAC3F571FEE3F2686DB3F70
:10BD600082DDBE3F2B548B40FE2176417CC60941CB
:10BD70000832F140C5B508415F16833F0AE61D4011
:10BD800041558E3FB67D4F40DA185A412249E03F77
:10BD90005C1D334049FEB940FC3DA24016E81D4001
:10BDA0007B5A85400E118C40D3D47A4246FF914095
:10BDB000EA94684254D75240704EA23FB218804075
:10BDC000D491584274760F40C0C1863F937E1D4087
:10BDD000A265C53F6E4B46422E3392408D2E9B3F4F
:10BDE0005BBE833F14F2A23F120B983FBBF21C4292
:10BDF000CC62254190A125409889FD3FABEB9D4049
:10BE0000463509428DC13E40D164EB40225E5A4026
:10BE100066F2C23FB26BDE4169FBCF40008D9B3FB3
:10BE20001AF6E13F0C0BA84089B30640CABE774220
:10BE3000A269F23F7D2B704223F26A42472BA73F53
:10BE400005795F42E1913740362DF041D3C4CE41B0
:10BE5000FBC5AE3FC75DC03F9AE3E641C299943F40
:10BE60009E6783416BBA16414CB798419C581C4160
:10BE700006AE7A40B9234841600A9340776A9A40F7
:10BE80004F787642785FE03F53756F421A254942FA
:10BE9000E640194158E336420F0E9240CF95B2402A
:10BEA000F9D77F40D9CB1542FE5D0441AD803540C6
:10BEB000E536DD3F41DA06405D515E40D62B344029
:10BEC0004658973FA14446408F6709420BAA8640D7
:10BED000F01182403527803F24DAEA3F706B833FC0
:10BEE00012498A3F2E6DE93F8C35D33F33EA00403B
:10BEF000DAB48A3F1EEBA041FFC7634102C40D4084
:10BF00002820FF3F7E08943FA21F3A40148B7442C2
:10BF10004E428F40CBA26242CF8D4F409AED9D3F63
:10BF20008B757B4072EB5242D4A1F53FCA79A93F91
:10BF300088EA19400716C33F9BBFD9407FB33742F9
:10BF4000B2C29D3F5E12963F76B1993F3E53B340D9
:10BF5000CE6AB74025C62042EBFE9A3F83938C40C1
:10BF6000268DDD3F84078040275D8641232FBB411E
:10BF7000F7AB414020F6AE3FB1AF0B40B0BEE83F5B
:10BF800039E56540FF405341D57B124171E2634181
:10BF9000A0BC72421DE86E401FCE6342F22DAC3F42
:10BFA00023D118400BF4A94119D40E42C5CA983FB9
:10BFB00082D7983F411BB84075DA7741F0DEEE41F9
:10BFC0000B25BB40D656BE3F8C858840810035414D
:10BFD000E7B385408AFA1441AB61A441CF7885402C
:10BFE000F0B0D63F784B803F5CE550404C4A2D4046
:10BFF000EEAD0941E19DB93FDE982E400B90944093
:10C00000096595401AC146413C020241CBF41F40EC
:10C01000A6F9D53FA0BBFB3F180FA63F3D53BC3F41
:10C020005B419E3F30A00840C40BCF406467B53FE2
:10C0300058CAA73F0F21B93F8E8F4C407FD567402C
:10C0400027E9853F673F1E41CE062240A85337406F
:10C05000A45AA840E9486F429ADB5542756ACB4022
:10C06000E3D8494161652342E4944040064056408C
:10C07000BD5EFB40085398406F7BC241534F8441E3
:10C080004293F73F8796893F7EA0893FC76F114053
:10C09000DFCE63404E77894015DD6140F8919D3FCA
:10C0A000693595411518B5402288B43FA30D7241FA
:10C0B0004928943FBBBA1940BDD5863FBD834F4048
:10C0C000C2051F40A5AE853FB850834189250F406A
:10C0D00038B78D4077839D3F510F5C418AF2AF3F67
:10C0E0002509883F516CAB3F3EC2A03F3D45FE3F16
:10C0F0008D870F408DBF62415A4B823FB9FF9B3FF6
:10C10000C709584051C9863F31B21B40C52235414D
:10C11000802E6C42B7D7D73FC36F6542B4D75E401D
:10C12000478257422BB31E401249803F25B3E23F5E
:10C13000AE6C5042EBEE933F6B77A93FDDBCAC3F5A
:10C14000C7064B428D51FC3F3B2443427151244072
:10C1500024DF384219976B423B6AD541FCE100422B
:10C1600085D80041F8FD944138298C4180356B41D8
:10C17000E604DC4090B0963FEF042D4103EEF94019
:10C1800090710441E0E013413AFBA940E3371641C6
:10C190002F43933F1B34B740FB301040B0F80841A9
:10C1A0001D3D8240CB616F400A60B23F1C4BDC40BA
:10C1B000D543A140EB7D8640C2428540E1E1923FFC
:10C1C000DCE5BB40D4136140C4D6853F6ABE9540D0
:10C1D000BCAD963F3AB4893F939992409CAF7E4064
:10C1E000FB3719407F84D63FDBB1C33FDD880D406C
:10C1F0009CB3B640025E963F49FB1C40608C2540D4
:10C200002FC60040A6350C40708C7B408F7EF83FD7
:10C2100018B1A83F48BB0C4045734E401C13BA3FB1
:10C22000CA545B40B7BC933FA6ADFA3FC958014022
:10C23000D144813F262BB13F6B72963F4F9F843F85
:10C2400028F9823F52F5954004F1933F8E05A63FB1
:10C25000899EC23F377A883F9D6B8B3FAFFF8C3FF3
:10C2600057BF803F39B7983F2E006642C05D60429D
:10C27000C34DB43F71D8D440B2C24542B7B8A5400F
:10C28000E87EBC3F6F58C741F62CC44110F5814091
:10C290009C0E8F3F5727F440994E8A411C3A2E41FD
:10C2A000D01F5A4192FB3E401BDD893FD639624088
:10C2B0006C0A83405849F03F079476414774024125
:10C2C00051172F407010CE402F2FE64065E6973F64
:10C2D000BF10E63FC8F8C43FE57AFF3F2DB63040B7
:10C2E00056BDAA3F923E2A4063044C41571BB940B9
:10C2F0006F9A1740BF07AE3FE226B03F4610AE40F0
:10C30000A700803FE4DBF63F3678A840BB366342A7
:10C3100036ED544246986440FB769841B9B10842E4
:10C320002812E43F631EE53F18228C412E4EC53F84
:10C3300068A066413E139E41382C7F41BFBFC83F75
:10C34000D7B27740B2B32841E2F60E419A2F2D4181
:10C35000ADEBB24061B6254100CBFB3FAD9AF33F58
:10C3600009CC0C41453DDF3F0C6DA940720169408D
:10C37000DE245C40C54CEC400FA98E40780A913F0A
:10C3800061CABC3F151D0E41E413AD3F1A53EE4088
:10C39000332B0240E4AE50401340A03F69E1184007
:10C3A000B8BC923F82C61240714EE13F29F9B340BA
:10C3B00040CF5F42BD0151422DD86C40A101964053
:10C3C00089413E428D211040406DB93F66621F4059
:10C3D000DCA00C40C1A3FE40116D1E420C529F3FD9
:10C3E0000EF1803FE60D9A3FE6B6A43F13269A4031
:10C3F0005BFB48406CCA8A41B50FB24162D8823FAC
:10C40000F6DF72403827014047A88F3F8A14334037
:10C41000B6CF68417186A041254A0C406504823F31
:10C42000C3DD3140E4B2813F8C9B803F8B41803F34
:10C430008AE7E53F2FED1E410DC593407848B8408F
:10C44000A5E86441D16F5C421E9FBA418440FE4121
:10C450006E1C4B40903BA14173794A41CA039941FC
:10C460001EFAE63FBE3EAF3F86BC8C4158F82340E3
:10C4700045BA00415C7E93400F4D044186BA2D4180
:10C4800095703341EB10CC404EC9C53F6127823FC8
:10C49000090AE04007AA853F5F723940B314DB3FC9
:10C4A00073839940572D5E4082A3814089D1D94042
:10C4B000AE2A81407DB6E5400C5EE53F68B992400A
:10C4C0009276893F65ACBD40D22C863FECB7EC3FFD
:10C4D0003504C83FCB044F40A2571C406BAB833F91
:10C4E000C102B23FA4452A40A1C5863F2120B840E1
:10C4F000AE6CC93F049F1D406D6E91402190284055
:10C5000057048A3FA5706040982282403327EE3F4F
:10C51000E74FF83FAFB9A53F8EB09D3FBADAB63FBF
:10C52000891258425DE240426381B940D17D364173
:10C53000E94213427FB82B40474A47404C9CDF40BA
:10C54000555F8D404B540E42B3D39D3FF403BF3F24
:10C550000A6D983FC0E7843F67D60440BC844B40D7
:10C56000DDB37340ABD65140FCCF913F4335F5412D
:10C570004FCD9D40BCC8843F5E200940AF3B803F0B
:10C580000696334001B6C33F56F7DF3FC378C44138
:10C5900000F2C2402A2E903F888373400ACF943F16
:10C5A000015DD23F34ECB941F1C8A83FDDCD9240E6
:10C5B0008F90C03FE5949F3F16B92340AEE95542A6
:10C5C000B405C23F80D94F42E3194540E287434258
:10C5D000AE67FA3F18CC8F3F96DC9A412D33EC4181
:10C5E0004CC3F34086D73B412ACDD4411A303B405F
:10C5F0005F0035401C439940597CA440B332D3407E
:10C60000C71C70418D7D39416B3DED3FC922893F8B
:10C6100060B2D13F5D4E983F44756A40EA21903F39
:10C62000EC801D40C7772B40C0A88340E6131F4015
:10C630006A8C5641E582CC3FC7241D4134C6E23F97
:10C640002CC2534262C4CA3F096C4D426E883F42BD
:10C65000A5395E40E88FCC4071F625425DA60840C2
:10C660009026AB3F4ED7F43F145A8F404B9B194254
:10C6700061B245409006913F2B46803FEF7AAC3F38
:10C68000B1764840DB8BB040D08903425DC3DB3FCD
:10C6900065A1AF3F5B1E35405CF92B409F6AEB41C3
:10C6A00001485D403E535242F3A93941C1E823425B
:10C6B000B9C8D3402C8B9F40B7A97C40261E14429A
:10C6C0009B92A14079D8C83F6F55873FA16B7B40B3
:10C6D000968D833FECE23A40342ABE40BFB1F84128
:10C6E0005F00A13F06A57240B2F22A40DFF1A03FF1
:10C6F000C44D8A40C371CF3FA0639A413E9C3C41E8
:10C70000165B813F7BF73140C9432D407BAFCE3F65
:10C71000FF749440C08C6A414B47AC4031F1CC402F
:10C7200068015B402CD19B3FDE692A41C4458040B3
:10C730004B01D83FF18D6C40415FD03F61D99840AB
:10C74000A9784E4296015C4090B8404252E40A40BB
:10C75000883AA23F83259D40E0132D4277088B3F06
:10C760002DC08A3F26A62840E0A41140B1EB6440CA
:10C7700025C51E425491C53FF8BA8B3F9DD7AD3FAA
:10C78000E3FF0D40B52C1442F786294077419A3FCC
:10C790004EBE813FC4500F40A9370B42ED69AF3FF9
:10C7A00000A4A33FBB229A3FCD7E843F25DEF33F0A
:10C7B000B898034269024D428CEFB93FEC324742D0
:10C7C000A81D2242125514418CEEE3418799404145
:10C7D000A185C840074940409ACA9541E3471C419A
:10C7E000E8F720408D5B18410C769840533EC03FDF
:10C7F000AFD2B33F5FBFCC3FA72EEA40E17D3641C9
:10C800004C1FE140F5E02E40A1981140C9EAE740F5
:10C81000A8B74140E168DE3F1EB865402FA56E40D5
:10C82000B416414034380641626B33409B698740FF
:10C83000C6B5D83F240C853FEC819A3F56AF883F60
:10C84000869A8A4086A03A405A9A494208883341DB
:10C8500058B81C427CD3CC40953C9A402465B841E2
:10C860008C0B81416CFA9B403F64C33F18C4843FEA
:10C870001D177240D1557C41EDE8E840B456464161
:10C880008E016F4097868A3F8DB17240331D1F40E5
:10C89000D6F3A53FE1204F41C2D334401B5A91400B
:10C8A000A41D2F402B1C264125EA0040DE8E2D4082
:10C8B00060E5823FCD54AF3F27071B404E67813F65
:10C8C00017D3BC3F23F2434058241E410388B33F93
:10C8D000811FB63F2186803F257162405301B13FE1
:10C8E000F439AD3FA6D1973FF6211341B7FB803F06
:10C8F00092D8803F27C39A3F955AC03FD8F3F33F61
:10C900006DF0933F9AE5893FA5E70C4140F2FE4068
:10C91000B0469D3FDEF645425F8C3042F453AB405B
:10C92000F1A7264163E2064297C6C73F9DC4724005
:10C930008F96CA4053B982407BFC974196906B41D9
:10C94000E156E93F5932FC3F891B64409611314062
:10C9500093CA42402650853F06480B41EFB0244120
:10C96000E3B2994024B71E41AFA4A33F324912401D
:10C970001478BA3F17ABA73FB82AB43F6E6AD13FCD
:10C98000BCA4A63FDCE6EC402A5210412BF6A23FA5
:10C99000BA67D33FEAB14940FDBBA4404CB29840CE
:10C9A000219138404C9E904016AAEA40F8E8D73FC3
:10C9B00094E4EA3F3F7FA83FBFD671407642AF3F45
:10C9C000995C813F4CB67040D0474342F7E3B24197
:10C9D000A8ABD341856BDB402B1278413095664183
:10C9E00020C24041015AC73F0595A9406CA20D41A4
:10C9F0007EDFD440CFD7D3409252F94034748A407E
:10CA00000D10F740E63183407B8C993F46ADF140F5
:10CA1000495EA63FCBCAD03FCCACA040E6F0224056
:10CA20005C5F824035A58940BA5A5F40769F50408E
:10CA3000E591883FB60F9340AD004840FA913940E8
:10CA4000A5A3993F3F8DE53FF649B8403F9251403D
:10CA5000B08EDF3F4A4A9A3F8397AB3FF3F30940DA
:10CA600076560940D6C4A83F4FF80A40DC673C40E0
:10CA70001F6FD33F46640440CE38873F5847654018
:10CA8000944C0B40884308406E9D923FB125863FF1
:10CA900036C28D3FFCE6893FA2098C3FC75C863FCA
:10CAA000C56B823F6D623F427909BB403E0128421F
:10CAB000FBFE9040F629A83F5C8F0842098FFB409F
:10CAC00083E5FF3F350B2240A8922540646CFC4172
:10CAD0005734AC4063B51E40C3D9BB3FA83C883F28
:10CAE0000BB89C3F446DAE3F2EABDD41B2097640A2
:10CAF000FF3D814060D9AB3F6379853F63F1B73F2C
:10CB00001E0970413D4D4B419AAF104030B4CA3FB1
:10CB1000325F24409A39BC3F6DF53741C64E6040C4
:10CB200023A09C4058FAF94012E9813F22769F3FAA
:10CB3000B8533C427A922741196F1242D5DABF406E
:10CB40001F4A8F40B408AF41FCAA6B41579A9140ED
:10CB5000F801B93FBB542640057FF03FA372A241C4
:10CB60000D61C93FF8D20A4109B0C1408145933FE8
:10CB7000EE915940F80E813F7E9ACB3FCF7AA44088
:10CB8000DFA772419EE39D40A3846F4013B74E40E0
:10CB900000A93440A03C2C40FEB81C4020344C413D
:10CBA000F9CE1940FC24933FBE347240BA642B4046
:10CBB000D23F883FBC0DC33F6B60DA3FAF36E73FE3
:10CBC000501B823FD688893F6AF0CE3F2716803FB0
:10CBD000D55BB93FD8D2DB406895BC40B68EA73F45
:10CBE0003D0F8C3F46631E40F2A2A73F2D95843F28
:10CBF0004734D23F93783942A916AE3FDE0734421C
:10CC0000377E2740FA8F2942D9A7BA3F9554943FDF
:10CC1000B2F17740DF101A423C383240EC728B3F61
:10CC2000DF4FEE3F609E124249EEC33F2F82A03F8E
:10CC300030A0E140B4D4EC4104B7EA3F6FF2A64023
:10CC40004FA4CD412C837940F9C938420A7334424C
:10CC5000D9DD8A3F20651640B80C2B42D330803F87
:10CC60006D99AC3F19283840378A1F42821D893F91
:10CC7000B032E73F73164A40D0E81242CC769A3F72
:10CC80001BB6F93FFEE39041A1ED94418DD9C03F21
:10CC900065D68441EA4DA5404E34574157CA3742C4
:10CCA0004684464013622B42E0B9FE3FAC4E8E3FB5
:10CCB00007025940F2D11D42F969F03F159AC13F70
:10CCC000ECCB09423630A040353CCD4145B70C4154
:10CCD000383A334034260D40A03AB341A90C5040B5
:10CCE000FED1C34016392B403726B93F394EAD3FF0
:10CCF000D4869A415A9E454045040E40C910843F4F
:10CD0000D1533B402C504C40375F853FF512D13F0B
:10CD1000C657364261E82141AEDD0D42F08AB94086
:10CD2000D1458A4085694B4015270142ACA7C43FD5
:10CD300005618840F5DA1D405A61ED3F5977823F21
:10CD4000D82D0A401791A140E5E9D941D39A4A402C
:10CD50006E4E8C3F30AC9C3FBB099F3F5BA16B404C
:10CD6000A501AF3FF3BE8741E455244188310E4011
:10CD7000A5DFBA3FACAD7A407CD250417B168F40E4
:10CD80004D95B940C1EA3540D785893F388976400D
:10CD90002E301341381ABE3FD91F3F40D053B33F06
:10CDA00059C08C402C8B3342929E2C423093DD3FF5
:10CDB00002A6B940D2691542624BB83F29938B4015
:10CDC00001905441A38BC0419FB6803F03CB564096
:10CDD00093C141417573963FAE12154199046C4160
:10CDE00067FD0840399B9B3FB368ED40731A96403E
:10CDF000403EBF4038CE5540754BD340DF5E0241C8
:10CE0000C4EB9540DEF92E40FEE7A93FE7405740CE
:10CE10004FC5774030B70640938EFC3FDE0DAF3FE5
:10CE200011697840D92D2E4025F941402BC1A340EE
:10CE3000F0CC304275B92542B5373140F0C96C416C
:10CE4000F20DD5411A24D13F504B913FBE7258414B
:10CE500090B9A23FF02B3741F3EF724191734441F7
:10CE60006DF99F3F4B9740401D0607419972DC408A
:10CE7000A7B6044104ED7C4050380541B598CA3F3F
:10CE8000E295B63F87A3E440CDA2A53FD0BA81404A
:10CE9000926F35407FF62A400EF2B3404F56B83FAE
:10CEA000DDC12040C76FC740B001064069B0BA3F3E
:10CEB0006DF7B54052B5CC3FF71A1D40FD8A813F52
:10CEC0002754E93FF41E863F0ACECF3FEF4CB03FD8
:10CED000D2DE8740288C2E42419CA03F46872942C3
:10CEE000D6CA1A4099DA1F42C72E9A3FE5669B3F81
:10CEF000F2201942D334D73F9D26CA419036504183
:10CF0000B65FB3413437364040E8114080BC2B4116
:10CF1000575416402C95A041DF5FA13F8A0ECB3FAE
:10CF2000CF0922400C3A03412B932D42F7A0EB414D
:10CF3000BF0A5F4121D0C44158439B404DDD5C4056
:10CF40006CD327410A62B7417BE1D63F9E194F401F
:10CF500022DACE3F32AE1B40355E823F9BE1794004
:10CF600009B6D2406731AC40B0558C414CCAA43FA1
:10CF7000757C2740BF1AA0402A6DCA3F66DE7C4000
:10CF8000D008B73F8087174080C972411E02144005
:10CF900060332C4043718A3FC4A537407411A23FCF
:10CFA0008DFD8C3F6B4605412A06DB4080A0AB3FE0
:10CFB00040C6AC3F19AB2A42C8C81F4214252E40B8
:10CFC000E04764419F6DCD41BC34AC3F6C15B03F30
:10CFD000F81D50413F4FA13F7E26AC41851C854046
:10CFE00060A43C41C0CC9B3FC4EC1540E66899412D
:10CFF000E40C2C404B58BC3F8CEE8540335AF34038
:10D00000D562AA3FB376813FF998CD404F054C4198
:10D010002EF8BF3F9921983F61190E406F87FB3F63
:10D0200011859B3FEF78CC407B3F4C4077F24E40E0
:10D0300099EC7E40284A0C41319F2842101137401C
:10D04000202E1D424A64EC3FD7BD813F55A7734057
:10D05000ABF30D4245EA05401F7ADB3FC7C7BD4130
:10D060001D3F3C41060E803F84C68B3F16E1EC3FDE
:10D07000B5F9AE418F0A0F413BD23440D86EF04033
:10D08000FFBB6541FD562E409FE9C6407B61D73FFF
:10D09000FB42923F59118640FEBA544058B1E540D8
:10D0A000A6C6E540B3A5CF3F48088D3FCFB27F402D
:10D0B0006E200E40A5D72642B8FA0D40F9F71D4262
:10D0C00054DF843F1C16973FD4DB09403C5A15427D
:10D0D00068BE8E3F40F9843F81350B42B74B2240FA
:10D0E00031BE7E41E90B9741983D9E3FD659A63F00
:10D0F0002B4AE93FEB946141945F8141AC622D4042
:10D10000466D49412B3DC13F79911B415C5BCE404F
:10D11000E249853F767BD53F25BA254224BC1341A1
:10D120001CCB004250FC8240F87BA4409A8B974174
:10D130003C1554412683863F0CB74240312AAB3F11
:10D14000D7627340B60B5441FC16B640D924224135
:10D1500090C14740F912D53F1F5BB03FB44E254008
:10D1600046289C3FF6FF3641045EE83FBF7B6140A6
:10D170003AB20A4026AB054196CDE33F7408E63F3C
:10D18000AB7AA93F6729A34084D6CA40895C813F16
:10D190007ACD2040EC488C3F871B893F02C4803FFA
:10D1A0004B25EB4045028140899C883F8486A24004
:10D1B0000140A13FE448CA409D71833FD60323420A
:10D1C0007F7A9C4086740F42F693744012C2883F67
:10D1D0000724EA411114D340927ED63FAD54094052
:10D1E00062789E414B57174180B4904023BF044062
:10D1F00068038F3FF1A5833F879DAF40FF216541C5
:10D20000F25766409E82BB4087E75740F102933F4A
:10D21000AD7D893F9800803F7E94D73FD0707340AA
:10D22000939EA140B65214419CA92040AD5C8B3F17
:10D23000C5825B4076821B40B89505409CA3A43F05
:10D240006EBD863F19123040E1F1A53F3644704073
:10D25000F861E540E88606402A1DB93F0D36883F53
:10D260007A55B23F08580240EF08803FFEFBB63FB8
:10D27000CE8E204215AD0E42C50D8F406FE9C341E1
:10D2800077E13241FB5B9C3F8DED4F40EC61B64056
:10D29000F4509641AC3706412CA732409BD3E63F71
:10D2A0007F07B93F3DE019409BE352409241134153
:10D2B000566019419AF9D740F7D6D13F23F19F3FE5
:10D2C000355DC53F9E6A0040FAF1A43F4CA4E94099
:10D2D0005B7BF33F8055BC4058D66C404EBA8B40C8
:10D2E000997E1840BE0A803F7ECA803F90DB0D4089
:10D2F00084B6A2409A8D6B40661D0D40A544813FC7
:10D3000005342C40B57BAA3FC1364240DF4BAE3FCF
:10D3100052B1823F06BF1D42AE1B0D4136F0F441B3
:10D3200061477A40AB139D40B67DDB41F9934B409A
:10D3300018D0823F54DF3840AF16A33FFE9B6840B1
:10D34000388CC841F08B174087ACA63F6A7BF03F12
:10D350000F99C73F9A25AA3F8B351E40E7CC943FD3
:10D36000557027411CA869411C51A43FC3C68A3F80
:10D370001B3B53401D43E540AC732141DF689040A7
:10D380002F968B3F04700D404BD5114078589C4030
:10D3900062AEE840EC713440F47BE23FC5932F402D
:10D3A00072901B42ADCC923F0DFA16428917054090
:10D3B00094A80E42FBFA843F1834853F83FA044256
:10D3C0000DE11A407E5C7841C8C68D41CFA3973FDE
:10D3D0004B1E9E3F4BA876406BB23A41F8DEA6400A
:10D3E000141E4841AF54813FF4FD3540D26893404C
:10D3F00004FCE1408EF90A4062C44240C8EE1F417D
:10D4000031BD204036A11A4202E10941EB51F04101
:10D4100031AE7440EC6A9940C46FD741391147402E
:10D42000A522CC3FDE9C0E406991A13F230D6240B6
:10D43000DDE8C4413B371440AB3C9D3FC7E5F03FBE
:10D440009E3D983F1EFC843FADF91040EC26A23F64
:10D450007248254148896441A51C9E3FD1518A3FAD
:10D460002DDA4F40CDA3E240E0B61D41D1A48D405E
:10D47000D838A13F827BFE3FF4CF1040D33B9A4087
:10D48000C254BA40FD188140C92EDA3F3D322E40C9
:10D490000E9D1842B5AC94407807064204DB684004
:10D4A000CBFC803F0A38903FB7850142B12326402C
:10D4B000A76E853F55CFCA4169F0E040E82CB03FE8
:10D4C0007A1A9C3F911C854187650B41C4150B401E
:10D4D00086659B409629D93FF0136F416DF83E4019
:10D4E000D84EB7408B7F8F3FFDAB863F9619A03F4C
:10D4F00042BE6640EE852D41031C8340C72DF33F9D
:10D5000013C38A3FC23486405668C43F52C1943F19
:10D51000995D1C408F4B1742AF3C06420477884010
:10D520005BDF8A4087C1E941F1EEA03F9076404041
:10D530003559414001CBA83F862F3D40961BD24133
:10D540000DF9B83F14F4C73F1D5ADD3F4E58A53FB3
:10D55000DC03F93F305B813F5637D140C1CD9D415F
:10D560001E113E408F5D64404B0FDA40DC934E410C
:10D570007D34FB3FBFED803FF4D3FB3F29E7CC3F39
:10D580001AAC944061C60A404A4F14400A802941AF
:10D5900064B9154221AE06422DB47040F18CEF41C2
:10D5A0008A7A6E402009214019569F3F615CD44120
:10D5B00083845940A6BCFE3F6F38DE3F0DFEBF3F5F
:10D5C0003314823F9AECC6416AFCD63FBE5AD23F22
:10D5D00048AEE03FE407604150D12D41722C4A41F2
:10D5E00090DBAE3FE897CB40B80A904027A41442A6
:10D5F0004D550441A71DE74131816A40026A9340BD
:10D60000C66F8741C35B3F41EE5D873F3AD22640FC
:10D6100040969A3FE488594043B63E419052A0401C
:10D6200011051141CA5A3940F4B6AB3F7FEDA13F15
:10D630006B630A40F24A9E3F4EE52441A687CE3FE7
:10D64000699C46406E11F43F41E7EC40838BD43F28
:10D65000D92BD73FBC899B3F12880841E4E9E23FC0
:10D66000B75E813F0DED05402CB08B3F36FBC940C6
:10D670007962E840ABB6A23F3192844009D20A40B9
:10D6800029BB12428EEA8641C58B9E41E0A4A5408B
:10D69000AC023B4138A97C403CED7D416351973F52
:10D6A0000DA17F40BF74CE409990A7404972883F3A
:10D6B000147038401BB227414176AC40C7013E4050
:10D6C0008E3E833F2BE19A404F4ECE3F5F459B3FBE
:10D6D00041BF8040BCED803F6BF2EF3FEEA497402E
:10D6E00048BFB74062AB72404182CC3F7816963F4C
:10D6F0001AB76A407784314017F49F3F0E0E8E3F71
:10D70000D5426840365F35405B1F3A4058A88B3F92
:10D7100036D72C40C20A2840AF58853FB1EC823F33
:10D720003D1CE03FC22E803F742B284095C2E53F50
:10D73000D8FB843F5527C43F6117B03F118B10427F
:10D74000E40785413F0E9C4143ECA240A699384135
:10D750007C1178401F187A418FDB963FBE6A7A4071
:10D7600044B0CA400883A640597A883F4FD433401A
:10D77000F9B824414CBEAA40A3E43540360C893F99
:10D78000D6E2A740BB358B3FD238993FD434804096
:10D790000AB5803F95F3E63FFF6B9340F205B64034
:10D7A000FB726F403C13CC3FF3C2A73F32E47B4097
:10D7B000187F27401FD5B13F47118E3F5BCF5F4099
:10D7C000D0723340139938400AA98B3F769E294086
:10D7D0007D0115406AC5CD3FF2748C3F3D89C23F43
:10D7E0006AC51040E2139E3F042AE23F9CBB843F7F
:10D7F00068A3CF3FBE8EA13FA9850E428E31004265
:10D80000BB41654001FD963F4BF3F641267823402E
:10D810002993833FC98FD041098E9940920FC13F10
:10D82000BAE0853FECBF0940CB57BF4160DA2440E6
:10D83000B1410E405E4F8A3F7A30893FFE76A34168
:10D840006C065F40360F943F8AA5B53FADF0164099
:10D85000E89890415AA4C63F7E68F73F01B40D4254
:10D860005F29F63FB60206425E04DC413704C04041
:10D87000F9E2B5419685984001318140D74CFB3F94
:10D880003D72AF4069068A41DF98AC3FBDBE5A4049
:10D8900069FD3F4033C9843F22660940587E5540A8
:10D8A0000C6A244050F26A41B08618401A70843FD6
:10D8B000E3E1E83FEE18973F825A903FC271823F02
:10D8C000F1DAE33FBF21C73FB101903F68D2B83FD3
:10D8D0002E20924039E22141D8280C429565F8412A
:10D8E000D1607F400A07F041B1E8853F1668EB3F01
:10D8F000C6AC0940291BB24183AFF740472A863F97
:10D90000452F8D3FFACC074159695C412AA18B40D4
:10D91000B11C584025E55A406127A24064E5EF401C
:10D920004EEDC840F4461F40C0F6EF3FFD1E1640C6
:10D9300068FB833F65FE194080CD813F3495E33F0E
:10D94000288452400887A440B8BC1640EEED8340BE
:10D95000C0FE09400A27883FF016A43FDE6A0A424B
:10D96000500A863F8C3A0642C790DC413F91BF4047
:10D970002912B7417BFA95408C460F40F2DB6F408D
:10D9800070B7BD3FB236AB415C8DAA3F47AE564043
:10D99000E9DD953F30AF883F4ECF853F4BF42C40BB
:10D9A000EA420D41792A4941E112B83FAD49F53FBC
:10D9B0008AEAA14096367140A5F4FD3FE56B294106
:10D9C00050260942B5A2F440F423D541E1C98B4069
:10D9D000A8B15140613182409B97B441A0B05340FF
:10D9E00045C6873F0C04AC3F445FF73FA556344023
:10D9F0003A18A03F92CF6A4149BFFC400007943FCC
:10DA000020AD094088CBCC3FC2E19B3FD73888404E
:10DA100026B326416794514015F59340B1E9893FFB
:10DA2000D67C4B40FEB1D63FE7DC0B4141A69E3F82
:10DA300046410240252E883F18D363406172953FCE
:10DA4000A6C300400809F14014C39A3FC7CAF43F77
:10DA500069DBD23F5D2807427E357941FCB59141B3
:10DA6000CCD5084164BFE0401E81814069AB624172
:10DA700070AD1A40DF54C440E6340A40F1A49B4024
:10DA8000F447CB3F435E1D408274524137B7813F1C
:10DA90003180853FB0DAAF3FACD3474012D640402B
:10DAA000AA13923F2356823F022DA93F60B36240E2
:10DAB0007704B13F0EB8893F8C420F40DFA32E415F
:10DAC0004D23A93F0C84E63FBDB3BC3F67F8C43F7C
:10DAD0006FA22240E321803F05039C3F1382823FD7
:10DAE000EC4E0241CD533140C3EA704075288C4062
:10DAF00014AFC23F87F89F3F226705425F9F0541F1
:10DB000095FEC7412B8CC64027650940F08DB84172
:10DB1000530AF73FF8DD6E405E3A1E4015F1873F2D
:10DB200038D98A3FBAE49741D7A482400051E13FF7
:10DB3000F06AFC3F596C823F6308BA3FA9398C40B8
:10DB4000A0AC69417AEE843F70D242403EB2B83F09
:10DB5000331A3C4068454441E29C1540F793EE3F40
:10DB6000E910973FD246BA40FD43CE400F488D3F63
:10DB7000B4F19D3FC5630442F58BEA41ABDC7140D3
:10DB8000A74EB54136F5D44033E8DE3F91680240F8
:10DB9000BFD9304190C33941E7279E3F3C6BAD4030
:10DBA0006BF53540645C034168868940B800EA4003
:10DBB0007DAB0740FB2A5340BE9AE93F1850823F95
:10DBC000ECE39D40B8A95140101B23407EE3DF3FAA
:10DBD00081A8344077AC8F40D10B8C3F294B833FD9
:10DBE000982A8A3FAF150E40494710408F802B403E
:10DBF000086D903F3473094001A7993F1F8FAC3FD8
:10DC0000FDB5813F059BE73F148E4F40B5959F3F83
:10DC1000FCE602421128803F77CBFD416496DB3F52
:10DC20001112F041EE98E140D6ABB7418A1F604037
:10DC300053126340DC958241E657D440B72F004031
:10DC4000A5DFBF3F4971154013429B3F7AE91F4151
:10DC50007D84CA40B5170B400BCC8E4046B2803F46
:10DC60004C30AA3F578A3540C80DE540BC72884009
:10DC700083230440CD6C1340492B0A404ABA014229
:10DC80000C9607418EA9BF41D5F1C340847416405C
:10DC9000D6BD9541DEAEA740CE211E40DCC1694015
:10DCA00050DD803FB80BAC3F916001411B1B2A4106
:10DCB0003AA93B4081B413404AA4F23F6DDFE03FF4
:10DCC000110BD24048D8C23FDC70BF405AC59440C7
:10DCD000D61CE03F9E35973FE6CD973F1D9B8F3F7B
:10DCE0006DFC8140471D20404E07864037A6E53F2A
:10DCF0006607D43F00873F40649D9D3F292A3540F9
:10DD0000589B823F369FBD3FD674D63F32D42040C9
:10DD10003EBAFF41AE65E540D360C641408F8340C7
:10DD2000DDAC4340FF3E7240F318A841A4A3464037
:10DD3000B7F5803FBC12DF3FFF46A83F13AA28403B
:10DD4000D829933F023F5C41C8E5E7406D618C3FB5
:10DD5000ED720040A01ABD3F8639943FB5B47B40B8
:10DD6000D5511D41ADA73D40F1118940D94B943F9C
:10DD7000C88E3140F4F2C2406A616F403401843F82
:10DD8000264EF73F8BC0AF3F9D433A40F8BC9D3FC6
:10DD90009960C53F67E3A53F1B7A99406EA9EC3FA8
:10DDA0006619F23F0E0E923F2B79E23F9BEAFB4150
:10DDB0005D3E68416DCB874109CC904058D81F41EA
:10DDC0007D9255403A325A415DB6863FE53C5E4011
:10DDD000D1D3AD40DFDC9140B4FBCE3F4729DC3FDF
:10DDE000AE610E4117A1974058621C4019B5833FA0
:10DDF00015C13C408DE61E407ED3813F00D062407D
:10DE0000C0647940FC10A040B8D85740EDD2AE3F76
:10DE1000A20C843F8875F53FE15E913F3A6EAC3FBE
:10DE20001D441D40C4178B3F2EB9803F290839403F
:10DE300094211F40650021404D6E1740D7D4803F8C
:10DE40001BB3B53F20D5843FC685EB3F8C8A863F08
:10DE500027A79E3F019C9F3F2E67AA3F9B99973F14
:10DE60000ED1F841F417DC41D1C86540A2E4CB40A3
:10DE7000CC1EA941589F873F25F921408738804013
:10DE800037581740B96DA3405E438041727D9A3F79
:10DE9000D774A93F1E1C2C40DEA9A83FB82A943F86
:10DEA000B7859A3F2B1C224047BF24407027704102
:10DEB0005CFA823F1C2B8A3F210DCE3F4640C33F78
:10DEC0000FF8803F2540B73F693E923F50AEC540B6
:10DED00048500D41B19C3640EFBF54400638414098
:10DEE0008C04BA404C76F641C13363416BDC84410B
:10DEF000FB65FB408801CB40BB147040A7B34D418C
:10DF000087810D4037A5B44094610140BE508A40DE
:10DF100060ECBB3F8B1E1240794A3A4173499B3FEC
:10DF2000D850833F35B2973FE30638408C433140A9
:10DF3000572D9A3FD08A47403AD8A23FDD64813FAF
:10DF4000F0C91D414704E43FA0399C3F26D4D33F8C
:10DF50007F3CAC3F994AB63FAA8AA73FF78AE73F82
:10DF6000A0559240403EA94083E10240BDC92140F6
:10DF70007B568540159F8F3FA0E5F341231E194135
:10DF80008F56A7415E56CB40D1CB4D4065C0304047
:10DF9000823E91416024A03F464DA3403FE48D3F27
:10DFA000B1D9064029CBD43FA1B58C3F1CA748412D
:10DFB000D0ABB3405A68943F60667C400B9B893F6E
:10DFC0005718843F4D7CC140EBD1CF40E7C3C33FDE
:10DFD000D7BA8240B6C3A83F5F4B97402D654940F2
:10DFE000A93E5640FB850C4066DFF13FF686E53FD3
:10DFF00044D33B4046B6803F0A0A0940CB2A843FBF
:10E0000043291440E7F48D3F0E178B3F01E7F041A1
:10E01000EBADD83F225CE341E196BD3FB482D741EE
:10E02000F316CD40F73CA4419DDA4A4049534F4096
:10E0300092AD964150F6D83F6595EA3FD51FAB3F6C
:10E040008F3106407443923FC75F5341BBF6B340E4
:10E05000F3CC803F2B968B3FFEFA004193C9A4403E
:10E06000F3B5EF3F7C127040CA6DEF416BB9D341FD
:10E07000F6A25D4045A991414B200441C8F2C73F3B
:10E080002453F33FDE498A409C2D5E41AF57C44084
:10E09000CDD107407ED20D403DC10640A307DA40F6
:10E0A0009453E240C2679D40B5BF9B3F5C2C883FC4
:10E0B0003E77873F15C0843FE8E4963F1B87AC401E
:10E0C0002302B63F18FD8E40F8AC26406935464025
:10E0D0003834E93F0DE73040282728405DA7354018
:10E0E000A7A5D03F92A8873F20610240D41CEC41F5
:10E0F000D0DAD6402066B64191213F4010946E4060
:10E1000031B9A3417B67154067219B3FBC21E33FA9
:10E11000B064803FB7612E40BB4995415EF7E63F52
:10E120002BF1A73FCBDD823F5975DB3F164E813F78
:10E13000CCBCFB4010B52C41B1941E407472AC4075
:10E140000ECFC140129B97404002A33F21279A3F28
:10E15000A4983F40444C19400A291A40127569405E
:10E1600010B9C73F9C594B4080A9E9416F800040DE
:10E170007299D9412286803FBD7A803F6D8B47409E
:10E1800004A8C041CA45883F8868034057FDB7418D
:10E19000D5AA8A3F39FC823FD6D4833F50AB3B405F
:10E1A000ED87A04187F3BC3F1963BA3F7612CA409E
:10E1B0009E065C4186837B4066A11840AB26CC401E
:10E1C00092E6EB403F64E8411C1DD340F89CB3410C
:10E1D000E6013D40513869406E52A1414E54124013
:10E1E000709E973F5C65E23F72C4F93F30ACD83F08
:10E1F00053229341BE01E33F37C79C3F65E1873F10
:10E20000A0DBF840D5D6294122571C400FB0AA40C8
:10E210008EFA04411A711340BAD2A23F8BDB953FAC
:10E22000852E3E409A311740A5C4933FF403E54044
:10E230009BDAA33F9907833F3127E6412BD853410F
:10E2400037767841EFDBEB4066D4BB4082EB42404F
:10E2500057BB4741F1FD0440F65CA940A6C1F33F1E
:10E26000F9C77D407261B93F9275CC3FFCC6014150
:10E27000B5E88B401B79883FC782813F6E34863F6B
:10E28000DBCF8740E723923F06B63440A0EE5D40E7
:10E29000A99694404A5D863FC5A2544083229E3F82
:10E2A000748E4040D8659B3F3406CE3FC42E843FD9
:10E2B0003ED71B40525E154000CF1340241F124032
:10E2C0004307853F54FE963F4FBE933FBECA883FEB
:10E2D00041D39E3F03D5E341D7E6CB3F9616D741C6
:10E2E0009F74B03F4C0FCC41DCBFD340551F9741CA
:10E2F000C4965840F5E84E4057B0FD407E662F4129
:10E30000D975FB3FAEB7B53F5C4605403345933FFB
:10E31000932A9040870B5B405F6883409D64DB409D
:10E3200082BA803F36D2893FA868853FD3A05D403E
:10E3300056910A4062F4A03FCAC89A3F596C3940CE
:10E340001B1DB43F565DAE40A612E241722DBF4187
:10E35000D2948B40C6EC8941B002D540A1B1F73FC1
:10E36000D4501B4016C65741D34D7040E978154034
:10E370003C468A4038DC863F6FC5AF3FD2AE1F4176
:10E38000105D604014A52A407E518B3FEC3A823FDD
:10E39000016F53401FABDA400C654940E6C217409D
:10E3A0005534913FEE97803F3AB2D43F223E094028
:10E3B000BF61943FBDC7044040479840268C8A3FC8
:10E3C000F91E0440A255DF41E091C8410B1E3640C2
:10E3D000F5BA3041CB686041EC1AD33F2B21993F0D
:10E3E000BCF5B4402E80AC40785581400FBE1F4133
:10E3F0001F760A405A755F4006F2DC3F5A876A4032
:10E4000016AACF3FE6D51A404B48FD40A767044007
:10E4100002F8923F3CF4813F7EB7823F9B191E4039
:10E42000883A2040A499943F0AE9863FC2C2AE3F91
:10E430006EB4D840734F923FCB3A883F8394803F6D
:10E440008410B13F8B648F3FF8263640E3417B4018
:10E450003687DD417682F53F0F2FCE41C6EB3B403C
:10E4600096B1B641403A803F4C9DF73F9847FA40FD
:10E47000603F704122628B40EDCA5D40FF019A3FD0
:10E4800021FF5C412C74863F2D8A53402D01F43FBF
:10E49000AE94C73F30A2BC40115CFD40926CAF3FD0
:10E4A000C8A7F73F29D4F73F4B5A7D40FBFBD93F24
:10E4B00013DDC6401D14DC41AF9ED041DE56B73F90
:10E4C0008E0E89400B5BAE414987CF3F77592A407A
:10E4D0008E3B2541897A374199A1A13F5511B33F20
:10E4E000A734A23FF9F4104151348640C1C0E8403E
:10E4F000F8957840F69EA540575741409622963FA2
:10E500000A0DF13F7E7DAC405ED5EB3F4AAB024049
:10E51000B4BD83400785873F1042DF3F9E6CA33F19
:10E5200053700840AA8A5040F0C1D941CB36084107
:10E530008AA695410705C0401ED12040B94B4041F5
:10E54000B802D640D61E933F513D9B40CA5BA13FC7
:10E550007246A03FEA6E993FDB1D2D41D2257540E2
:10E560009EDF364049FC7540B3FC803F6328C740BE
:10E5700054139340385CB53FB7771A40BBF9A03FBE
:10E5800081C5CC3F794B1540A061C13F6F1234402B
:10E59000573E5A405DDB48409696BA3FF046B43F3E
:10E5A0007DA8803F7923C73F6401A13F12E5124057
:10E5B00089B28E3F6391AD3F5825E43F6E6FD741DE
:10E5C0002692C33F4C36CB412B571040662BB941A6
:10E5D00018BF9F3F3FEF803F94E2A43F3DDDAE4137
:10E5E000E708334193B12A41395CA83F60FD1D41E2
:10E5F0003F48B040E71AA540509D9F3FB6090A41E9
:10E6000070BD8F403C2B823F3DC10B4090743E401B
:10E610001B3DD641FFE2C741BDA1E53F397F0C411B
:10E6200062A38141085D4440EECFB640FBF85941FA
:10E630002A3725403133C83FDE86C03F6EE673403F
:10E64000DE72F33FEA53B23F7DAE43414E23C83FF3
:10E65000064B823F522A803F45D13340A513854067
:10E66000AB240141129EE03F7804873F3E2B8B3F55
:10E67000AC9144405F9BA640EB5B37400F88D44190
:10E680000C49054189E391419D15B240F3F83040B2
:10E6900047E92D4196BBEB401F929040FA0D863F13
:10E6A000DA2D803F0DC4E13FCBDD1640D431084167
:10E6B00061EE833FFEBFCA40180230404C44E23F47
:10E6C000A5F0933FF1CA993F150244409D62AE40C8
:10E6D0008DFC9040C60DE73FE07F8A3F4A84FD3FB6
:10E6E000CFC68640396F9E3FA3DE4F40EC34A43F37
:10E6F000415D2A40BA60C63F349EA73F121FF83FD3
:10E700002553D2410718BE3FA571C6412C9CA23F9C
:10E71000E247BC415117954143C29C409B956D41D6
:10E720001D64724010EB3E40EB32F53F06443E4123
:10E7300055463D403BA6A43FFF1020403AE5ED3F43
:10E74000E6F08F3FD8A45240D09A09413B08C93F18
:10E750007084B13FCF5A803F30C7BF3F07DED04102
:10E76000CADDB841E701404090DEA441CFF91F4027
:10E77000C3D7B93F0A2CC63FCA6AFB40BC074C410D
:10E780008D9B833F1258BC3F37F4B94026ED0240C1
:10E790008FFC1841B42C4C407F3A4B40EFAD2840E1
:10E7A0007983813FD356843FC981CD40ABEE484049
:10E7B0004511863F1124094095DF0740D5B5863FB6
:10E7C0008AC3B83F5498983FAD200F4072F18540FE
:10E7D000F917C23F5DC5CF3FCAAC873F589B8A3F00
:10E7E00004D2CE4139B8C041AD9CE13F93E306412C
:10E7F000DF8C7A4160EED4401D63E33F5ABB514148
:10E800001246234057C4AE3F4A3DA9402D98A84028
:10E8100088DEFA40538CC13FD0FF843FA50D4140B4
:10E82000EF6C1140C5D6D33FF8446740CFE6974020
:10E8300072EF45401A9F803F18BE00406A91A03F8A
:10E840007348823F8D7B9A3F31071A40448D654063
:10E85000B480943F9015A83F53C9E33F5F00CD417A
:10E86000CB078E414FE2FB40C61384414E409F3F91
:10E87000DA2F8C40EA645F4083206541261C0C40FF
:10E88000F09AD13F3B922F40FCF5A93FEC690A403A
:10E89000ED940C4048FB41417A83973FD2B4803FCE
:10E8A000EA01863F8C22D93F5C8C853F7C478F3FB5
:10E8B000A023843F3B06953F203B17419F002B4000
:10E8C000358DD44015D23340ED7CAF3F5284A63F06
:10E8D000FE3ECB412F099A413BD7C4408A22714169
:10E8E000A8DF854083F46F40F3B9194084FD82406E
:10E8F000C8A32F41B93E3F402F01993F7423803F69
:10E90000C9E22F40F78BAC3FF0E7863F649242406C
:10E9100048D1863FF9EFD84097578640140FE13F22
:10E920005D6E9D3F14C2803F7E03DF3F04C2A63F61
:10E93000C462DE3F47F84E40ABE76240358CAB3FE8
:10E9400014E936406267FD3F2D89A03FBBDACA3F1C
:10E950009CF4FA3F3D00E83FEBD1853F41AAC84116
:10E96000BD5FB14122543A400BAA7341DF2ADE4019
:10E97000177BAA3F2D2DCA3F6E6C8A40D4732E415F
:10E980001DCCA540057BE13FD90C4F4008988B3F3B
:10E99000EC495340B242F34043462C40F7511F40EC
:10E9A0007F99D13F3280CC3FAEBFCF3F2AD4D63FF4
:10E9B0003A589540EFD43B40F9FFAC3F8E8CAB3FCB
:10E9C00034F7813FBAACBC3F2B334A4095FAC03F85
:10E9D0007F82913F5E27E63FD97EC6419D0CB840BD
:10E9E000B27B9841C394234076844C401FD8334176
:10E9F0008A3EFA409D64AD3FEAC4993FE396843F66
:10EA000005390A406D3A0041C9764E40FB6DCE4053
:10EA10003B42AF3F843E843F8533903F847ADF4062
:10EA200059E9833F889DFE3F09509E3F33579840E8
:10EA3000215BD83FD326A240C44EF53F909D973F1F
:10EA40009EDF6440FBA7804061FB853FFD6E134065
:10EA500042E1A23F819FC441D1FAD83FD40FB741D0
:10EA6000CC98A9418570D73FD1B92041C7773241B1
:10EA7000E54F0F40B0CBF940008F5F400D28F540C7
:10EA80001091803FBB0E9E3F055E3340AE1CA04000
:10EA9000CCB3BF3F356AFF3F506C853FF9CCD340C4
:10EAA000B297E33F5724833F5B9F1040009A2F406B
:10EAB0008C46AD40B4199A3F67FDC241E10BAF41AE
:10EAC000368C1F40B4039C4167411840576BB53FDB
:10EAD00015AD893FDC6A8A41C1C60C40F94B9D3FA8
:10EAE000D536933FB02F8241BAB2833F6E33903F09
:10EAF000145A893F8D615F414DF713405B10AF4061
:10EB00005FD90741B295A33FE858843FF1F3C14173
:10EB10006C39AB4127D43540C0042B40D4D8954143
:10EB2000C08AA63F8E1DC53FEA19B33F97EFA23FAB
:10EB300061C468408F807141DC090C400B75B93F9E
:10EB4000FE03CE40907E0A415A21923F5DF2853FFE
:10EB5000BE11824080E4174001C90E40A098CD400C
:10EB60000EC74140DDB8843F6A81813F9547AE3F83
:10EB7000C43B943F3D56893FB3760640475D8A408B
:10EB8000584AC0416464B0403F319441BAA14A4000
:10EB90000D27164027E92E41ADF2F240113DE43F2A
:10EBA0006306B13F1E0CA83FFC41843F4326FA4058
:10EBB0001558474088D1C8409484A83FAE69CA40E0
:10EBC00056F2BE3FA9558C3F402D01402112944082
:10EBD0009EFDD23F5339AA406DC1803FDE64973F0E
:10EBE000D2715C406A667B407718B23F93EB0C4071
:10EBF0007F0C9F3F7694BE41775BB141F88FD33F46
:10EC0000C84AFA408A916541F8C830404CE6A140B4
:10EC10005888C7405ECD014151FDB33F9F94AD3F41
:10EC2000DB9955407A65DC3F01E78640AE42014002
:10EC3000809023407BD2B1405902823FAE9814406D
:10EC40001742A93FF72C39409347803FC83D823F88
:10EC5000A955B73F57CB8F3F78E80A407FBC584053
:10EC6000115CB33FDDFDBE3F8776953F685A803F1C
:10EC70000E8B1840E362803F2BDEBC41BAF9D43FD3
:10EC80008F8EAF41C780CF3F8396A241DB8B863FFB
:10EC9000C52D9A412A9D9D40F58C65410F1E064069
:10ECA000461C35408C496040927A2D419A168A3F25
:10ECB0008425823F68509D3F24E8CC3FABB31A4087
:10ECC000C02B8B3FFEC7044151CA2240AA03BC415E
:10ECD00047D9AE40584D904119E81B4076CA414093
:10ECE0000DF38D4029A159415269923FE066A53F3D
:10ECF000DD0A803F07C50140C483EB3F372426402F
:10ED00005613034054DC3841DF99823F2FF0803F97
:10ED1000AF9D943FBFAAB73F9BFB813F112B843F20
:10ED20008810B1401FA8C04088EFF43F4DA967404C
:10ED3000209F78401EB10840B7EFB73F71B10B403C
:10ED4000F4CAFE3F4C73F23FC4B8833F78A98D3FAD
:10ED5000BD90BA4190CCCD3FF4B3AD410911DB4039
:10ED600063DF6D415787984063130540644D8440CD
:10ED7000B1B82B41FF77D53FAE5246406086843F05
:10ED800066A0853F53603B40EB749A3FD4A2CE40CF
:10ED90008ECE8840437BA33F1A2AE93F9D84F53FEE
:10EDA000093C813F35DF83403F8715406D2FDA3FB7
:10EDB00066852440885C0540E26102408E36A63FAD
:10EDC000EFD7843FB9FFA13F130BA73F86D6B841C9
:10EDD0003B708C412A99B140823F5D41D2836E40A5
:10EDE000E4E55840704C0A40091C1241F046964038
:10EDF0006F0A2D40C6F2823F3B4215405347873F82
:10EE0000D311803F0E87943F8B59C33FB061F340CD
:10EE100081DD07405FB024400A3ACA3FD4DA8F3F11
:10EE200094048B3FE27F9F3F7D148740669A584051
:10EE30009A55833F69658C3F4127923F7D39B73FA3
:10EE4000B0E13C40948EA23F8113AE3FA6900140BA
:10EE50002A7DB64194F12541C1084741AC5B4E4043
:10EE600051B5E440F840184083F82041CBA8B53FA5
:10EE70008D0EE73F875276401C18534029A88F3FDC
:10EE8000C7D9A03FA22BD140C68A614079A13540A5
:10EE90001B62813F50B2A23FF4BE014009B0324034
:10EEA0003BA76F407F6721408F46803FF075833FCF
:10EEB00003CDE73F9D8CE33F76D3813F565FF43F20
:10EEC00020EFEA3FBD57AE3F4077943F9F15B541D5
:10EED00021177B413A28DE40164569415A908E3F02
:10EEE0007B3695407DE311405BB74941DA6DFC3FCD
:10EEF0007C913240F5B6EF3F914C8D3F697A963F59
:10EF000037CCF73FD4BD2A41E954AE3F0FCEB63FD0
:10EF1000F8BE054171FB1340465BBB4053452040A2
:10EF20002CE39A3FB5138D3FB0CFB341BBAC9E41AC
:10EF3000AB17294047696840929F81411D92993FD4
:10EF4000399DB83F4692AE3F24201140B41703418B
:10EF500070270041ECE3903F5C5C913FEA82C54042
:10EF6000FD580140D4465B4076AB92406F0E7B402B
:10EF700065F70F4045C1813FB5F0803F2119CC3F77
:10EF80008774EA3FC6B92C404A3AF13F17A21F40A6
:10EF9000AFD8B63F131F8E3FB8CF913F7A2D963F23
:10EFA0001246C33FE545B241F5ED9D417CBF22408D
:10EFB000B1F58C4127C20740D2789D3F2606A83F75
:10EFC000BD60D24002BB30411F08813F307C8E3F84
:10EFD000E230813F8514B24025A60441765330408B
:10EFE0009D6E81409E97C23FFEDAB24096E22C4071
:10EFF00092F7953F5BAFCA3F3974BD3F1E23244053
:10F00000C2BCBD3FCE6B83406871A53FC553B43FC2
:10F0100003D4B0410E4BA54040818741E207134025
:10F020003B8E3740CB797341A445DC3F71649C3FF4
:10F0300053AB893F41A9833F3473EB3FBA965E419E
:10F040008718A73F70A9D6400584E640D40912402E
:10F0500086A48D40755B3F404AD68640DF04BD3FA5
:10F060009CC63C40057E853FE638F93F707A1440E7
:10F070004964F23F8362AF41380981412E65B9404E
:10F080000F40ED3F6E6A64412D1F913F631D954017
:10F090009BE3EE3FFA8D4641083CE83FC21C3640F8
:10F0A0001B433141FC56AA3FB885B33FCCB3B83FB0
:10F0B000139C0F41209C0640C6803840C2F7C240D6
:10F0C000F1CAAD4119E88A415F8B8B401DD1624185
:10F0D00053FC4B40D523C23FD4043640A3662241A3
:10F0E000F4D48040BC54803FF5D10B40B4A3A83F7A
:10F0F000F565C33F418A2A402688EF4082859E3FBE
:10F10000266732407737803F736C973FD71EB53FF5
:10F11000ACF59F3F4AC7BD3F5316C040AB39AF3F28
:10F12000A294B53F0BB8C93F51A88D40A95BAC4133
:10F130006E056F41C963D340BAD0204167699C40D6
:10F14000F2946D409F323940EDE00241687EEF3F1E
:10F15000FFA2B53F4F015E40A4B0C23FA03C0C40AF
:10F1600034AD8F3F0AB8E23FD4A58B400F387440CE
:10F17000854B0C40946BA33F960B913FAB6D873F43
:10F18000BDDE3D40D5D9B23FD3300140780EE63FD9
:10F1900006F3873F04A4903FE1D5A73F98E7D33F0C
:10F1A000213E823F8423803F26AAAA41307C8D41A4
:10F1B000AB6F6940782C4741D297A74080D20F406F
:10F1C000573AB33FF7618B3F39C035413C0E803F22
:10F1D0004394874049D1893FB6D3953F63E8CE3FFA
:10F1E0002CE31B41F8723F401C6B9F3FCECF074181
:10F1F000F49AA03FA630833F4AB5FB3FB097EE3F5D
:10F20000B0F9D340EF19A941B1D3AE4005CA7A4154
:10F210003C4A2B40275D32409E0DCC4036C3144102
:10F220007968CA3FFE2B8C3F5FE7C83FEFD29B3F18
:10F2300048829F40552DB23F12BDFB406B25B73F22
:10F24000004A803F91DF7E40B1A19840C1364640E0
:10F25000EC71E73F9B260B40500E843F3B3C6F40D8
:10F260007CAAE23F05C3A93FBD2F903F791D863F91
:10F27000A6DD863F68CD2B408AAEA741D7B1944129
:10F2800094E517402DB58441A4CAFF3F6064913FC7
:10F29000C7669E3F54BDC740B08B2541EB9D924051
:10F2A000A37DD43F3C95F74047042740A638314022
:10F2B0006006E83F956CB3404E51084013CC8E3F3A
:10F2C0007B3CBF3F1E11E03F2E60823F04050E4095
:10F2D00026D45840BDA38C3FE0FE833FFE83A64169
:10F2E000CE0E8541C1D48540954059411A744340A2
:10F2F0000E2FB63FFB913040038D7340555D1C418E
:10F30000ED2E833FA4DC01409BD8CE3F5B4B923F68
:10F31000C2EB823F22173240E183E73FB1D9FE4082
:10F32000E9AC813F5E0C823FD47AB23F71B3B13F0A
:10F330001719834033817740256D993F9C7B394075
:10F3400036A2C93F18B012407751A5415BE37A411C
:10F35000277F9F4007633D4153017640243444405A
:10F360005394F53F6CEF31402BE7104117AC274029
:10F3700078AA9C3FDBFADD3F6D6DAA3FD5E1DB3F0C
:10F3800004FD873F5A1EB640FB5F5740E55EC83F0D
:10F3900049F9863F913B3E4022012E40ACFD8A3F19
:10F3A00025E111404978EA3FD9FE913F5A80A53FB7
:10F3B000EB81B63F1139933F3989903F3EBFA3415E
:10F3C000396AA840604973414EB3254025212B403E
:10F3D00052033C4138185D40995BC43F030B873FA3
:10F3E0009997C13FB0AA943F4229A14062DDD6401F
:10F3F000616FFC3F0FC1BD3FC5DA8040F539813FE9
:10F400006C756F4058453E4029D93E40C0B8853F95
:10F4100020B3D03FDC1B07405A41913F5549EB3F99
:10F42000621BDB3FF196A23FD604873FE132873F64
:10F430000A34A24189C38F410A841340EC508041B1
:10F44000D229F73F142B8D3F00DD993F84BCC1408A
:10F4500096C31F410101863F443CA0408092EE408C
:10F4600056E921409CEA6C40D81BA73F3577A04065
:10F4700097361C40B4FBA13FF8D6A13FC956B83F10
:10F4800037BF1040DC37AF3F7B5269406259963F2F
:10F49000CC13A23F8C15A14162969640E7DF7641DE
:10F4A000A68007401FAC25404B5B11413909CB407A
:10F4B00012CB823F39368C3F00BEC23F3D9A883F17
:10F4C00081D2CE402BC82740E7F697404749CC3F32
:10F4D000B4A5D43F14A99940B195CD3FA4FA813F7A
:10F4E0003411E43F34E53D4060DC3240C7750040F4
:10F4F000401ADB3F28B0A03F6BF7E13F55C1833F87
:10F50000798A803F1561803FA7C09F41AD8BB53F91
:10F51000ED6794416B58AB3F66B28941AB570B40E6
:10F52000E18E70410BDD853F4BD2903F42B63041BA
:10F530007D627F40371CB5404C50AC40A1AB2B40A6
:10F54000B96DA73F72990140FD9E6840C970EC3FBC
:10F5500034686240B974983F89E2BE3FC1849E41DD
:10F560003B8C944065C3724180DA2A40EA7BFC3FC1
:10F570005C5C6D404E6C37412E22C23FD392933F6C
:10F580008E5DC53F94AD0A408060DD3F3EC01B41AB
:10F59000B078813F79E2933F40CCC84077685D40C6
:10F5A000378177404A171A401C92933F699F134056
:10F5B0007D81B83F78401B40BE37B03FD6F6833FD1
:10F5C00021DC823FB162A43F8C739D41425792413E
:10F5D00098C4B13FF04BCC408D883E4150E3A040F1
:10F5E00080A2AD3F2E751F41F79AF83FD859873F4B
:10F5F000B3197E404BC480401226BE40DDF08D3FE3
:10F6000045213740782EA33F59F12F409707674097
:10F610008D441540A3FFD43FE742993F41719E3F7F
:10F620007271C13F7A7722403B20893F17EA8B3FB6
:10F63000029F9E3F16659C4186779240698E6F417E
:10F6400048870340C3672140681C6A404F07354123
:10F65000CA35833FC5D8833F707FBD3F1750853F74
:10F660005085853FC05927402E1EC94070F0A040EC
:10F670004C378F3F357CBF3F12DDA7407004853F7C
:10F680009404E63F96DE4E403C768640579B853F8D
:10F69000E6FBBF3F45C1DD3F1C25923FEAD9434011
:10F6A00070529B4135BD8941D6A90C40E9B95B41F7
:10F6B00006025F40D881973FD4D1813F5AADF33FD6
:10F6C0003E443D4116D0AA3FFB9909404D094840B0
:10F6D000EA410B41F14A8B3F06E9873FFF8E9F3F8E
:10F6E0009B83F03F1FBD374045A5BA407522993F27
:10F6F000CA57D63F67166E4023340740B5379A4144
:10F70000BB929E400D266541356F2F4042B60D409D
:10F71000835934412832434033B3933F372BCB3F97
:10F720009508973FEF63843FA3258D40638DDB40B1
:10F730004828823F041E0240C3128B3FE5C154405B
:10F74000BC67A4409B96DC3F86B5813F8286823FA2
:10F75000A7EAED3F2499BB3F2FFD913FE0D07F40CA
:10F76000F8C93B40D00D883F0000000000000000B9
:10F77000000000002979903F000000000000000018
:10F780000000000000000000729D8CBD0000000021
:10F79000000000000000000000000000B21A4C3F12
:10F7A0000000000000000000C30B013F000000004B
:10F7B0000000000000000000000000000000000049
:10F7C0002832DB3E6F678D3E000000000000000025
:10F7D00000000000D69CC63DAF723E3FBF1383BD04
:10F7E000D69CC63D68FAF23E000000000000000012
:10F7F000000000009AD043BBBF1383BD7FF4BB3D24
:10F8000083B07EBDD7CC9BBD34CAA23DA06A87BC65
:10F8100009699D3E2BC5213EC2D294BDB9FC94BD61
:10F820002703883D3D079F3DDEEAB7BD000000008D
:10F8300000000000000000000000000000000000C8
:10F8400000000000000000000000000000000000B8
:10F85000A12CAE3D000000000000000000000000F0
:10F860000000000000000000402CFB3E23D2EE3DD3
:10F870000000000000000000738B173F73E8BE3DDE
:10F880000000000000000000000000000000000078
:10F89000BD417EBD3BF45FBB6D18233F822A6BBB2D
:10F8A00000000000B7AF3C3E00000000EBC31EBCF0
:10F8B00000000000000000009BB5103D5762BC3EF8
:10F8C0000000000000000000000000000000000038
:10F8D0003574ABBD7580AB3DCD8ADF3E2B8F393D96
:10F8E0007C4C94BDBA7E8F3D8F30663E0B2709BDA0
:10F8F0002DF9BC3D829BC63EB09ECB3D8396A6BDF6
:10F9000075CA473E296B18BDBF82A3BDB384923D23
:10F9100000000000000000000000000000000000E7
:10F920000000000000000000000000007BBAB13EB3
:10F9300000000000000000000000000000000000C7
:10F9400000000000000000000000000000000000B7
:10F95000000000002FEA113EBDB392BD0000000080
:10F960001B199F3C000000003155943E8A51E03D38
:10F97000000000004FF777BD004146BB2D2CD63E5E
:10F9800095BAEEBC292FB9BD0000000000000000B0
:10F99000000000000000000033BF953D00000000A3
:10F9A0000000000000000000000000002925333E98
:10F9B000472881BDEF31B73D94279FBD48B4D13E64
:10F9C000A97EBA3DFF97DC3E0BACEA3DE1120F3E4B
:10F9D000837547BD8F6942BD8871303EE5586FBD64
:10F9E0007425463EB887013CD93EB3BD00000000F7
:10F9F0000000000000000000000000000000000007
:10FA000000000000000000000000000000000000F6
:10FA100000000000000000000000000000000000E6
:10FA20000000000000000000000000002366A73E68
:10FA30000000000000000000313A8E3EC7AA8CBCD6
:10FA4000000000000000000069A7CB3E000000009D
:10FA500000000000000000007D188A3E0000000049
:10FA600000000000B23FD53D64F915BDBD88513E90
:10FA700000000000DD228BBDD7391BBCA7C7A8BD85
:10FA80008AD473BD000000007720943D0000000080
:10FA90008B9098BD7D01023EBE3DBB3E12DF84BD12
:10FAA00000000000EC30923D00000000000000006B
:10FAB000BE719A3D000000006B7C8E3EE56D91BCEE
:10FAC00081C18BBC78C8923E627D66BBC0FBBABD6B
:10FAD00074F82A3C0D73B5BDE83FB53C0CD8A8BD01
:10FAE00064CDAF3EB8A196BC4029E7B9DFBCB0BD3C
:10FAF0000000000000000000000000000000000006
:10FB000000000000000000000000000000000000F5
:10FB100000000000000000000000000000000000E5
:10FB200000000000000000005A2FF03D6F938E3E51
:10FB3000D4B9A53CCD78A63DFCD2A1BD78EE283E37
:10FB4000000000000000000000000000F7DAD5BC53
:10FB500040D1A53E5F98673E000000000000000015
:10FB60000B32B83D00000000A066C63D000000005A
:10FB7000000000000000000041E5AD3D0000000075
:10FB8000B88E0E3E00000000000000002B82AABDCF
:10FB90002FB08A3CF854343EF94193BD5388C53D9B
:10FBA000F33DA83E001AF0BB6DBCACBD7F8A97BD8B
:10FBB000633A823D32E761BD0A31943DEF906B3D7F
:10FBC000B118A5BD0000000000000000000000000A
:10FBD0000000000000000000000000000000000025
:10FBE00000000000D05A68BD0000000000000000C6
:10FBF0000000000000000000000000000000000005
:10FC0000F3D1DFBC00000000000000000000000095
:10FC100000000000000000000000000000000000E4
:10FC20008D9EA4BD00000000000000000000000048
:10FC30004FA6963D000000003A16733E088B973D94
:10FC4000659F74BD0000000000000000000000007F
:10FC500000000000000000000000000000000000A4
:10FC6000A5ADED3D000000006DE94C3EFB9EA6BB3E
:10FC70005E123F3DAC4AAA3E0000000033C7BD3DC6
:10FC8000F7A3793E3B1F17BC0000000000000000F6
:10FC9000B91FA53EC3CBA13DB79E043DF23FAFBD0A
:10FCA000110D323ED5D971BD3FD56DBD5FFF553EBB
:10FCB00001E0C63DCDA583BD37D5C73D5B7177BD9E
:10FCC000FF866A3E0B13693C39CD9EBD32AF383D8D
:10FCD00090D34C3D9C76BABDA346BDBD169CBB3CA3
:10FCE000938189BD01DB313E00000000000000006F
:10FCF0000000000000000000000000000000000004
:10FD00000000000000000000E51862BD00000000D7
:10FD1000000000000004743E00000000000000002D
:10FD2000000000003366D5BC0000000000000000A9
:10FD30000000000000000000D7EA453E000000007F
:10FD400000000000000000000000000000000000B3
:10FD5000B0E8123D000000000E438A3D00000000A4
:10FD60000000000000000000000000000000000093
:10FD70000000000000000000000000000000000083
:10FD80000000000000000000000000000000000073
:10FD9000BB8E113E00000000000000007350583E72
:10FDA00052406D3D4E048F3ECF0AB03CE37FB33DE1
:10FDB0004A398BBDC6E339BD4C1C133E5D927A3D7A
:10FDC00003ACA4BD9FA4813D7B4572BD66A1053EE9
:10FDD00066821ABD40217BBDF75CDFBB1F1D873EDD
:10FDE000A352BD3CD4F6173E639A15BDAA2BAABDFB
:10FDF0002E77003B48A143BBC6459B3E8DBBE53CEF
:10FE000090C8BCBDB3DCAEBDFF4B823C4CA6BFBCB2
:10FE10009C10C2BD3D3C93BDB17CC63D00000000BE
:10FE200000000000000000000000000000000000D2
:10FE3000000000000000000000000000030B5CBD9B
:10FE400000000000000000000000000000000000B2
:10FE500000000000000000009C74CBBC000000000B
:10FE60000000000000000000000000000000000092
:10FE70000000000000000000047EA1BD00000000A2
:10FE80000000000000000000000000000000000072
:10FE900000000000FDA87C3D000000000000000004
:10FEA0000000000000000000019893BD0000000069
:10FEB000000000000000000090E0013E0000000093
:10FEC000172DF4BBC939263E0E4E853E00000000BA
:10FED0006DB6493D0000000000000000331B833E6A
:10FEE00000000000000000009D22C73D110292BDED
:10FEF000114C3F3E22C55E3D5AFE4E3EE1970EB983
:10FF0000C7AE183E826C62BDD7AC133D9CECB7BD4A
:10FF1000EE9F0E3E9F75EEBC1F7C80BDC23B193E1E
:10FF200093A2693DAD62C6BDAB0059BDF3440E3E20
:10FF300052AA9CBD649E3F3D380FFABCF1D0183EDA
:10FF400083662F3D2161BFBD1ABE473DCE93ADBD37
:10FF5000FECB3A3D3FF45CBD0CD3A5BCDA47C3BD34
:10FF60000000000000000000000000000000000091
:10FF70000000000000000000000000000000000081
:10FF800033D0DB3B00000000000000005A5C9ABD4B
:10FF900000000000000000000000000004D2853DC9
:10FFA0000000000000000000000000000000000051
:10FFB0000000000007AD833EA250FF3900000000A2
:10FFC0000000000000000000EA7E5FBDB864413E12
:10FFD0002F55653D0000000000000000E0376D3E39
:10FFE00000000000148C90BD000000000000000024
:10FFF000000000000000000000000000FB7EB73D94
:020000040801F1
:10000000000000007878693E0FA57C3CD8EEAD3C3E
:10001000B21E2D3E87FBFFBBEA8DC2BD58AED53D5B
:10002000C28084BDE7141A3EDF1F08BC4785523DDD
:10003000A3F14F3EE3CA8ABDD348AB3DF0E8373E5B
:10004000AF9F0CBD42B57ABD954E5A3D112A04BDF5
:10005000DF37A5BD00000000000000000000000028
:100060000000000000000000000000000000000090
:10007000D8418ABC00000000000000000000000021
:100080000000000000000000000000000000000070
:1000900000000000988C873C000000000000000079
:1000A00000000000000000000046C33D000000000A
:1000B0000000000000000000000000000000000040
:1000C00000000000000000008AEE863DAA9A333E40
:1000D0000000000000000000000000000000000020
:1000E0000000000000000000A4F1B13C000000008E
:1000F00000000000A7542E3D0BFCB9BD000000001D
:1001000000000000000000000000000000000000EF
:1001100000000000B776003EF8BF52BB00000000B0
:1001200099D38ABDAF69C33D59FDA33C60601C3EB5
:100130001374E9BB9BFBBFBDB00E643EA8E4913DC8
:10014000E1E6BE3DAD7F7EBDFE3EA33CFD980C3E8C
:10015000BD0597BC2BF88DBDF47E443D8554323EE1
:10016000FD1544BB7AF2B2BDD7BEE7BBBC360C3E30
:1001700012DB123EB3B197BC85E06E3E9712043D90
:100180000FE6AFBCC5C2653EE7E3123DFCDAB7BD82
:1001900077D5AEBD58E3C63C7B2062BC2C3CBFBDCE
:1001A000000000000000000000000000000000004F
:1001B000000000000000000000000000398D01BDBB
:1001C00000000000000000000000000014FD92BDCF
:1001D000000000000000000000000000000000001F
:1001E000056869BC00000000B068B7BD00000000F1
:1001F000000000001807573E1E72153B000000006B
:10020000000000004319313E000000000000000023
:1002100000000000000000000000000002843D3EDD
:10022000C1BB303D00000000E0F2DE3D00000000F8
:1002300000000000D019BD3D00000000813082BDEB
:100240002B5EAD3D989BEB3D7A6225BDB8C9223E41
:100250000D8D963DD36C3D3D9A29B3BD0BD59C3B8E
:1002600035F3C23D86269FBD3DD4063D2557533B01
:100270008B5C703E49AD293D512E8ABDDB84ACBDFF
:10028000D2642BBD00000000000000000000000050
:10029000000000000000000000000000000000005E
:1002A00097E170BC000000000000000077FC123EE7
:1002B000000000000000000000000000000000003E
:1002C000000000001785723C0000000000000000E4
:1002D000000000000000000000000000000000001E
:1002E000000000000000000000000000000000000E
:1002F000D3F1563DF0031C3E00000000207CFE3D83
:100300000000000000000000C3C2A33DA66E96BD21
:1003100000000000CF8BB9BC1ABDB5BC00000000C6
:10032000000000000000000008196C3D0000000003
:100330000000000000000000000000006695A4BA64
:10034000BA3A86BD2F0CC53D170F173DDC8189BD1C
:10035000C663A33D93519EBDB7D6F93C58358FBDBA
:100360009BC7773DF9C54B3E9609213DFBDC213EFD
:1003700019CB843D1F3CAABDC22E74BD8668113EB8
:10038000E035B8BDFFE72EBB61869F3E2EA6953CAB
:10039000DF36D03DFC47AEBD218915BB8D0CB7BD06
:1003A000000000000000000000000000000000004D
:1003B000000000000000000000000000000000003D
:1003C000000000000000000000000000000000002D
:1003D0000000000000000000000000000430173E94
:1003E0005FF91B3D000000000000000083C8F53CE1
:1003F00000000000E886EB3D000000000000000067
:1004000000000000000000000000000000000000EC
:100410000000000000000000000000009FC22D3D11
:10042000E2D8BBBD00000000000000009BEB6B3D6C
:100430002C3A333E2FC589BD4D2DCDBB9956BBBD42
:10044000DBA45DBB5734F23DEC89BDBC4C11B4BD9F
:10045000000000000000000000000000936E8DBD51
:10046000000000008FAD51BB3B3C9FBD0000000071
:100470006D10143D0000000000000000F7C0C83CF3
:10048000E57AE13D243EAEBD5B29983C2CD4093E83
:100490000D42E3BB503274BD892D8D3D6234233E45
:1004A0003295F03CD504773EE7E9073D5E5CAEBD92
:1004B000FE7514BC7F24A43D118C89BDFFC86E3E1F
:1004C0001A056ABD000000000000000000000000E6
:1004D000000000000000000000000000000000001C
:1004E0000000000000000000E9E7263ED8EFD33C02
:1004F00000000000000000000000000036D29B3D1C
:1005000000000000000000000000000000000000EB
:100510000000000003D71EBC000000000000000027
:100520003FD40F3D0000000000000000000000006C
:10053000000000000F1DDA3D000000000000000078
:1005400000000000000000005F59F53C45465B3E9E
:10055000D79BA1BC3D34E73DBA84D73C00000000E6
:1005600000000000000000009AE35C3EB808523D25
:10057000C8F76ABD7F80A73D6F72BE3CCFAF93BD09
:10058000B71A403EAF0C8F3D5016CD3DB3D169BD7B
:10059000B93B263C0941183E1E03A83D72D673BDE7
:1005A000E34217BB1538B5BDE62AC83DD10A80BD68
:1005B00030E1F8BC95ABA8BD0000000000000000D1
:1005C000000000000000000000000000000000002B
:1005D0000000000000000000000000005B691A3EFF
:1005E000687AE33B0000000000000000000000000B
:1005F000633F8E3D0000000000000000000000008E
:100600000000000021DAAFBD000000000000000083
:1006100000000000C884443D00000000000000000D
:100620000000000000000000FF07C13D00000000C6
:10063000000000000000000000000000DF09C73DCE
:10064000454B6EBD50A0413D3AAB8DBD2D17173EB9
:1006500052343F3D0000000000000000B0E1473E82
:1006600057DC393D7F9C9FBD5FC2953D1D57E83CDF
:10067000DBCC84BD73A9193EC19B3A3DCB2244BD5E
:1006800043E7083ECB3B34BCF18B093E3570ABBD34
:1006900007D6233D8A7ADA3C1E0AA0BDA397BB3D4C
:1006A000073C95BD000000000000000000000000B5
:1006B000000000000000000000000000000000003A
:1006C000000000000000000034DE153DB8F9B0BDA8
:1006D000000000000000000000000000000000001A
:1006E00000000000000000002097973C5B128DBDC9
:1006F00000000000000000000000000000000000FA
:1007000000000000000000000000000000000000E9
:1007100000000000000000000000000000000000D9
:1007200000000000000000000000000000000000C9
:10073000000000000000000000000000884D79BDAE
:10074000736B303E8118AEBC7FF676BDF3B9853D44
:1007500000000000DA0AA73CF303D03D0ABE4EBCFD
:10076000FFCA653D4D991C3EC71C9C3D8C7A46BD19
:10077000043F043D8341E73D5BC94D3D87DF9BBDA1
:10078000709E75BDF6A6063EB0DE7ABD2B81643D37
:10079000DDF4593EE676103DCBF7AABDEF85D53D99
:1007A000F85388BD5B395D3D734955BD4322EB3D30
:1007B000DD6D233EE348EABB1AF383BC9A2FB5BD37
:1007C0000000000000000000000000000000000029
:1007D0000000000000000000000000000000000019
:1007E0003A71623A000000000000000000000000C2
:1007F00000000000000000000F4C823D7DB09F3CD7
:1008000000000000000000000000000000000000E8
:100810000000000000000000678622BC000000000D
:10082000000000000000000000000000CEB40F3EF9
:1008300000000000000000000000000000000000B8
:1008400000000000A524AA3D29DF97BD000000009C
:10085000000000002FD1533E13AC043DB3B17BBC6C
:100860000A26C63D8F65D53C000000000000000050
:100870000000000000000000485CE63C8485C23DAA
:10088000E72099BC02A7EB3D0A2DD4BC2B4162BDE9
:100890005A265C3DE9F30C3EDBD5C2BC4299353D9E
:1008A0009E9592BD47EA63BD330B123EE79C373EEF
:1008B000FB4F38BB5F676CBBFBA9AFBDBE0E23BD52
:1008C000D6BA443EE055BABD1557933C4327B7BD51
:1008D0006F7D9EBA000000000000000000000000D4
:1008E0000000000000000000000000000000000008
:1008F00000000000000000000000000000000000F8
:1009000000000000000000000000000000000000E7
:10091000FF14013E8C641C3D00000000000000003C
:100920001324B43DF0328A3E304AD73D0000000027
:100930000000000000000000000000009DAA6B3EC7
:1009400000000000000000007CDEC4BD00000000CC
:10095000000000009551B8BD00000000000000003C
:10096000AAF22B3DD2309FBD00000000C67915BD14
:1009700053D2B7BD0000000017B285BD3BA7B93DFB
:100980009F36A8BD8A4526BB56B80B3EE3E55DBD44
:100990003D4A153D22CCA3BDADF9833D968AAABC44
:1009A0009773063EC0AA42BCAF5C553D473C91BD23
:1009B000C773E83C33A00D3E6374473DA45082BD2D
:1009C0000000000000000000000000000000000027
:1009D0000000000000000000000000000000000017
:1009E00000000000D79FFE3C5B96ABBD00000000FE
:1009F00000000000559ACC3D0000000000000000FF
:100A0000000000000AD8ED3BB30490BD00000000D8
:100A100000000000000000000000000000000000D6
:100A2000000000000000000016A631BC000000001D
:100A300000000000000000000000000000000000B6
:100A400000000000000000000000000000000000A6
:100A5000000000000000000032C2013D1B7D0A3E84
:100A6000BA9373BDB724EC3D5FCF013D4A40D6BC7D
:100A7000ED08EE3DB4C7AC3D3DB39EBC287BACBB9E
:100A80005D8287BD0C760EBD9250DC3DB519BFBCB2
:100A9000D45D023EC43191BDDE73263D00E7FB3DCF
:100AA000FDD06CBCA520B13D213CA83E56990A3C26
:100AB000D05CD23DA81C623C0317B3BDD15898BA94
:100AC00063F8BBBD00000000000000000000000053
:100AD0000000000000000000000000000000000016
:100AE0000000000000000000000000000000000006
:100AF00000000000000000000000000000000000F6
:100B0000FD5BEF3DF211073D00000000000000001A
:100B1000E313FC3C000000007846C63D00000000E6
:100B200000000000000000006388463E0000000056
:100B30000000000000000000E7A4C2BD00000000AB
:100B400000000000000000006FC7BABD0043DD3B9D
:100B50005BA6B13DB094743E7E07183D975C9ABD8C
:100B600000000000FE6907BD832FB4BD0000000037
:100B7000443D93BD370B983D2284A2BDDF7C0ABB68
:100B8000923D5BBD000000000EA29FBDB1951D3DD2
:100B900095B6613D8DEE97BCEF54C53D5369C7BC1A
:100BA0006F60CE3C4F1DFB3D35C4453DEDCF78BD5C
:100BB0000E52413EAF41A0BA00000000000000000C
:100BC0000000000000000000000000000000000025
:100BD0000000000000000000000000000000000015
:100BE0000000000010E27ABD0000000000000000DC
:100BF000000000004FF098BD1FB07D3C00000000D9
:100C000000000000000000000000000000000000E4
:100C1000000000005BC90E3EC8EF8CBA0000000067
:100C200000000000000000000000000000000000C4
:100C300028B56CBCB8248CBD29663F3D000000007F
:100C400000000000000000000000000000000000A4
:100C5000131A8FBD0000000000000000A55867BDFA
:100C6000DA6B6D3E00000000000000000000000094
:100C7000000000000000000000000000C905083E60
:100C800097C2B03C8D3D1B3DDAF685BD1B1D2A3D4C
:100C90004050FF3DA2D351BBCB17B5BD4F94C23DD1
:100CA000B52708BD63866BB9B4E6C33D0F4E81BD61
:100CB0003A0CA13D3D98D23B93BEB4BD4FD81ABC6F
:100CC000F067093EAC093D3D0B6AACBD612E9EBC90
:100CD000C737063E8AE6B6BDE0AAEBBB9A34D93CDC
:100CE0001E29BEBD356BD23D504CE1BC000000005A
:100CF00000000000000000000000000000000000F4
:100D0000000000009B4DB03D00000000000000000E
:100D100000000000000000000000000000000000D3
:100D200000000000000000000000000000000000C3
:100D30006A9E5EBC000000003B3C8C3D0000000051
:100D4000C8C385BD0000000000000000BF2A1E3D92
:100D5000BD2D5BBDCD4467BC1B0D113EAE4D02BD2C
:100D60000000000000000000000000000000000083
:100D70000000000006DC4B3EC3BA16BC486C9BBDAD
:100D8000000000007D9467BD00000000000000002E
:100D9000DDA0663DE70F16BC83200EBD3357743DC2
:100DA00035B000BDC84F2C3EFEC29E3D7BD28CBDEF
:100DB0009F7BBD3D3C328D3CDF718E3B4FE1223E3F
:100DC000E06F58BD719E413DF7BCBDBD456D593CBE
:100DD0000000000000000000000000000000000013
:100DE0000000000000000000000000000000000003
:100DF00000000000277EBBBC0000000000000000D7
:100E000000000000000000000000000000000000E2
:100E1000000000006EDAB2BD375A1BBC00000000B3
:100E200008F5F23CC091A8BD6E5D983C0000000042
:100E3000000000007AB0EF3D3F8B78BD000000005D
:100E40000134C2BDD86BDB3D4A74BC3C00000000DD
:100E5000000000007A19483DDA13253E0DEB303EC4
:100E6000D6D80F3C00000000AF44DD3D127FC33DEB
:100E7000F5E48DBD5F91373D630372BC21C1AC3D8C
:100E80006386D3BCEDE59F3D3E6910BD00000000C8
:100E90000000000000000000000000000000000052
:100EA0000000000000000000000000000000000042
:100EB0008A1FDEB9FE719DBD000000000000000029
:100EC0000000000000000000000000000000000022
:100ED0000000000000000000000000000000000012
:100EE000321D87BD0000000000000000000000006F
:100EF00000000000000000000000000027719F3B80
:100F000000000000000000000000000000000000E1
:100F100000000000A9F2AB3D4F2BF0B96BDDABBD7B
:100F2000674CAF3DC50460BC00000000000000003D
:100F3000000000000000000000000000B80093BDA9
:100F40000000000047E9A33D000000000000000091
:100F50008591073E9208113DA20A0B3DE82B6BBD1F
:100F6000AEF7B43C0142CA3D9FC76BBD0BBD763C9A
:100F70000D00F43DAB44DE3B45A583BD0A23083C90
:100F8000BDC0BE3CF5F0FD3DBFDF933DC02161BD5E
:100F9000532049BD3661C93DCFAC2BBBB436AEBD85
:100FA000C015173E4AF9E8BC9AE8B4BDD19229BBF6
:100FB000BC86B83D89FE87BDD8F8023D3A045D3E47
:100FC0000000000000000000000000000000000021
:100FD0008D92B1BC00000000000000000000000085
:100FE0000000000000000000000000000000000001
:100FF00000000000F312393D6E0F0ABD90D2D83DBB
:10100000AA006C3C1CCFA8BD00000000000000003E
:10101000000000005FD4D43D00000000933D363D49
:1010200000000000000000000000000000000000C0
:1010300000000000000000000000000000000000B0
:1010400099B591BD000000006D0DC3BDE331513D68
:10105000777090BD13141E3E8175323D3FF852BD2E
:10106000B8218A3DE0865BBD170AB33D916995BD05
:1010700034C5BCBB0B1E1A3EEF055ABC27E2B33D7C
:101080000B7800BC57CA91BD5E431C3D00000000B8
:101090000000000000000000000000000000000050
:1010A0000000000000000000000000000000000040
:1010B00000000000D32E033C53EA7E3CF29BB9BDF6
:1010C0000000000000000000000000000000000020
:1010D00000000000E7A11ABDFEFBB0BD86CFA5BC95
:1010E00000000000AB5F87BD8071A5BD7285513DDA
:1010F00000000000000000000000000000000000F0
:10110000814BAB3B000000002F3FD3BC0000000030
:10111000F4352DBD3B3DC13D8F7A83BDB3F42D3EEB
:101120001058E83CDDA3D63DC8E365BD057A483CD0
:10113000F53EDF3C7B47143EDB96403E6CE1123DC2
:10114000000000000000000000000000000000009F
:10115000D3E454BC000000000000000000000000C8
:10116000D1561F3A000000000000000000000000FF
:1011700000000000810D453CCFDACD3D5D25A5BDC9
:10118000000000000000000000000000000000005F
:10119000E2BE273D40A078BD000000000000000036
:1011A000000000000000000000000000000000003F
:1011B0000000000000000000000000001F7AEE3D6B
:1011C00000000000C3DA343D64248CBD6C991D3DE1
:1011D000E235143EFB4A9A3DB31986BDABC8823D49
:1011E000F38C68BD95CA6CBC717CB4BDEECEB23DCB
:1011F000539863BD614C923D859C7EBD547EBDBCC1
:10120000C15ABBBD0403A83D7F1606BD0000000007
:10121000000000000000000037BFC23DFB59883CC1
:1012200000000000000000000000000000000000BE
:101230000000000000000000731D99BD00000000C8
:101240000000000000000000095ABE3D0000000040
:10125000000000000000000000000000000000008E
:10126000000000000000000000000000000000007E
:10127000000000007F0791BD9F92B5BA00000000FA
:101280006AA959BD2096C03D20A44C3D0EA24BBD7D
:10129000EB150A3E08DF023D3129003E277B413C29
:1012A000DA815C3CFDFEA1BDF38F58BCFB43B1BDB0
:1012B000CFABAC3D845624BDCF8AFABCC331BD3D13
:1012C000231F8BBB1F81C1BD000000000000000078
:1012D00000000000186097BC000000000000000043
:1012E00000000000000000000000000000000000FE
:1012F000A155C63C00000000000000008B9CCE3DC4
:10130000F576CF3CCFB018BD2DA1523D00000000B6
:101310000000000000000000347C25BC000000003C
:10132000000000002A3CF23C44D016BDFF02B4BDD0
:101330007A6962BCDCE8113D17701E3E00000000B7
:10134000000000000000000000000000E36C4E3DC3
:1013500066EC38BC8023B23BC505F63D1BAB063DB1
:101360005D4553BD1CB92A3EED7F953C0000000051
:10137000000000000000000000000000000000006D
:10138000000000000000000000000000000000005D
:101390006744813C663CA0BD0000000000000000E6
:1013A000000000000000000000000000DD4335BD2B
:1013B000EFA4063C727093BD000000000000000026
:1013C000000000000000000000000000000000001D
:1013D0000000000000000000000000005B2603BCCD
:1013E0000000000000000000349A92BD00000000E0
:1013F0007859CD3D00000000000000000000000012
:1014000000000000000000000000000000000000DC
:101410000000000000000000B1B2923DF2B271BDC8
:101420000157183E5DDF753D31290BBD936F403D7F
:101430009A1F0E3EF6590A3D8FB802BD83009E3DAD
:10144000AF3C8EBD1FF4903C1233953DBB558CBD17
:101450005BD9E53D5DB05C3C59FC173E357E5DBD1A
:101460000B46C73C3F6A94BDE8CF3ABD4EFAA73D54
:10147000D7F6BBBDADB94E3C12CB3B3DB7BB71BD42
:1014800077D2ACBBC139C1BD000000000000000034
:101490000000000000000000000000000D56A7BD85
:1014A000C2B6323C00000000000000005F71D03B7B
:1014B000E8A10C3E24E0B23D106E643C0000000048
:1014C00000000000FCEBB03D000000000000000048
:1014D00000000000E7F97D3CB593AEBDD4C943BD23
:1014E0004A5D1B3CC2630E3EDCD11BBD0000000008
:1014F00000000000000000000000000000000000EC
:1015000000000000000000000000000000000000DB
:1015100000000000000000000000000000000000CB
:1015200000000000000000000000000000000000BB
:10153000000000003E0A843B0000000000000000A4
:1015400000000000000000003CF7063E0000000024
:101550000000000000000000800EBD3C0000000004
:10156000FA73F33D8F2C81B900000000489E18BD2E
:101570000000000000000000A28C213E8727053DEE
:101580002DC598BD17DD453D8C60B8BC11D71D3EFB
:10159000000000000000000000000000000000004B
:1015A000000000000000000000000000000000003B
:1015B0000000000000000000B40DBCBD00000000F1
:1015C000142D273B00C3E13D02553B3CDDD9B03D26
:1015D0001DFFA3BC137FADBDA5071D3D2B575BBDF4
:1015E0004069D4BCADC2BEBDAABE98BDBFDB1C3D28
:1015F000BBF7FB3D1B1D573C370D033E04F8933CE6
:10160000AFAB3FBDDB286E3D8A8B58BDE24D883DB8
:10161000EB03E63D23B5123CEFF0803D08CF41BD22
:10162000F87798BD4FDC873D9BFE463D7FB962BD94
:1016300000000000000000000000000000000000AA
:1016400000000000AB64A3BDDF2A063C00000000E0
:1016500050789BBDE524D33B9BB0FF3D00000000CC
:10166000000000000000000040F11ABD0000000072
:10167000000000008346FC3DDF91DCBB82D978BAD4
:10168000D83E703D6054C73C499593BD00000000B2
:101690000000000000000000000000003885383D18
:1016A000000000000000000000000000000000003A
:1016B000000000000000000000000000000000002A
:1016C000C423093DE72300BD0952ABBD92B388BCDA
:1016D000E76B7DBC0000000000000000000000007F
:1016E00000000000000000000000000000000000FA
:1016F000000000000000000012A3CEBA42FE073E28
:101700000000000067A1A4BD000000000000000070
:101710001F97A2BD44BF893C0000000000000000EC
:1017200000000000000000003C960A3EE6550F3D18
:10173000DB449E3D8D14E9BC27078A3DD91993BC33
:10174000104CBA3DF6B29BBC25F373BAB067E73DC7
:10175000F238583DB3F682BDA7BD27BD72B6CC3D69
:10176000EC69243B7BF47EBD812C283D141980BD9F
:101770000000000000000000000000008110A43CF8
:101780000B56A53D00000000000000000000000016
:10179000F33FB73C00000000000000000000000024
:1017A0000000000000000000000000000000000039
:1017B000000000006177BF3C8A3520BDF735ABBD26
:1017C000EBCC8DBC75A470BC0000000000000000D4
:1017D00000000000000000000000000000C3F23D17
:1017E0008A2498BC73D971BBDF00C73DEED7C1BA5C
:1017F0001DF8F33D4421023D27619FBD7A8695BDCA
:10180000576014BCCFEE063DB9F32CBC00000000BD
:1018100000000000000000000000000000000000C8
:10182000712B9FBDDCDE123C00000000C81D88BD8E
:10183000E3D46D3BFA89E53D000000003E3F95BDD5
:10184000000000000000000037059A3DD24162BC54
:101850000A064DBD69AA103C00000000000000000F
:1018600000000000FB8F9B3DD596833C00000000EC
:101870000000000000000000000000000000000068
:101880000000000000000000000000000714B13D4F
:10189000C3DB13BC35182C3D877BA1BD00000000C5
:1018A00000000000C8185E3D7C023EBD3786703CDB
:1018B000E806BEBD000000000000000000000000BF
:1018C0000000000057C8E93D6E28C33CCD135DBD44
:1018D0000F52BABB0756A43DF2DE0CBBC37B0CBD56
:1018E000776F163D000000000000000000000000BF
:1018F0000000000000000000B78D613C27E4A0BD9F
:1019000000000000000000000000000000000000D7
:1019100000000000000000000000000000000000C7
:101920000000000000000000ED0DE33D000000009D
:1019300000000000F728943D0000000000000000B7
:101940004802BE3C3104B33D00000000000000002E
:101950000000000000000000000000000000000087
:10196000E3C756BBAA4661BD0228923C1F8779BDDA
:10197000C26775BD474DAC3D77C01F3E5396693C6D
:1019800036A18ABD1E7FA03C4840D5BCCBF4AE3DFD
:101990006E6C4B3DF79E50BDAB394DBDD3CD1A3D5E
:1019A0006B02FEBCB3F76E3DAAF6963C9073A4BDE5
:1019B0000000000000000000000000000000000027
:1019C00041862A3D000000000000000000000000E9
:1019D000141AA1BD000000000CA9A7B90000000066
:1019E0000000000000000000181956BD5587BA3CE1
:1019F000E2EEDA3D0000000000000000582997BD2B
:101A00000000000013B3293D0BCCCDBB3A345D3D43
:101A100000000000EA78E93DA264E4BB0000000099
:101A200000000000D755F73B147897BDCB32753DC9
:101A3000638488BDA271A23C75F90BBD0000000053
:101A40000000000000000000831542BD00000000FF
:101A50000000000000000000EA80D43DDC9834BCA7
:101A60000000000000000000000000000000000076
:101A7000B5FB75BD00000000000000000000000084
:101A80000000000000000000CF04CC3D000000007A
:101A90000000000000000000000000000000000046
:101AA0002B8C05BCD8B1F03D00000000A32A423DBC
:101AB000AF70D9BB8B17B7BD109F583D71DA98BD79
:101AC000EF04473D4DD64EBD8B41E73D52ABA83CA0
:101AD0003FB2973C659EDABCC7C0F63DB038F0BC5B
:101AE0007DB2343C82F06ABD0000000000000000BE
:101AF0000000000073CAC93C312B97BD00000000F4
:101B000000000000000000000000000000000000D5
:101B100000000000000000000000000000000000C5
:101B200000000000000000000000000000000000B5
:101B30000000000000000000D58F7CBD0000000008
:101B40000000000000000000BA34F53D0000000075
:101B50000000000000000000000000000000000085
:101B60008D87123D00000000000000000000000012
:101B70000000000041A8443D87D919BD6CE0103E2B
:101B800002524D3CBB604C3D395412BDD0B8FF3CB5
:101B90005FA700BD0795353DBE0303BD4E4690BD12
:101BA000740EB43CF4D9A53DE62C28BD0A6064BD92
:101BB000E8555D3D638F50BC68E998BD3E4E103DD1
:101BC000D3C624BDA3B333BD6748843DE326D33CCD
:101BD000037B83BDFD3853BDDB93FE3D0000000059
:101BE000000000000000000088D66F3C65DA953DDB
:101BF00000000000000000000000000000000000E5
:101C0000000000000000000000000000102439BDAA
:101C1000000000007030A3BD0000000058DF543DFC
:101C20000000000000000000000000005F9B913DEC
:101C3000CA60F23B2FC12CBD000000000000000074
:101C40000000000000000000000000000000000094
:101C50001893EF3C29A83ABDB0EAFD3A03F4B4BDAD
:101C60008B54033DDD6B2CBDE791383D4DDAEABB6B
:101C700017C564BDB038113D1A4AA8BDCB10873CCA
:101C8000A3BE8FBDD20B3C3D000000000000000051
:101C9000000000000000000000000000343E96BD7F
:101CA0009584D23B0000000000000000E347543A56
:101CB0004945C63D00000000000000000000000093
:101CC00000000000E772053E00000000A4D5313C92
:101CD00075206EBD00000000000000000000000044
:101CE0000000000000D307BD62C58C3D98B0E93DFF
:101CF000C58B293C5DCD58BD6398643C944C92BB28
:101D00005787783D071E803C8ABB93BD00000000CA
:101D100000000000000000000000000000000000C3
:101D20000000000000000000E3655CBD0000000052
:101D300000000000000000000000000000000000A3
:101D4000030B103CE74E96BD0000000000000000B1
:101D50000000000000000000000000000000000083
:101D60000000000000000000000000000000000073
:101D700000000000000000007755F83D17D7C73C71
:101D80000000000063CDA03D815CA1BA6944BCBDE8
:101D9000CBEA8CBD0000000002DD1DBC000000008D
:101DA000000000000000000000000000CD3799BDD9
:101DB00000000000E375B73C9DBECA3DDDAD18BB19
:101DC000174EC33D3FC047BB43BE833DA6E498BD0D
:101DD00093F27DBDBF703D3DB9F2423D7EB5A8BCDA
:101DE00073590F3EB592E43C1A72EF3D23AA7B3C37
:101DF000563FC1BBA3238F3D878F96BC939F2B3D3E
:101E00003078AFBD671E5CBC000000000000000021
:101E10003AD886BD0000000000000000000000006D
:101E2000D13D00BD0000000000000000456ACF3D2C
:101E3000AC1C3CBC00000000C5F1FA3C00000000F6
:101E4000000000001CDE493C000000000000000013
:101E5000000000000000000000000000374A83BBC3
:101E60007A118EBD4225B93D6C53A0BB9343CEBCC5
:101E70007F2A243D3565D83D8DAC81BAB324C73C5B
:101E8000455938BD000000000000000000000000BF
:101E90006DA8983DC74F9C3C00000000000000006A
:101EA000000000005A84C13C000000000000000057
:101EB0000000000062D891BDBF4C8E3C9C1192BDC9
:101EC00036E086BD000000004093E0BC4F459D3CDD
:101ED0000000000000000000F9838B3CDD3767BD87
:101EE000FF65AC3D8622293C000000000000000098
:101EF0000000000000000000000000001A9E91BDDC
:101F0000A6AF8B3B00000000AD8E89BD13F186BBF0
:101F10004E60B13D00000000000000000000000025
:101F20000000000000000000000000007790B1BC3D
:101F30005A6AC53CBE6025BD6AF4863DA766F53B7E
:101F40003F999BBD5C9C39B94B49C13D00000000E5
:101F50000000000000000000BFBB933D562E943CE3
:101F60000000000000000000000000000000000071
:101F7000525EA6BD0000000000000000000000004E
:101F80000000000000000000000000000000000051
:101F90000000000000000000000000000000000041
:101FA000A2D9A3BD2321FEBB00000000636D88BD44
:101FB000000000000000000057A2023E00000000E8
:101FC0005561973CCACAD53D44F847BDC55F03BCBF
:101FD000E8647F3D60ED5DBB9514A33AD78194BD65
:101FE0005856993C81FAA53D382E593CA97496BDA6
:101FF00032E56D3D30743FBC25F6383DCBBF7ABD30
:1020000000000000000000000000000070565E3C70
:102010007ADE97BDC23C83BD0000000000000000D6
:10202000000000000000000000000000B27089BD48
:102030002BE7863B00000000000000004BADF93AA2
:102040007AA0CD3D032EA93D9A87FABC2E1C95BAE5
:1020500065A37F3D000000000000000000000000BC
:1020600050748D3D8C8C883C000000000000000006
:10207000000000002DBEA33C000000000000000096
:102080000000000087398DBD000000000000000046
:102090000000000000000000F8C2BABC4D91583C9E
:1020A00000000000CFDCF2BC0000000000000000D7
:1020B0000000000000000000000000000000000020
:1020C00054769DB96819CF3D9D089F3D3E4019BA91
:1020D00076AB353CF35674BD5FD348BD5FED423DF2
:1020E0008661CA3B53F24EBDF76D0B3EEA82C73C98
:1020F0002B23B73CE81A76BD00000000000000006A
:10210000000000000000000000000000802B8FBDD8
:102110000000000000000000E0165ABDE81D85BD6B
:102120000D70C3BA000000000000000000000000B5
:10213000B6231EBD000000000000000000000000EB
:102140000000000000000000846A26BC00000000BF
:10215000000000000000000000000000000000007F
:1021600000000000CA5F62BD8BB535BA941BAEBAE1
:10217000EEF8C23D1FEB643D3AEDF6BC6E5995BDDD
:10218000EF35C43CB39391BD7EF79C3C5D7B643DD1
:102190008B216BBDAB3DA53CFDC15ABD5F38E13D18
:1021A0000406973C00000000000000000000000052
:1021B000000000000000000000000000000000001F
:1021C0005060D73D149CB03CF36718BD6573CF3C9D
:1021D00000000000000000000000000000000000FF
:1021E00000000000000000000000000000000000EF
:1021F00033BB81BD000000000000000000000000B3
:1022000000000000000000000000000000000000CE
:102210000000000000000000000000001B5966BD27
:1022200073031ABD00000000AB9ED1BC1554B3BDB2
:10223000F35C81BD00000000DABD9DBC33E1963D3A
:10224000CA55283D6EE225BD321EAF3D8BAF2CBC7A
:10225000FBF798BD9FBB723DD52282BD1190423CD9
:102260004F747F3D37665ABDEAECE9BCF8CACA3DF7
:1022700069EBB03D6D152D38EB927C3DCF88EF3B7F
:102280000000000000000000BF5F7CBD00000000F7
:10229000000000000000000000000000000000003E
:1022A000000000000000000000000000000000002E
:1022B000000000000000000000000000000000001E
:1022C00000000000000000006A2B56BD0000000066
:1022D00000000000000000000000000000000000FE
:1022E00000000000000000000000000000000000EE
:1022F0000000000057DD6CBD2B28023D00000000EF
:10230000000000001E3D463D81C6C2BC8838E53D48
:102310007D83FD3C5ABE25BD5B635E3DE6B68FBD49
:102320002024D33CE25BA1BDE2E0523CAF27813CDC
:1023300070BB7EBD0334DF3D0CF64A3C17E061BD47
:102340008DC27C3D7072A6BAB17DAABD22524DBD30
:10235000579A373D43C6A73D9E2220BD13552BBD3E
:102360007079353DACB92B3AF78FC03D00000000C5
:10237000000000000000000063D5813D3E5E4B3C44
:10238000000000000000000000000000000000004D
:10239000DF83A0BD0000000000000000000000007E
:1023A000000000000000000000000000000000002D
:1023B000000000000000000000000000000000001D
:1023C0009FF79DBDCAC015BC00000000EC2280BD77
:1023D00000000000000000006EBC9FBDBB7AAC3C5A
:1023E000BA9AB13D495FAD3A5AB7A2BC1BED003E67
:1023F0008438963D841A8ABB625D12BDA7A1B73CA2
:10240000A36F9C3D27FC703C837AD73C53E47CBD92
:102410005732E3BB77E0CC3D000000000000000035
:1024200000000000442C0C3CCC0490BD00000000D7
:10243000000000000000000000000000782D6BBDCF
:10244000000000002F8FBA3D825C103C9EE201BD6F
:1024500039859B3C000000000000000042F298BD5E
:102460001F46E83C0000000000000000D8E8123CD5
:10247000CF9705BD4BD203BD23108D3D000000005A
:10248000D0A87FBD00000000000000000000000098
:1024900000000000000000001E9581BDEF40A3BBBE
:1024A000000000000000000000000000000000002C
:1024B00000000000E79CC4BC000000000000000019
:1024C000000000000000000000000000000000000C
:1024D000F70EC83D7864E73C0B9A07BD1E7B393D7B
:1024E0009E8D0ABD8741873D8AE18F3C377B75BD54
:1024F00008EC383DCB23A8BC50875FBDA7EDCF3C8F
:10250000E60E243C7F90A73D000000000000000084
:1025100000000000336D823D8BC2823C0000000051
:10252000000000000000000000000000574EB83D11
:10253000AE46B7BB00000000000000000000000035
:10254000000000000A0608BDEAB5183D00000000C2
:102550000D56F33B000000000000000000000000EA
:1025600000000000D0D8C8BCF3E3A8BD182980BD86
:10257000B2FDC73CAFE23A3D1064B0BC9B8328BDBE
:1025800072D88D3C2B6D7F3C38136ABD0000000073
:10259000000000000000000000000000000000003B
:1025A000000000000000000000000000000000002B
:1025B0000A1F5FBD000000000000000000000000D6
:1025C0008D885C3AFF1C87BD000000000000000001
:1025D000FF1C853D3A79F23B000000001107C53D24
:1025E00000000000000000000000000000000000EB
:1025F0000000000000000000361E193D0000000031
:10260000200F563D05A428BD1EDE973D00000000AA
:10261000B346513D00000000000000000000000033
:1026200000000000000000001FC7B43DC71784BBB6
:10263000931DB83C5CCD8BBDE22327BCA7AFA3BDE7
:102640004A58DF3C188467BDD170493C1E2281BDC9
:10265000854B8ABC8E2CBC3D2839593DE96C8EBC1B
:10266000BC59ABBB9CD98DBD9DD5ADBC3F254D3D67
:102670000000000000000000000000001381D93BB2
:10268000B1A58ABD0000000070A36ABD7A5C72BD6E
:10269000000000000000000000000000000000003A
:1026A00000000000A5376EBD67B6E6BB3CAE943CAB
:1026B0002569A5BBA3B57D39947AAE3D0000000025
:1026C00000000000000000006E3883BD3653C43B9C
:1026D0000000000000000000000000008842953C5F
:1026E0000000000000000000947D433B000000005B
:1026F00000000000000000000000000000000000DA
:102700001A005CBC6F748CBD00000000C35333BC66
:1027100000000000000000000000000000000000B9
:102720000000000000000000425D3ABBBB05B03D68
:10273000431F543D3CEC2CBCB59DFEBB53F089BD02
:102740009FB6D93C011D89BD8494893C67FC2CBD92
:10275000EDE8F13D297AC63C64C2B03C1FBB5BBDCD
:102760000000000000000000000000000000000069
:1027700000000000EFEAB13DEC6847BB774F783DC1
:102780000AFD783C0000000000000000000000008E
:1027900000000000000000000000000078EC2D3D6B
:1027A0008CC9CCBC0000000000000000000000004C
:1027B0000000000000000000939391BD277D183DAC
:1027C00015A30DBD7CB89FBD67949FBC8F2682BDAD
:1027D000E564953D7344B33C1B3FE9BC8B3010BDB1
:1027E0008554753D0000000000000000000000005E
:1027F0000000000000000000ED0EA93DF23E3CBBD1
:1028000000000000000000000000000000000000C8
:102810006B084FBD000000008BF995BD0000000063
:1028200000000000000000005054CE3DD471B83CC0
:102830000000000000000000000000000000000098
:102840005B7255BC47AF84BD38280DBC7415BB3DC9
:10285000ABC1C53DE53C2F3B5D262D3D1A7B37BD09
:10286000CF22AC3D3A0FF43B360FBD3B62BADFBC22
:102870000000000000000000000000006546723DFE
:10288000E5187E3C00000000000000000000000091
:10289000B7A7253D000000000000000000FF9AB926
:1028A000000000000804673C23E593BD0000000021
:1028B000000000000BC3B83B3F66AABD000000004B
:1028C00000000000039BA73D000000002A8F16BDFA
:1028D0000E620D3D7EA1C7BCEF92BE3D65F6E8BC21
:1028E0008B73293C0000000000000000F01166BD61
:1028F000000000000000000000000000DBA08DBC14
:1029000000000000000000006E64B43C5761A73D69
:1029100000000000000000000000000000000000B7
:102920004A2E5CBD00000000000000000000000016
:102930008F437E3D83553FBDF7289DBD3F688CBCCE
:10294000762721BDD3C97D3D26538BBCA308B63D58
:102950008F55EF3AF56911BD00000000000000003E
:1029600000000000C703D83B7DC584BD0000000007
:102970000000000000000000000000000000000057
:1029800000000000000000000000000013B2ADBC19
:102990000000000000000000000000001B9B14BBB2
:1029A0004AF07EBD0000000000000000862D863940
:1029B0007C23A03D3FF16E3CF248C53D0000000085
:1029C0000000000018C38BBD000000008275EE3BC4
:1029D000036A52BDA592753D2B31F63B3B71AF3D6D
:1029E0006E18A23C4BE0C33C53D43ABD68D1F0BC56
:1029F000B06A773D00000000000000000000000009
:102A000000000000000000003312A23DC53131BBC0
:102A10001AE2663D7A3D723C0000000000000000B2
:102A200000000000CC71C13C00000000000000006C
:102A30000000000000000000000000000000000096
:102A40000000000000000000B5C5FF3C826EAFBC76
:102A50009D75A0BD180062BB7323CA3CE1D31DBDA8
:102A60009661BA3D2554783CD3B9C5BBEBA16B3D0B
:102A7000D815563C10F259BD000000005F3A66BD03
:102A80000000000000000000F8435DBD00000000F1
:102A90000000000000000000000000000000000036
:102AA0000000000000000000000000000000000026
:102AB00000000000000000000000000014AD2FBD69
:102AC000000000005915473DE02C44BB34309BBD4D
:102AD00040502CBC66F9C03DAF10FD3C074A6CBDB0
:102AE0009AA83E3D750464BD9ACB043CD7B268BC3D
:102AF00045A7873D626E743B5B36DD3D00000000FC
:102B000000000000000000000000000000000000C5
:102B10005FD21F3C444783BD00000000000000005E
:102B200000000000000000000000000000000000A5
:102B3000000000008E6A493DA9B23DBC9F4AD63DC7
:102B4000000000000000000000000000FB09843DC0
:102B50000000000000000000000000000000000075
:102B6000A338373DC331993B737791BD4B6AD03C55
:102B7000EF93863D590F9ABCBFC7363DAB356BBD51
:102B80003FE4B33C4807FF3D1312A9BC58C1C73C02
:102B90000889F03B4F64AFBD00000000000000005A
:102BA00000000000000000000000000090F567BD7C
:102BB00000000000433CE33CC0B51BBD7A8B8F3D59
:102BC000AC422EBA0000000000000000000000002F
:102BD0000000000000000000000000007233E9BCAB
:102BE00000000000000000000000000000000000E5
:102BF000B822753D0000000000000000B9B0903D13
:102C0000CFEB31BC80C20ABDCB0D6B3D77A3583CE6
:102C1000805DE5BC7B5740BCB25690BD877FA23C2F
:102C2000C33DB03D6B115DBDFDA54C3D00000000F6
:102C300000000000000000007227D83BDFEC7EBDE2
:102C400000000000000000000000000013C94FBD9C
:102C50009B8A113C7F1E79BD00000000000000002F
:102C6000CBD22F3D0000000000000000000000005B
:102C7000EE4B8C3C950565BD73AC1B3D53B6FFBC5C
:102C8000DF2F763CE639CBBC0000000000000000DE
:102C9000000000000000000084698C3C1A6A59BDE5
:102CA000000000006CFE0BBB6A5A6EBD0000000005
:102CB000000000009ADC63BABDCF6ABD00000000CE
:102CC0000000000000000000000000000000000004
:102CD00000000000C39408BC2286AD3DBF305F3DBC
:102CE000C74A8DBC9710D0BC337D453DCB45A23D36
:102CF0002E04333B00000000000000000000000034
:102D0000C82D593D5B0B573C00000000000000003F
:102D100000000000000000000000000000000000B3
:102D200000000000000000000000000000000000A3
:102D3000000000000000000000000000609A7D3DDF
:102D4000000000007B8F02BD0000000000000000BA
:102D50009DFB8FBDA48C0CBC00000000EAD45FBDBD
:102D6000A76C243D1DF4DABC6A63243BE79AA7BD37
:102D7000D1C238BD1567213DF6F2A63BCF5AB13D11
:102D80003EE005BD64E3BB3CF5409CBBA793873D9B
:102D90004F507F3D1E3C463C0000000000000000FC
:102DA0000000000000000000000000000000000023
:102DB0000000000000000000000000000000000013
:102DC00000000000000000000000000048F438BDD2
:102DD0000000000000000000000000002BBE95BDB8
:102DE000B24D4EBCE3698F3C662BAF3D704A64BD6B
:102DF0005BBA253D0000000000000000000000005C
:102E000000000000D1E13E3A5F02C53D0000000035
:102E100010CF38BD00000000000000004E88A93C23
:102E2000DDB465BD6E2F9C3D2381EABBF3F5C43B49
:102E3000000000008799583D00000000465D9D3D60
:102E4000CEB0B33C7977B13DF6CC29BD40E44C3CE3
:102E5000A5E90BBDCBF1AFBDDB932ABC7258B23CE8
:102E600035407CBD000000000000000000000000B4
:102E70004D596A3BA71F74BD00000000823C33BD62
:102E800000000000DEF522BD000000000000000090
:102E90000000000000000000000000000000000032
:102EA000E7C1A7BC0BEEC63C8056623DFD6849BC3D
:102EB000788D36BD8F0DD93D9800C5BCB546E13C37
:102EC0000000000000000000000000006DC00B3C8E
:102ED0000000000000000000000000002824B2BB39
:102EE0000D646DBD00000000000000000000000047
:102EF000000000009624183D0000000000000000C3
:102F000000000000000000000000000000000000C1
:102F100000000000009AC23C000000000000000019
:102F200000000000BF050A3B00000000845E41BCB9
:102F30000000000000000000000000000000000091
:102F40000000000000000000000000000EA099BD7D
:102F5000E52877BCFFB6BD3D3FBC433C9591233D82
:102F6000300004BD6A96DC3C7376FC3D6828E43B87
:102F7000FB2AC83D55E73EBCC02C523DD60F93BD41
:102F80000252AC3C3D215BBD4BAF453C50C95FBBE1
:102F9000E3423D3D52E9B9B99F28A5BD98B85CBD53
:102FA0003A45943D00000000000000001F834CBD26
:102FB0000000000000000000000000000000000011
:102FC0000000000000000000000000000000000001
:102FD000000000000000000053E3CA3C00000000B5
:102FE00000000000000000000000000000000000E1
:102FF0003F0A573BFF6785BD00000000000000004E
:103000003A605CBDEFEF113DE32B9DBD8D8403BBAA
:10301000DC0AA63D93DBB33C00000000C4893E3DC2
:10302000DAA54F3DB39C2FBD2CCCAD3CB509B5BC4A
:103030000786A23CD7AEC63D7D2EDEBC0D0B623DA1
:103040005D3E7F3CF40599BD0000000000000000DB
:103050000000000000000000000000000000000070
:103060000000000000000000000000000000000060
:10307000000000009A90AC3B1B4260BDE030C03DB8
:103080000000000000000000000000000000000040
:10309000339C28BC000000000000000081D4143DD7
:1030A00000000000FBE1FCBCBDC80A3DFB3202BCD5
:1030B000000000005EFC1A3D000000000AED4D3CDF
:1030C000AA88B13D00000000000000001508BC3CCB
:1030D000723980BD0000000000000000A294A03CF6
:1030E0008FEF8C3D77EB653AB86999BDA3457EBCFF
:1030F0004743F73C7598DD3D798DA83BF4A9113D18
:103100005F9E0BBDF73F7B3BCB828ABD000000007A
:1031100000000000000000000F3FB33A40AC64BD67
:1031200000000000C0AB28BD00000000000000004F
:1031300000000000F0BF5ABD0000000000000000C9
:103140000000000000000000F0ABF8BBAA41593DB0
:10315000000000000000000068990E3CB5CE6DBD77
:10316000DF1C14BDB33A9E3C70C14A3D7DBDA8BC76
:103170008A5B7C3BFC7599BD0000000000000000EC
:1031800000000000000000003C0A08BD0000000034
:1031900000000000A3EFAFBB000000000000000033
:1031A000000000000000000000000000B6B6B63DC0
:1031B000177DB73C0000000000000000D35323BC83
:1031C000DE2D8ABD000000000000000000000000AD
:1031D00000000000A892C03C1F1E64BD22F74F3DB6
:1031E000F69D253A4BFECE3C184643BD000000003C
:1031F00083A1613C0000000000000000000000000E
:10320000000000001DBFF23D6AA9DD3CB079CE3C54
:10321000D75DCABC9312553CD35493BDEFA8C03CB4
:1032200098076BBD3865113BFAD7333D00000000AD
:103230002B7D263D00000000000000000000000083
:1032400000000000D50B4A3C000000000000000018
:1032500039E4A0BBF02075BD00000000BFDC093DD3
:1032600000000000000000007B18913A0000000000
:1032700001519B3BC20D7CBD00000000000000001E
:1032800007ED12BCC74594BD8078303B23BA703D32
:10329000AC04C3BC220B333C000000000000000063
:1032A000000000000000000000000000000000001E
:1032B00018C320BD00000000000000000000000056
:1032C00048845BBD0000000000000000469B353CC8
:1032D000000000006B70E8BC00000000000000006F
:1032E00000000000000000000000000000000000DE
:1032F000000000008D6859BCB681A6BDFEB1103C2F
:10330000177C8C3D00000000FDE7903DDB5EB83D82
:10331000A38D82B99A2F7E3D000000003842113DF6
:10332000000000000000000000000000000000009D
:10333000000000009F91D63CD8D447BDB0BDADBCC5
:10334000A324223D8F254A3C70F164BDED9F65BCEE
:103350002D79983D29BA9EBC0ACC253D43CCD8BBDB
:103360007D0B7DBD622F103DEF3D02BD00000000D2
:103370007F05213D0000000000000000000000006B
:1033800000000000451B2E3C000000000000000073
:103390004DB29FBB5B1A6CBD63AD5E3D2FFBAFBBF7
:1033A000000000000000000000000000000000001D
:1033B00000000000000000008B4821BCED3E1F3DD6
:1033C000832EFB3CB6720ABD9770EFBC4B1BCD3D04
:1033D000452558BC150A793D00000000000000009A
:1033E00000000000731C733D00000000000000009E
:1033F00000000000236C3DBD2A88013D0000000054
:10340000693583BD00000000000000007AE0133D34
:1034100012CCBDBC31149C3D000000000000000037
:10342000000000003D2211BD6AAEF33C0000000028
:103430002709703B0000000000000000607E963B02
:1034400055658BBD3AF23ABD6B0F7C3D503FB7BC22
:10345000627C183C0000000000000000B1D11FBDDC
:10346000000000000000000000000000000000005C
:10347000000000000000000000000000000000004C
:103480007F6478BD11AC0D3D00000000000000001D
:10349000000000000000000000000000000000002C
:1034A000A65588BD000000000000000000000000DC
:1034B000159641BDA0DD363C000000000000000074
:1034C0000000000000000000E464A1BC26A02C3D28
:1034D0002C9E883CB9910FBD478961BCDB0F1A3D1A
:1034E0004505BE3CF7A5A83DEFAC193DFB1E35BD1B
:1034F00075EA563CC72F71BDA776CFBC00B3673DB8
:10350000B53182BDAFDE0A3CAD74313D53D027BD2D
:103510000000000000000000B977193D0000000025
:1035200000000000A0EBF93BD0CB80BD0000000004
:10353000000000000000000000000000000000008B
:10354000000000000000000000000000000000007B
:10355000000000000000000000000000000000006B
:103560005FE39FBCAC57B73CFA07CE3D273B283DF5
:1035700032430CBD228DEC3CFB7D24BDAA3B113CAB
:103580002AEF95BD3B4806BD2CB0C63C5747B1BCA1
:103590002B7D3B3D64EA8C3D26442BBC00000000A3
:1035A000000000000000000000000000000000001B
:1035B000000000000000000000000000000000000B
:1035C000E7A3BD3C00000000000000000000000078
:1035D00038A3303C85368BBD0000000060D1EDBCC7
:1035E000000000000000000047EF813B00000000E9
:1035F0007677A83C0DFD64BD3A0DE5BB3E27903DB6
:10360000E33CF73B00000000000000000000000069
:103610000000000000000000A5B7E2BBBFDC83BDD6
:10362000F1CB893CBCA2A73D60A1333DF08909BD27
:1036300065E4FC3CF01E37BD77B688BD53914C3C29
:10364000283FD8BCCDD2153D00000000000000008E
:103650000000000000000000CC0802BD00000000D7
:1036600000000000000000002EE00DBB0000000084
:1036700037AB43BC0000000000000000EAD8A53DC5
:10368000303AAF3C63B3803D6A8E923C000000004C
:1036900000000000DFC4863D0A96F3BC0000000075
:1036A00000000000000000000000000007CD9DBDEC
:1036B000D2F633BB5B50B0BA0269423DC4789ABCC3
:1036C0007AC5683D1FF7B0BDE0A61C3C00000000B5
:1036D000271110BD00000000000000002B7717BD6F
:1036E00000000000000000000000000000000000DA
:1036F0007AFA72BA70C5603D00000000504D54BDAA
:103700000000000000000000275ECA3CEB7FCBBB3E
:10371000B573813C106717BD6D89343D4DDA35BCFA
:1037200000000000EB53173D000000000000000007
:103730000000000000000000000000000000000089
:103740000000000000000000000000000000000079
:10375000061836BC00000000000000001AC68ABD32
:103760006753853B000000000000000000000000DF
:1037700000000000583B433CC7AF853D2F33CDBA16
:10378000E8334FBD8327E1BB0FAE833D5A9270BD36
:103790001758453B38C1D6BA6D47EE3C4887E83CE0
:1037A0005325DBBC7B416ABCFB0B8FBD00000000D6
:1037B00000000000000000000000000095F2F4BCD2
:1037C0000000000000000000F9F8893D2FE31D3BD8
:1037D0000000000029653FBC000000000000000060
:1037E0002A72713DBBAF8C3CB1C5873C0000000024
:1037F0000000000000000000BB36E53B00000000B8
:1038000044660EBD00000000000000000000000043
:103810009FF088BDE002DEBB8BDCAD3D840F483CF1
:10382000B361F4BC17CEB23C1BA646BDD09EA43BF0
:103830000000000000000000000000003D699A3B0D
:10384000000000000000000000000000CFB529BC0F
:103850002D2654BD00000000000000000000000004
:1038600000000000D719003D00000000000000002B
:103870000000000000000000000000000000000048
:10388000BA1BB9BC92C3A53C0000000000000000B8
:1038900000000000BBE108BB0000000000000000C9
:1038A000000000000000000000000000A74B8F3D5A
:1038B0001264643C90D78BBD7D845FBCEA61A43DFB
:1038C000E8600B3C3B420C3D4D45FEBC8DD5D03DE8
:1038D000EB0B023DE2FBD0BBCB6C6A3DAE1D1FBDC6
:1038E0007344F83C63B7323CC9A32ABD9D276F3BA4
:1038F000713199BD000000000000000000000000D0
:1039000000000000000000000000000000000000B7
:1039100000000000000000000000000000000000A7
:1039200016BE39BD43E1ED3C57CFF93B8721843DBD
:10393000000000000000000000000000FB6E3DBC25
:10394000000000000000000082B6F43C000000000F
:10395000060D80BC000000000872B03C00000000B2
:10396000B09D963D5AED7C3C000000000000000038
:1039700000000000D75F1D3D00000000DF2AF13C81
:10398000A705263CEF196B3DB510023AD9178CBD3F
:10399000FD0302BDBDDB083D370AE1BB824C65BDBE
:1039A0005FE283BD1989493B9AA03E3C81F24BBD41
:1039B0000000000037FB0F3D000000000000000089
:1039C0000000000000000000E67EAE3BD77E0ABD8E
:1039D00000000000AB5918BC1B0957BD360C3A3D1E
:1039E00000000000643945BD000000009E021FBDBC
:1039F000BF64E63B00000000000000000000000083
:103A000000000000000000000000000000000000B6
:103A1000000000000B85C3BC000000000000000097
:103A20000000000000000000000000000000000096
:103A3000D8468BBB00000000000000000000000022
:103A400000000000000000007A6C9E3C00000000B6
:103A50000000000000000000A44D9C3DBB65E23B5F
:103A60000000000000000000BB2F3E3B00000000F3
:103A70004340053DE3F87BBC00000000000000006F
:103A8000000000005B245DBD8368AA3B00000000CD
:103A900000000000AF418C38000000000000000072
:103AA000B31056BD000000000258A0BD989DFE3B1B
:103AB000D7AD9DBC00000000CD17B03DC00CD13C7F
:103AC00041E999BD02A36FBCB7B34BBDB7443E3DBE
:103AD00080C93B3D77F01CBC7F31CD3DFEEF973C6C
:103AE00013B290BC1E38A3BD704FC3BCB7B8AB3C7B
:103AF00039088E3D83C0493CC338FB3C7D7FCBBC3D
:103B0000E01C9B3DB0D5143C00000000000000000C
:103B100049A813BD000000000000000000000000E4
:103B200035DCCFBC000000000000000000000000F9
:103B3000BF1516BC000000000000000000000000DF
:103B400000000000000000008253683C00000000FC
:103B5000000000002FBAE1BC0000000000000000DF
:103B6000000000000000000000000000F622853C7C
:103B7000BD87903DBBEFDABB56068CBD47DB143DDD
:103B80009F89F9BCF8BC4FBCB84C1C3DF35F313D7C
:103B90003DC77ABCE39572BDF9E5983B53CA92BD27
:103BA000F2C7E63B8705413D33EB96BC00000000C1
:103BB0000000000000000000000000000000000005
:103BC000CFF23FBCE0BC603D0000000064D0213D6E
:103BD0000000000000000000000000004E24163D20
:103BE00000000000000000000000000000000000D5
:103BF0000000000000000000345FB93C33FC3DBD14
:103C000000000000614D8FBC0000000000000000BB
:103C100000000000000000003902AFBC22006F3D30
:103C2000F3B6BD3C7AD374BD112E13BC9DED583D47
:103C3000A913C53CCF3700BDEEF42A3B005C883D9C
:103C40004BF5E4BC2DEA1D3DBA81D93BBF2556BDDD
:103C50000000000000000000000000000000000064
:103C600000000000000000002815C1BC000000009A
:103C70004B096ABD0000000000000000FE08423C45
:103C800003AF963DE0BCCFBCFAC9CE3C00000000BB
:103C90000000000000000000000000008357093C05
:103CA00000000000000000003324B1BC0000000050
:103CB0000000000000000000EBDE603D57A532BCB4
:103CC00054CD96BD678F5F3D9B6EDE3A0BFBD13BBB
:103CD000C7F17EBDBAAA693D0336F2BBFEDAA43C49
:103CE00020C0E5BC00000000000000000000000053
:103CF00000000000000000000000000000000000C4
:103D000073EC66BD13E1C43B00000000000000003E
:103D100000000000000000000000000000000000A3
:103D20000000000000000000F0FA60BDABE77E3C40
:103D300000000000524101BD000000003B639D3CBB
:103D40000000000000000000000000000000000073
:103D5000000000000000000025FB39BC000000004E
:103D6000752D05BC00000000B825D73B079B58BD4A
:103D7000A54EEBBC000000000DAB7ABD733DB13C1D
:103D8000C7EE1ABD0000000087B6373CF699A3BD08
:103D9000655F6DB9032D7A3DC7E6673C9CF93CBD74
:103DA000F301FC3B5DAAA53D8FC0953DECDFAB3C2C
:103DB0001C909A3D25F7773C6B6092BB170F693DCD
:103DC00000000000000000000000000000000000F3
:103DD00000000000000000000000000000000000E3
:103DE0000000000000000000670369BD69ED983C19
:103DF000C73048BDDC40263C17E46A3D00000000A7
:103E00000000000000000000D2FB3BBC00000000EE
:103E100000000000D58E52BC46B7203DBD6D823CEF
:103E2000000000009654A93CBB29943D000000000E
:103E30000000000079D7043D0000000018072FBAE9
:103E4000CE8382BD8C6E9A3B9AAF7A3D00B64DBD53
:103E50003123A93C8FCA52BCB16C8DBD000000005B
:103E600035630C3D00000000000000000000000071
:103E7000A575DFBB94D837BD00000000000000002E
:103E80000000000000000000000000000000000032
:103E90000000000000000000000000000000000022
:103EA000000000000000000077E1743D3300B4BC66
:103EB000F3CA063C9D5C10BDE07B953D0B98973B9B
:103EC000E249523DE7D132BC772344BDF2DCFB3BF3
:103ED00042F807BD7781D43C6A4FB33CF29530BDC0
:103EE00000000000F66B05BD0000000000000000AF
:103EF00000000000000000000000000000000000C2
:103F0000F6CCA8BCB456CB3C00000000000000007A
:103F100000000000D7EB823C7DB8833D9B0FB53B92
:103F20003EBD81BD000000000000000023B7693DD8
:103F3000117B993BCDB6C4BA28676BBDAF5A4439E3
:103F4000B641413D000000000000000000000000FC
:103F50000000000000000000000000000000000061
:103F60000000000011F787BCCD0FE03C000000000E
:103F7000BDACD33C7DA772BD000000000000000076
:103F8000ACDE013C00000000CB3F64BD452E333C5D
:103F900000000000CC6D1EBD00000000000000000D
:103FA000386FA53C186E973D5076A43DE4870E3CD3
:103FB0000000000000000000000000000000000001
:103FC000673F62BD3349083D70A8873BB513483D44
:103FD000A8499BBBFEE29FBD767641BD2DF8063D0C
:103FE00000000000000000000000000000000000D1
:103FF000145739BC00000000000000007BDA533D7C
:10400000D9FE493C000000009FE26CBD00000000AA
:1040100000000000575FDA3CC4359FBC0B826D3D49
:104020000000000000000000000000004ECFCA3C6D
:1040300055EEF4BC00000000000000002B55723D5E
:104040004EEF29BC6BA0723D67D005BC2209FB3C3A
:10405000BF7336BC00000000680C073D0000000084
:104060000000000000000000000000000000000050
:104070000000000000000000000000000000000040
:10408000FAAC743D00000000000000008327BDBCB6
:10409000427E67BD20CA353C0000000000000000E1
:1040A0000000000000000000000000000000000010
:1040B00083F0913DFEC7123CDAA7E23C293D90BC5B
:1040C000BF293A3B2D9A6CBD4584FF3C33C606BDE3
:1040D000DACE943D00EB25BA9DAC463D89C3203C29
:1040E0004B9644BD8BDC953C0000000000000000B6
:1040F00000000000000000000000000000000000C0
:104100000000000000000000471382BC7F0FD13C7C
:10411000000000000000000000000000000000009F
:1041200000000000A8677B3B0000000000000000CA
:104130002262623C0000000000000000000000005D
:10414000000000000000000000000000000000006F
:10415000B0C6D4BC3189883CB6FE9E3D91A787BCD1
:1041600072077ABD0000000000000000DC0F2CBDCB
:10417000F401883BD955B53B37E388BDB5976C3D15
:10418000F54872BC51CA803C00000000D9E1C8BBB0
:10419000777B1B3D505C383C6B48703DDD686A3C6A
:1041A00057ED14BD22038ABC377C543D15FE6EBD0D
:1041B0001ED4253C000000000000000000000000AC
:1041C0000000000000000000B214C9BC00000000A4
:1041D00000000000000000000000000000000000DF
:1041E000D487873D85B9F63A000000000000000042
:1041F00000000000976622BC0000000000000000E4
:104200000000000000000000E36E7DBC9DBE103D7C
:1042100043C4803B443D4CBD5B899E3CE1DA893D13
:104220006BB4AF3C000000000000000013729EBCA5
:1042300047B8C1BC00000000000000000000000002
:104240000D87D9390B513CBD8A6B2A3D731229BCAD
:1042500072937C3D3566F2BB0B728F3CEA8052BD97
:10426000021993BC3AB499BD0000000000000000A0
:10427000000000000000000000000000000000003E
:1042800000000000D2F93ABC00000000000000006D
:10429000000000000000000000000000000000001E
:1042A000000000000000000092D20A3B0000000065
:1042B0005FE99C3C0DF4EEBC000000000000000033
:1042C000946683BD0000000000000000FE2B883DC6
:1042D00009F3B93B0000000000000000DB53963DED
:1042E0000BEA893C27202B3C000000000000000066
:1042F00067D531BBB351003D63FBF2BC0000000049
:10430000A3B2473DE90CC63B00000000A46294BD87
:104310006CA4973B0000000089328CBC8B8A8ABD5C
:10432000186EA9BB114F8D3DE7504A3C17DBB5BC59
:104330003C3E8F3CFD39F2BBF0105BBDF2625A3C53
:104340002050683D00000000000000000000000058
:10435000000000005362D5BC000000000000000017
:10436000BDFE603D000000000000000000000000F5
:1043700000000000000000006312DC3CE29095BCED
:10438000AE69443D7F1428BC00000000000000001E
:10439000000000005A7CB6BC7B6756BD22295E3CFB
:1043A0000000000000000000000000004BD7643D4A
:1043B00004AE973DA048713B2DEA36BDC05CE23C9F
:1043C0006F0A1A3D01DABCBCE6D2B73C288732BD81
:1043D00000000000000000000000000000000000DD
:1043E00000000000000000000000000000000000CD
:1043F00078005DBC0000000032657B3C00000000DE
:104400006BCB6FBD00000000000000008824DC3B87
:10441000F7057A3D503913BA883B4CBD00000000C7
:10442000000000000000000000000000000000008C
:10443000000000000000000000000000000000007C
:10444000000000006BAE4FBD000000000000000047
:10445000813603BB4BC85BBC1E45173DEA956EBD5C
:104460009BFD103C6B9AF4BA04F9893D23A5C63C28
:10447000A32D32BDA3718CB7A9164ABDECBC2E3D4D
:10448000267D9C3A4F32333DDE03B3BC171D9E3C64
:10449000068BA33D00000000CA6C063D0000000032
:1044A0000000000000000000B49ABFBB29E01CBD62
:1044B0000000000000000000000000003695CC3C29
:1044C000DAAA0DBD0000000063F125BC1DC559BD71
:1044D00000000000000000008BCA36BCBF44163D3F
:1044E00005394FBBBBB8F43C0000000000000000E1
:1044F000462F05BD00000000000000005006533D9F
:104500001DE24C390000000000000000F670883CFD
:1045100002D453BD00000000000000007558333C79
:10452000A2054BBD00000000000000004368BABCBB
:10453000F6F2AD3CFF0FAE3C3BDE70BC000000006D
:104540000000000000000000BF8A233DB08125BCB0
:104550000000000000000000FD5FDE3A780657BD55
:10456000000000000000000000000000000000004B
:1045700000000000ABAA56BD0000000000000000D3
:1045800000000000000000009F0B283DEF16AEBCAD
:104590001B523F3CDF78F0BCF7A74CBDE81FDF3A69
:1045A000B0FC843D2238FC3B2871B03CD95033BD6F
:1045B00000000000000000000000000000000000FB
:1045C000000000000000000000000000A1E147BC66
:1045D00000000000000000003F26723CC8A37D3CA4
:1045E00053B65DBD00000000000000009A367A3D21
:1045F0001371FB39E7DF61BB1D054DBD00000000F5
:10460000C0D609BD0000000000000000ADA3963D2B
:10461000BCAEAB3B0000000000000000000000004A
:10462000000000007A1050BDE207D43C91C92B3D38
:10463000FD3A813B06D0C9BB744296BD879B2CBD19
:1046400068FEE03C00000000000000002A36EB3C61
:1046500000000000000000006DB6BB3C0000000040
:104660000000000000000000B7900A3C00000000BD
:104670000000000013C6FBBC0000000000000000AA
:104680004FA17EBDA8FF88BB000000000000000015
:10469000000000000000000000000000000000001A
:1046A000474A653D7029B53A03A75CBD1FF8F63C43
:1046B0009A3B543DA47DAE3B4B6830BD038E933C8A
:1046C00043E1E13C3F1008BD7ADD733BC2BE88BDCB
:1046D00000000000000000000000000000000000DA
:1046E00000000000CFD91E3DD606B4BB000000007C
:1046F000E2BB083D000000000000000000000000D8
:10470000F464053D0000000000000000000000000F
:10471000000000000000000000000000F965A93C56
:1047200057651FBD000000009F7899BC0000000085
:1047300000000000000000000000000060060DBD49
:104740008AE6F03C5B726DBD17FCD23BF90509BBF4
:10475000D6DC3F3D4ADEA43CABF1D9BC806F133BB5
:104760008B7B583D5E4BAABC8A97023D394FA83BD4
:10477000F69D40BD000000007AC8F93C0000000032
:104780000000000000000000EFE2CCBBADEA11BD6C
:1047900000000000774AED3C00000000000000002F
:1047A0000000000000000000ED3E56BD00000000CB
:1047B000035B1C3D6F85E3BB951A80BAC775633DEB
:1047C00027D21A3D03A765BC0000000000000000CE
:1047D00000000000000000000000000000000000D9
:1047E000000000000000000077D348BD9FA0753D89
:1047F0008A1477BCDFE065BD2418263B000000006A
:10480000000000000000000000000000C64384BC5F
:104810007DEF6A3D000000005537DB3C00000000E2
:10482000B8F534BC0000000000000000BB2092BDC1
:1048300000000000B8B6173BC08C5B3DC8CA6B3D9A
:104840003E4F12BCE2EB00BDD33F103C7DA2143DB5
:10485000FDC48CBC0000000000000000000000004F
:1048600000000000000000003FCD36BB9770233DE4
:10487000000000006758063D000000000000000036
:1048800000000000F5BFF23C000000000000000046
:1048900000000000CABB80BB000000000000000058
:1048A000AF716DBD474FF4390000000000000000FB
:1048B0007A6E583DB3C0DD3BF3EEDCBCBF21133D47
:1048C0004B84A13C071C5FBD600B543D47FE36394D
:1048D0008407BD3C2236AEBC000000000000000092
:1048E00000000000AF3F193DE2C51ABC0000000007
:1048F0000000000000000000AAD54FBD000000002D
:104900000000000091EB9D3CDB6A36BC51000E3D7F
:104910000000000000000000000000000000000097
:104920000000000000000000000000001BAD1FBDE3
:10493000D7DA0D3C839F57BD8C3207BCB3D5D43C2E
:1049400048C566BCB5773DBDB4AD123D5637813D17
:104950003CED27BB0000000000000000000000004C
:104960001B6485BBE3F7263D00000000000000004B
:10497000A66DA4BBA37522BD0000000000000000CE
:10498000000000000000000054370ABB43EC223D49
:10499000E7EC07BD00000000000000000000000080
:1049A000D34EAD3C6A42DDBCF5B3753C12C7BBBC0F
:1049B0005545CDBBDADD6FBD0000000000000000F2
:1049C00000000000000000000000000000000000E7
:1049D0000000000097E0DE3C0000000001670DBC15
:1049E00000000000000000000000000000000000C7
:1049F000000000009E444ABD2A015E3B97C9753DF8
:104A00007DEE313A00000000C282F2BC00000000DE
:104A10000000000000000000C6DD9B3C0BEEB6BBB2
:104A2000D72C383D000000000000000089264A3ADB
:104A300047147CBDD0784F3DF38D25BC483C5F3C8E
:104A400000000000550B6B3DA54798BB56CEA13C1E
:104A5000CD9F12BD209E63BD8D49FC3B0000000030
:104A600000000000000000000000000040ECD3BC8B
:104A70000000000000000000E4984C3D0000000031
:104A80000000000000000000000000000000000026
:104A90008300DD3CA94980BC00000000000000004C
:104AA0000000000000000000000000007FBA92BC7F
:104AB00077391EBDA245283C9760BCBC00000000B1
:104AC000000000000000000000000000C1B98ABC26
:104AD00000000000000000001615893D0DA18E3B6E
:104AE000850934BCA2E7243DD6A3443D195B9ABC9A
:104AF0002DE151BDAB602E3CAE8C803DD8FC8A3C94
:104B00004B364E3C772F48BDB494AABC7DCD203D9A
:104B10000000000000000000000000000000000095
:104B2000000000004744CCBC000000000000000072
:104B30000000000000000000000000007B7D5C3AE7
:104B4000325E7E3DC2D36A3D0000000000000000DE
:104B50000000000000000000069D883CB34D12BC20
:104B600020B2333D000000002F68463D00000000E9
:104B7000D00DE0BC000000000000000000000000BC
:104B8000000000006F7F30BC836E33BD0FA66A3D0E
:104B9000C882683C9927BC3CB022DFBC382E50BC90
:104BA0000A5097BDFE2A86BC34258FBD37FCB3BCA6
:104BB0000A01CE3C000000000000000000000000E0
:104BC00000000000000000000000000000000000E5
:104BD000AD57CD3C00000000B3E2EFBB0000000089
:104BE0000000000000000000509B6BBDB43A813B08
:104BF000C7103EBD6D85513B3A636E3DE23FCC3AF6
:104C000000000000000000009D22473DEFA7053C8A
:104C10000000000000000000000000000000000094
:104C20001F31453C089F4E3DCEE0033D93D48ABCE6
:104C3000C3BC3BBDA435123CFA1F2CBD3DA5283D8D
:104C40000000000080F9F03C0000000000000000BF
:104C500000000000B714E0BB1CF403BD000000001E
:104C60000000000000000000000000001ADFFCBA95
:104C70009BF9193D0000000000000000000000004A
:104C8000000000006FEBA33B9F5868BD4247D93C32
:104C90006E0E49BCE6E1433CA0F107BD4B3CC83C6D
:104CA000689D70BC000000000000000000000000D3
:104CB00000000000000000000000000000000000F4
:104CC00060D415BD00000000550EDBBB00000000E5
:104CD00000000000000000000D6B65BDB812503BE5
:104CE0003E0A15BC383FEF3CC88C683DE76C3B3B47
:104CF000000000000000000024153E3D0A3FF63B86
:104D000000000000000000000000000000000000A3
:104D1000FB3F5F3D0C30843C5805F13C2FA882BC22
:104D20008BBFA7BBA59B62BD6BF422BDD64A1C3DC1
:104D30000000000000000000000000000000000073
:104D40004E31CBBC5C1912BD000000000000000019
:104D50006FBA76BA0000000000000000F37C4D3D01
:104D600043EF4F3C00000000000000000000000086
:104D7000000000001BAE40BD00000000000000006D
:104D80000000000034AD35BD2C6BAA3C035A82BA3A
:104D9000000000002F6381BC0739923CE65325BD1B
:104DA0006116AC3CF3F5273D0B3997BC2879083CDC
:104DB000E3554A3D00000000000000000000000034
:104DC00000000000000000006361C1BC00000000A2
:104DD0000000000081A88F3C0000000000000000DF
:104DE000C80E673D80BA543B9A3062BDD033FABBDF
:104DF000CA002F3DA2EC533B000000000000000061
:104E000000000000000000000000000000000000A2
:104E10009697433DBB5E493C53D6773C6DB7FBBC90
:104E200082EEF43C9EBA97BCB8EC823C492003BDAC
:104E30000000000000000000000000000000000072
:104E40000000000000000000CECA3CBC00000000D2
:104E500000000000438C4ABD9F30613CB2D7323D18
:104E6000C57A6F3B0000000080B63B3D36E9AA3BA7
:104E700070A847BD0000000000000000259BA73C73
:104E80002841F8BCD3ED0FBD55518D3C000000000A
:104E90000000000000000000000000000000000012
:104EA00000000000000000000B7CAF3C0000000090
:104EB000832AC5BB000000000000000000000000C5
:104EC0000000000000000000187E35BDB5F6643B10
:104ED00038E9613D2208313B00000000B5C6EABC5C
:104EE00000000000DB43BE3C000000007741843C32
:104EF0005D4A91BBF2D0213D00000000553F52BCFD
:104F0000DFE486BB1FAA6ABD4D97063C0000000087
:104F1000A7CE233DBF30B6BBC0C765BD2FD722BCCF
:104F20000000000000000000000000000000000081
:104F3000000000000000000000000000A11032BCD2
:104F4000000000000000000000000000C8C3723B29
:104F50000000000000000000000000005016683D46
:104F6000DB1FB33B000000000D980E3C40C2DCBCD0
:104F7000000000005234DABB5F1C59BD0000000085
:104F80000000000000000000647A1BBCA0E41D3C8F
:104F9000000000000000000071872BBB8BB3A33B17
:104FA000000000000000000000000000570EC8399B
:104FB0004ACA4F3DE7F968BD24722FBCBF06073CC3
:104FC0008BCA753D8F2EE1BB93D47DBD730A6A3DBC
:104FD0001390C4BB58601E3C191706BD00000000AA
:104FE00000000000000000000000000000000000C1
:104FF00000000000000000000CB628BC000000000B
:105000000000000000000000FB35663B00000000CF
:105010000000000000000000CB92603D4F17813B74
:1050200000000000EAB8773C7342D2BC00000000E8
:105030006D71CFBB355050BD000000000000000076
:1050400000000000BF1D12BC37EB0C3C000000004C
:10505000000000006031DDBA26159B3B0000000017
:105060000000000000000000E49EBD39676D433D74
:10507000B3E080BD4A4CA6BB77EB743DE4718D3C38
:105080001FA67DBDE58F12BC7D5A5D3D6BBCBABBD2
:1050900034B40A3C084B03BD0000000000000000CF
:1050A00000000000C0A8F13C00000000000000006B
:1050B000ED3653BC0000000000000000FA51373DFF
:1050C00075A4C1B90000000000000000000000004D
:1050D000DB2860BD555775BA0B4424BD00000000A5
:1050E000000000005863DE3CCBA798BC4A9AA3BCE2
:1050F0002DA85A3CA4C10D3C733D0CBD000000001E
:105100004751BD3C0000000000000000000000000E
:105110000000000000000000000000007306B5BCA5
:105120000000000000000000F8A7CD3C00000000D7
:105130000000000010C877BC000000000000000064
:105140000000000000000000A7C875BDF352833BBB
:10515000A331753D2BFED73B21B8083D0FEFD5BCE1
:105160008F47D73AF87367BD189686BB13A06D3D7D
:1051700013CCA83C6BEB4FBC00000000000000000B
:10518000000000000000000059CB14BD171171BCD5
:10519000000000000000000000000000D3E5513CCA
:1051A0002757413D00000000000000000000000003
:1051B00000000000000000000000000000000000EF
:1051C000000000001B5E5DBDA50494B90000000056
:1051D000AF33D1BCDDDD723D8FE91DBBD1130C3D7A
:1051E00093D1BABCD52DEC3C437072BC61EA3DBD95
:1051F000589F5E3CAF6B0E3BAEB53F3D00000000DC
:105200002816E33C00000000000000000000000041
:10521000000000000000000000000000000000008E
:1052200022AEF1BC000000001CCBC33C000000001B
:105230008047513CD6772FBDBA0361BB0BF5293DA2
:1052400000000000000000000B7B0EBBD3587FBDA8
:10525000329CFFBCF1AA8C3CB19C363D7D437C3B2B
:10526000000000000000000000000000000000003E
:10527000000000000000000000000000000000002E
:10528000A34D85BCFA970FBD0613373C0000000004
:1052900070CB12BD00000000000000006F17F03B53
:1052A00015535B3D61F5803DEBB357B9000000003D
:1052B0000000000000000000000000008B73DBBC59
:1052C00000000000AF153CBD000000002C1921BCFF
:1052D0001ACA8BBDC90A0EBD00000000998D3C3C66
:1052E000E7EF6A3DB058E6BBFFC10B3D3BB21C3D4A
:1052F000A76209BC000000000000000000000000E0
:10530000000000000000000000000000000000009D
:10531000000000000000000000000000000000008D
:10532000A2AC3DBC0000000000000000D29AC93CC5
:105330000B7611BDE1D19A3C000000000000000096
:1053400053EF043D9F7F813B8811553C00000000D6
:10535000102B823B9B8E4F3D0000000000000000A0
:105360005B6C343C45C27C3D759E90BCD7630D3D63
:10537000E55A5ABDB5F9E6BB524A2F3DDDD3CDBC47
:105380000000000000000000C2B269BDA7AFEDBB85
:105390005981ACBC505C013D0000000000000000E1
:1053A00000000000000000000000000000000000FD
:1053B000B76FD43C000000000000000017C7FC3BA2
:1053C000C1CC02BD0000000000000000B459A53CA3
:1053D0003A6E6FBCC1423B3C4F9B483D0000000011
:1053E00000000000577DC4BC00000000AA5C783BB0
:1053F000C48446BD000000000000000003A1343D4D
:10540000597BB6BB831521BC1A5E843CFE45CABBE2
:105410008B5227BD000000000000000000000000CB
:10542000000000000000000015EE5DBC29061D3DD7
:10543000000000000000000002C56C3C00000000FD
:10544000000000000000000000000000000000005C
:1054500000000000000000005116473DAA53DB3B4E
:10546000000000000000000000000000CF9667BCB4
:1054700000000000000000000BE5BF3C576BCFBCF4
:105480000A8074BAB5BE4BBD73276BBB6707073D77
:105490000B18883CA38D12BD0B62B1BA43245A3D50
:1054A000A0357EBC5D1D6FBD25C98D3C116512BD4B
:1054B0000000000067EBD33C000000000780C3BC85
:1054C00000000000000000000000000000000000DC
:1054D00000000000000000000000000007D92E3D81
:1054E0008395183B00000000E372E43C00000000DC
:1054F00000000000799C2A3D000000000B5C10B900
:105500006F1D1EBDAC9A1D3C17D30ABD67C857BCA2
:10551000B34E323D6743963C889801BD00000000C1
:10552000000000000000000000000000000000007B
:10553000000000000000000057A92E3D0000000000
:1055400064B61DBDA57F6D3C00000000000000009A
:1055500000000000000000000B05AB3CF2B4B2BC40
:10556000000000007F8C60BD000000000000000013
:10557000C0E606BDB954B13C367F033C90A8643DFB
:10558000000000000000000000000000C37D9B3C04
:105590006062DFBCEF4A4A3DC24EADBCB091AF3C49
:1055A0008167313CCA0B5ABD75C9DA3B192E3FBD24
:1055B00000000000000000000000000000000000EB
:1055C00000000000000000000000000000000000DB
:1055D000C50F6ABC55A7EFBC5A355F3C0000000000
:1055E00053C408BD00000000000000000BA8003CF0
:1055F000C704583D12F9763D1EAB3F39000000004C
:10560000000000000000000000000000A22D52BCBD
:10561000000000000000000000000000CB2CEEBBEA
:10562000990883BDA5A7D23C000000006D7C3C3CDE
:105630001EEF483DA768FEBC26F1B73C3B37ADB92D
:10564000B38C4BBD923FAE3C6A201CBD00000000F5
:10565000000000000000000000000000000000004A
:105660000000000000000000BD182BBC000000007E
:105670000000000000000000B8FD2FBD3B1492BBED
:105680000000000000000000236F4A3DF36CF93B6E
:105690000000000000000000CD03BEBC00000000C0
:1056A000000000000000000000000000BBFF1DBC67
:1056B00093D8A53A4D7748BD353CF9BCC5D3F63CE7
:1056C00000000000B6448DBB9B3190BA0000000082
:1056D0000000000000000000C78C2D3D725E533BAF
:1056E000A5CF433DA279563C00E065BDF0F7F6BB7F
:1056F000CB96383D01C0863B9CB2043CA0AEE7BCD3
:105700000000000000000000000000000000000099
:1057100000000000992A9DBC00000000000000006D
:10572000000000000000000000000000F4144A3DEA
:10573000552C293B00000000B3DDE1BB1DB8503CF7
:1057400085ABEBBC00000000000000000000000082
:10575000F280E23CA3432C3CE0F33B3D6F472D3D00
:10576000551FA13BCD2C6D3C7C6017BD0000000097
:105770000000000088AEB9BCC6069A3CA4AE9CBA34
:1057800016A226BD0000000000000000000000007E
:105790000000000000000000000000000000000009
:1057A00000000000000000003E8FBF3C0000000031
:1057B0007EB82ABC00000000000000008E73AC3CE4
:1057C0007F1DC1BCF78B213C0000000000000000E1
:1057D0001FD0313C00000000375AC63B772F343DC4
:1057E0000000000002E3473C2F482E3C0085653D49
:1057F000212B83BCB7D6033D4FA742BCD38551BDF7
:105800000000000000000000E018D7BCE099933CC5
:10581000DC8E46BD2EA3B83B000000000000000057
:105820000000000000000000000000000000000078
:105830000000000083D81ABC00000000634D743CD7
:1058400000000000C3DE3ABD7E7C103C000000007A
:10585000000000008805E03BB7B0203DF1300ABCF5
:1058600008F045BD0000000000000000F9E314BC92
:1058700000000000B80EDC3C00000000000000004A
:1058800000000000000000001C7B2D3D68904DBB17
:10589000C23850BD69E3243C6BCD0CBDCC3342BB58
:1058A000FB08313D9DA7B7BCCDD5F13C0000000001
:1058B00017A7AF3C00000000C33ACABC00000000BC
:1058C00000000000000000000000000000000000D8
:1058D000000000002BA8BF3C467E1E3DE5350C3B7A
:1058E00000000000025ADE3C000000000000000042
:1058F0006B4B8CBB38C7FFBC509FE4BA20CA05BDB8
:10590000F7FC1D3D016506BC000000000000000022
:10591000000000000000000000000000BA4353BC7B
:10592000270E163D000000000000000000000000EF
:1059300000000000000000002F1C453D000000009A
:10594000000000000000000052CA5B3C5592E0BB22
:1059500076000A3D9D75DF3C839C06BD000000007B
:10596000C00CAEBC0000000075426ABD0000000023
:105970009327813A6FA32E3D4311043C27FC893CB9
:10598000EC3DB2BCB7066EBC15277CBD0000000024
:105990000000000000000000000000000000000007
:1059A0000000000000000000F30C02BDA78A173CB5
:1059B000C09ED7BB0000000000000000517D0E3DDE
:1059C000B32927BDE5FD0F3B07664A3D0284EE3B48
:1059D00000000000000000000000000000000000C7
:1059E0000000000000000000C4EA463C647D2E3D3B
:1059F000D330A03CD11CB8BCA2B0F2BC9500963C00
:105A0000E7F941BBCE2434BD0000000000000000D7
:105A1000000000008F1EFD3C89F117BB0000000054
:105A2000000000005DFFD23B00000000000000000D
:105A3000729BE23CFFD51EBC0BE52BBD00000000B5
:105A400000000000531D143D30B4DFBB0000000017
:105A500000000000008FB1BBABA2FF3C9B36D8BC5E
:105A6000A468873B00000000000000000000000068
:105A70000000000000000000000000000000000026
:105A80004A43F8BC891E103C3FD3683B359D303DEE
:105A9000000000002FC3063D8FE323BDDBF2063B71
:105AA00000000000000000000000000000000000F6
:105AB0000000000000000000BB0E263DD970313C04
:105AC000BEC3943C45AFAABCEE96A13C080307BDFB
:105AD0002DB986BCE51D133D00000000000000004C
:105AE00000000000000000000000000000000000B6
:105AF000000000000000000000000000C314B13CE2
:105B000000000000448921BD57C77DBB0000000094
:105B1000000000004797A6BC79180C3CF8BEF53988
:105B20000000000089E42E3C00000000000000009E
:105B300000000000461B3CBC00000000A8CE603BFB
:105B400036E93D3DC87837BC5F8247BD7120A8BBB0
:105B5000BCCE2BBD00000000000000002BFD343D3A
:105B6000F68E91BBDB4C313D5B67A93BDAB2DBBC07
:105B7000ADCC073C000000008FAEA63C000000004A
:105B8000A642C3BC000000000000000000000000AE
:105B90000000000000000000000000000000000005
:105BA000A45C203D9243DEBA0000000048F2BF3CF6
:105BB00000000000000000000000000000000000E5
:105BC0007EA714BBADFEFFBC8219DF3BCFF03BBD0F
:105BD0001AD2F43CE7F17BBC32882FBBC9C10A3D25
:105BE000175507BDC758103B00000000000000001B
:105BF0000000000000000000000000004A23653C97
:105C0000000000000000000000000000003A333DEA
:105C1000000000002A21A7B9010939BD00000000D9
:105C20000000000000000000E8C4843C27B505BD6A
:105C3000000000000000000000000000F3F1353D0E
:105C4000755F023A927FF0BB7FB35ABD9272FB3C04
:105C5000389D6CBC200D3C3C32D5FEBCDD9C293D02
:105C6000A31C2CBC0000000000000000000000008D
:105C700000000000000000006010E23C37979CBB71
:105C80000000000000000000000000000000000014
:105C900000000000000000001FD1983C0000000040
:105CA0001EAB38BD00000000000000000000000036
:105CB000CC73273C9316AEBC0154BE3B5721303DFC
:105CC00000000000D41D3C3C35277F3C8FC6E4BC5F
:105CD00000000000E6CDBBBC784211BD2D45103A56
:105CE000491D31BC45C645BD3B5C0A3DD3E8EC3A95
:105CF00000000000C452953C0000000000000000BD
:105D000000000000DBB8BE3BBF0108BD0000000082
:105D1000000000000000000000000000BC4805BDBD
:105D200000000000082665BB00000000FA22593C74
:105D30009225EEBC000000000000000064ADAD3B09
:105D4000CD26363DEDA6C03C5FB5F1BCB46091BC3C
:105D50001D349D3C00000000000000001E96A13C88
:105D6000000000000000000004DF813C0000000093
:105D7000000000000000000021578ABBC27150BD26
:105D8000036EDCBC0000000000000000000000000A
:105D90000000000000000000000000009DF8E43B4F
:105DA0004281F83C00000000F35CD53CC0A9E6BC91
:105DB0007EC23E3DADA31ABCCA1E52BD18BA23BC5A
:105DC000C3BD923C5BEEB2BC0000000000000000CE
:105DD00000000000000000000000000000000000C3
:105DE0000000000064662FBC00000000DB70AF3BC9
:105DF000F8691DBDE87BD9BC000000000000000070
:105E0000000000000000000076B3AD3A0000000082
:105E10000000000073EA153D00000000AA5ED4BB3C
:105E200092F95CBD6FBE333D9905483C000000000F
:105E30000000000000000000A4EA82BBE2490CBDA3
:105E4000E9F0403CE73DE93C1BED98BBC823FFBCB3
:105E50004BA2463B3B03403C3FAF2F3D00000000C0
:105E6000E4679E3C0000000000000000000000000D
:105E7000CC5009BD44A6AC3B6570F3BC00000000EB
:105E80000000000000000000180A71BC00000000C3
:105E900000000000000000008FC661BCC817AA3CCB
:105EA000DCC0AA3CABD0D5BC36F52FBDDF44C53B2A
:105EB0000000000000000000490B933C00000000BF
:105EC00000000000000000000000000000000000D2
:105ED000000000006FA885BCE825DF3C0000000042
:105EE000EF40B13B132204BD000000003B44013DE4
:105EF0007B8F37370813703B000000000000000064
:105F000000000000EB1268BD3DBA0BBCC2E719BC33
:105F100039FA113D1F1BAABC2FFA883C0000000073
:105F20000000000000000000000000000000000071
:105F30000000000000000000000000003D0826BC3A
:105F4000419A363CF37E09BD0000000000000000CD
:105F50000E91973C0000000083EB2A3DCCDF853B8F
:105F60008325F4B9D3831FBD0000000000000000AA
:105F700000000000C8AF063CD9D4033CC39E243DBA
:105F800000000000574408BD000000001C88833B4F
:105F90004188C93C4F5622BCA3FC01BCC70277BD57
:105FA0000000000043F1993C0000000057B7C3BC5B
:105FB00000000000000000000000000000000000E1
:105FC0000000000000000000FE140D3D0000000075
:105FD000000000003551623C00000000DD76C7BCC7
:105FE0006F289C3CE762E93C2DF776BA1DF735BD7A
:105FF00053B7F43B2C9A06BBDB8644BD000000007F
:106000000000000000000000000000000000000090
:10601000B36016BD38F6433C0000000000000000ED
:10602000FF52823B8EAB0D3D0000000000000000DF
:106030000000000000000000000000000000000060
:10604000327A1E3CABBBDBBC00000000000000004D
:10605000CD7873BC000000002FE3313DD0B0BA3AD8
:1060600047B68FBC28ACBC3CC01A9FB90EDB30BD14
:106070008311B2BC07BEE33C03F5983BA67D083D07
:106080000000000000000000F9D58D3C0000000079
:106090000000000000000000CF7B423C0000000038
:1060A00000000000C35B133C000000000000000083
:1060B000000000007A68703C6F6533BD000000008E
:1060C00000000000AC07863C00000000000000005B
:1060D00000000000749C14BCDF404EBD9DE77D3C79
:1060E000EA5894BC97861B3CFFA307BDA751233DEC
:1060F0004B58AB395B99EEBCBF00863C00000000FA
:106100000000000000000000000000003F4B023DC6
:10611000000000000000000000000000000000007F
:1061200007079FBC00000000933F9F3B000000005A
:106130000000000000000000DDF073BBD37E1A3DBC
:10614000852FA8BB067D053D79C3B2BB6D064DBD4D
:10615000DB3AA93BC0003FBD00000000000000008A
:1061600000C595BA25D5DF3C9F21663CDB6641BD65
:10617000000000000000000000000000000000001F
:10618000000000000000000000000000000000000F
:10619000000000000000000009FEA0BCAABD053CF4
:1061A000000000004A91193DF89D57BC0000000016
:1061B00068F44FBC00000000000000005BDF563DAB
:1061C00021C4393C312637BCAA7C3FBD23AFC03A3D
:1061D00052271B3D0000000000000000404AF63B33
:1061E00000000000E2229AB8DFFD0C3D0871613C1E
:1061F000E75423BDF59351BDAF8000BC0000000003
:10620000000000000000000000000000000000008E
:1062100079A62EBC00A4F93C00000000000000009C
:10622000000000006153873C00000000CED403BC96
:10623000000000000000000000000000000000005E
:1062400077B83B3DDF506F3B578DABBB6380293D3B
:1062500000000000000000001BDC9E3C6727BFBC64
:106260009FDA5DBC03894DBDE0CB8EBC6798BD3C19
:10627000657757BB55704CBD000000000000000062
:10628000000000000000000000000000000000000E
:10629000000000007594CFBC4FF2043CE27382BB57
:1062A00000000000000000000000000000000000EE
:1062B000F0869E3C42731F3C5C823A3D0000000029
:1062C0003922C0BC13FE10BDB31D7D3C0000000090
:1062D00095D0F03B00000000E26A6ABB4360A5BABB
:1062E00000000000A810143D1BC38FB8CA225ABD7D
:1062F000CDDEEBBB000000008084893C0000000084
:10630000000000004F3A883C000000000000000040
:10631000000000000000000000000000000000007D
:106320008D933BBCD5BC3CBD0000000000000000CC
:106330002D00413CFCFD0FBDBC2DA6BC00000000A3
:106340007D6E643B503E36BDEA00023D9B1230BC80
:10635000A70BF83C59F480BC0000000000000000CE
:10636000000000000000000000000000B5AEBA3CD4
:1063700039813EBB000000000000000084B227BD50
:10638000C094F93B00000000CFA8003D05A7143BD6
:1063900030B61DBD0000000000000000C906B43C7E
:1063A0008B3774BBB75719BD4F1C72BA0000000081
:1063B00000000000000000000000000000000000DD
:1063C000CBD730BC0AF4F03CB2190ABDA3C4A63A3C
:1063D000000000000000000000000000AA6B9EBB4F
:1063E0000000000000000000B5F61B3D925BCD3BB5
:1063F000000000000000000000000000000000009D
:106400004813953CB59514BDB73C5A3B6A2C123DD8
:106410002965CB3C9BE884BC0A54943BB2AC18BDC4
:10642000000000000000000000000000000000006C
:106430000000000000000000000000001FAE193D39
:106440005ED6B3BAFA3FD6BCBBB72A3C0000000008
:106450000000000000000000CDCB973C00000000D1
:10646000A2EF79BCE0E6843CEE290ABD0000000002
:10647000F2D6CC3B0000000000E21ABC9CDB05BA5F
:106480000000000045D80C3DEFCBC338271D52BD9E
:10649000C596F0BB00000000000000007E12833CA7
:1064A00000000000000000000000000000000000EC
:1064B0000000000000000000900778BCD36DC53CD0
:1064C00000000000D0A1963B00000000000000008A
:1064D000000000000000000002069DBAB6592DBD64
:1064E000578BE03900000000914F823CBF8FDFBC2A
:1064F00019C01D3DFB2938BC000000000000000051
:10650000D7D7223D7BB21B3CDF9A06BC2015AD3CA1
:10651000D74D30BDCE303A3B00000000052C7E3C0C
:1065200000000000C3EEC0BC00000000A3D6B2BC57
:10653000000000000000000000000000000000005B
:106540000000000000000000000000008A9DCA3C1E
:10655000A22EFDBB4B4DA13BC35723BDCBAAD53BC0
:106560004EAB0CBD4EFD9F3C52D4D0BB0000000092
:10657000000000000000000000000000000000001B
:1065800000000000000000009D09D5BC280EC23BA1
:10659000F24B71BB0000000007BFA23B00000000EF
:1065A0000000000000000000F140283C76AE2E3DC7
:1065B0007785CDBB772821BDCB9662BACBDCEFBC0B
:1065C00000000000000000005906C0BB00000000F1
:1065D0000000000000000000AB0EF33B73FD243D03
:1065E0009A37CE3C03EF39BC0CCB16BB780825BDDF
:1065F00000000000C234823C0000000000000000E7
:10660000000000000000000000000000000000008A
:1066100000000000A0EC0C3D00000000BDDC233CAD
:106620008F950DBD000000000734053C0000000000
:10663000000000006C97A4BC0542A23C5F5A3ABD22
:106640003B1A63B900000000000000006D2D0DBD75
:106650000000000042218C3C9152A1BCDAFE163DA4
:10666000F5EC723B07AAC73C13A29BBC00000000DC
:10667000000000000000000000000000000000001A
:10668000000000000000000000000000000000000A
:1066900000000000B67E96BC00000000AD7E4E3BC0
:1066A0002C3E083DDA69D3BB30D0883C00000000A6
:1066B0000000000000000000C349483D52D0173CD4
:1066C000B2C3643A6F6F66BD0000000000000000B6
:1066D000FD3A183DB681203CAB7ACEBCD077623C07
:1066E000253A53BDA293133C292DB53C5D387FBCA0
:1066F000000000000000000000000000000000009A
:1067000000000000000000000000000017E233BAA3
:10671000C08F113D00000000000000007E450FBD4D
:1067200040B988BB0000000000000000000000002D
:10673000B5261C3C41D547BC804EDE3C0000000025
:106740000000000000000000638804BC77B387BB32
:10675000778112BD6B0519BD3BF1C2BB805DD23C98
:10676000E9722FBC5CD61A3DC512423B0000000006
:10677000000000000000000000000000BF58F43CD2
:106780000000000000000000000000002337A63CCD
:106790000000000047B404BDCF8AD83CAF3822BC0B
:1067A0008365DEBC0000000086E3CABC26B3A53CBE
:1067B0000000000000000000D76EF0BA3AE5D13CBE
:1067C00032A5473CC26E34BD00000000000000004E
:1067D000000000000000000000000000342B29BC75
:1067E00057BDE73CC783F93C0000000000000000F3
:1067F00000000000D2F9713CBB38B1BC00000000C1
:106800000000000000000000000000000000000088
:10681000000000000FE5493BBF16023D07B7ADBCC5
:106820007615B23C000000002F06B83962D2B73AA4
:106830006B4D2BBD5751013D50F6B0BBD51E67BC0B
:10684000560745BD000000000000000000000000E9
:106850000000000000000000886C02BDDA891A3CCC
:1068600000000000000000000FABFC3CFDE6DB3B3D
:106870003A7064BC0000000000000000000000004E
:1068800000000000A51DD3BB0000000000000000B8
:106890003DB644BC72B5BD3CCF533C3D87B20D3CC8
:1068A0001B271A3B9ADE19BD1EC2A0BC5363C63C0F
:1068B00000000000000000000000000000000000D8
:1068C000000000000000000093DDC5BCCD19C1BC74
:1068D000A8ADF03B3C958FBA6DD90C3D000000008F
:1068E000B39BD13C00000000000000000C54043DAC
:1068F000000000000000000000000000C753973CAB
:106900008FBB93BC23E8AEBBCE2A29BDCBB69CBCC3
:106910008B87A03C00000000000000000000000089
:106920009846FFBC00000000713F053D00000000DC
:1069300008BDA6BC00000000057A33BD00000000C1
:1069400000000000DD5890BCF24E9DBCC8A7753C0D
:1069500000000000EF19303DB794023DA37DD6BA88
:106960000000000000000000000000000000000027
:1069700000000000314F12BD0000000000000000C8
:1069800000000000ABD98D3C00000000539CC63CC9
:10699000A7DA23BC0000000000000000CF2975BB6F
:1069A0000000000005E315BBC0062EBD6304D73907
:1069B00094B7033DED5B963C0000000097B74A3C5E
:1069C000F3F12F3DDB67D83B071EDCBC0000000065
:1069D00000000000000000000000000000000000B7
:1069E000000000000000000000000000BBA0063D09
:1069F000E77405BD00000000B86D88BC0000000011
:106A0000B31C6F3B516909BD00000000000000008D
:106A100000000000DA4398BC29D1013D38CBFABA16
:106A20000000000060626ABC00000000537F12BDDD
:106A3000F61BCB3AB29DF23C36073A3B51802C3DD7
:106A40004267A5BB49EFC13C000000000000000008
:106A50000000000000000000000000000000000036
:106A6000DA9903BD2D3315BD00000000EFEBE83CC3
:106A700000000000CA7E4FBCD866BC3CA87176BC42
:106A800000000000000000007FB13FBD00000000DA
:106A90000D771FBCF72AC8BCCA414B3C88B21BBB50
:106AA00027120A3D00000000000000000000000066
:106AB00000000000000000000000000000000000D6
:106AC0007097253C3F7FCCBCF4B9A4BA05951F3D17
:106AD00000000000DB72783C000000000C8CCCBC95
:106AE000370EB03B00000000000000000000000076
:106AF000FF8A37BD00000000E9449EBB0000000093
:106B0000A73AF03BC0A3CBBC7F5D423C8FC6D1BC53
:106B1000C28F813B56C91A3D0000000000000000F2
:106B200000000000000000009220B53C1793FABC62
:106B30007059063C0000000000000000000000004A
:106B40002E7B0CBC000000000000000000000000D4
:106B5000B980273A0000000000000000212C1CBC76
:106B6000CF88B03CA9DE143D73A9A63BD68309BAF1
:106B700033161CBD3CF3C13C6D6888BC00000000AE
:106B80000000000000000000000000000000000005
:106B9000311505BD000000000000000000000000ED
:106BA000BB7D6D3C0000000069C222BCEBA2C13C71
:106BB00087D80FBB000000008D69B0BC000000004A
:106BC0001D9767BB67FA1ABDE614163C4F181D3DAA
:106BD0000000000000000000DD0EA6BB2AA9E13C79
:106BE00062CDE9BC1F6D0C3C0000000000000000FD
:106BF0000000000000000000000000000000000095
:106C0000C3D3613C00000000000000000000000051
:106C1000D72070BC589F16BDD6FA943A6518DB3C55
:106C2000131AD4BB0000000000000000AB793B3D0C
:106C3000A8C9E83B00000000000000000B2E593AF4
:106C400000000000A38AD73C3AB97DBA0F69593CCD
:106C5000A3A51FBDA3C93EBD47061FBC0000000081
:106C60000000000000000000000000000000000024
:106C700000000000000000007337113C4B84BFBCD3
:106C80000C2204BAAC40163D0000000000000000D9
:106C900013AD18BC67B3F63C00000000237621BD9D
:106CA000000000000000000000000000B9E9803C86
:106CB00061B701BD000000005D57B9BCABC7213D05
:106CC000376D9A3A26720ABDBD942DBCE894CD3C2E
:106CD00000000000000000000000000000000000B4
:106CE0007A15AA3CBF05053C8B17E7BC00000000E5
:106CF00000000000DD1A34BC0000000000000000AD
:106D00000000000000000000770DD9BB000000006B
:106D100000000000A72B09BCE0DEB33C14962A3D1E
:106D200028DCCD3B898B223BA5980CBD678B8BBCA7
:106D3000D9ADAF3C000000000000000000000000E2
:106D40000000000000000000000000000000000043
:106D50008907AEBC4FA7BD3B2321063DCEEE1CB933
:106D60000000000000000000000000006F8B4F3C9E
:106D70000053023D00000000E8D301BDEFB8713CB4
:106D8000C31B00B90000000000000000000000006C
:106D9000DA5205BC840B46BDA1180D3C9E6C11BD9A
:106DA000C89FD23C182BF13A00000000B0777A3C23
:106DB00000000000579CABBC000000000000000079
:106DC00000000000B50CEF3C3569B9BB00000000C5
:106DD00000000000000000000000000000000000B3
:106DE000B562A2BC8FD8493C79921CBDE7DC0A3D54
:106DF000B2F037BCB5E3923BB8250D3D0000000072
:106E00000000000000000000000000002A7B26BCFB
:106E1000000000000000000083140C3DCB47EEBAD8
:106E2000C3693E3B00000000780492BC00000000F3
:106E300073DEDABB478A0EBD0000000000000000D0
:106E400000000000000000003B216F3C000000003B
:106E500051AF8D3CD32F22BCAA84233DB515CE3B28
:106E600073A123BD76693C3B0000000000000000D8
:106E70003DA1773C00000000000000000000000081
:106E800003EC2F3C00000000E0AE5CBCB70DC03B43
:106E900000000000000000000000000024DB953B23
:106EA000000000002DC5613C000000000000000053
:106EB000000000009FA73CBD15089ABBE3C16D3BD5
:106EC00025C9F6BC4D4E143D6ED1813B3A37ABBC63
:106ED000E0FB513C0000000000000000000000004A
:106EE00000000000000000000000000000000000A2
:106EF0000BEFA2BCFF52AA3BF4D6013D0BB8D0B8B1
:106F00004BFDDB3B00000000000000000000000023
:106F1000D823CEBA284D10BD00000000A51ABFBC72
:106F2000682AD4BC00000000000000006F0FDFBB27
:106F3000F2907DBC92D0B23C90D7D6BA46950D3D2A
:106F40000000000000000000000000000000000041
:106F500000000000C359DBBCE25B053C7413983CA5
:106F6000000000005FD0DCBB00000000000000005B
:106F70000000000097EB0C3DB5B8013C9D75D53C79
:106F8000BD6EEDBB000000000000000011102EBC23
:106F90001FE2A03C815621BDE0A30F3C0000000091
:106FA00000000000000000000000000000000000E1
:106FB0000000000000000000CF96403CF2B686BC06
:106FC00088EEEABA03C4123D000000000000000091
:106FD000955380BC000000005FB36D3B00000000D3
:106FE000000000006B92B9BC8485CC3BFDC6023D1D
:106FF000ED4DCEBB05C32FBDB7237ABC000000000A
:10700000121FFE3C0D7FC2BB020004000600FFFF02
:1070100008000A000C000E00FFFF10001200140010
:107020001600FFFF18001A00FFFF1C001E002000C2
:1070300022002400FFFFFFFF260028002A00FFFF98
:10704000FFFFFFFFFFFFFFFF2C002E003000FFFFC0
:10705000FFFFFFFFFFFFFFFFFFFFFFFFFFFFFFFF40
:10706000FFFFFFFFFFFFFFFFFFFF3300350037008B
:1070700039003B003D003F0041004300FFFF450059
:10708000470049004B004D00FFFFFFFF4F0051003C
:10709000FFFFFFFF5300550057005900FFFFFFFFA0
:1070A000FFFFFFFF5B00FFFF5D00FFFF5F00610070
:1070B000FFFFFFFF6300650067006900FFFFFFFF40
:1070C000FFFFFFFFFFFFFFFFFFFFFFFFFFFFFFFFD0
:1070D000FFFFFFFFFFFFFFFFFFFFFFFF6C006E00E2
:1070E00070007200740076007800FFFF7A007C0068
:1070F0007E00800082008400860088008A00FFFFF6
:10710000FFFF8C00FFFF8E00FFFFFFFF9000FFFFDF
:10711000FFFFFFFFFFFFFFFF920094009600980023
:10712000FFFF9A009C009E00A000FFFFFFFFFFFFF3
:10713000FFFFFFFFFFFFFFFFFFFFFFFFFFFFFFFF5F
:10714000FFFFFFFFFFFFFFFFFFFFA300A500A7005A
:10715000A900AB00AD00AF00B100B300B500B700AF
:10716000B900BB00BD00BF00C100FFFFC300C500E8
:10717000FFFFFFFFC700C900FFFFCB00CD00CF001E
:10718000FFFFD100D300FFFFFFFFFFFFD500FFFF90
:10719000FFFFFFFFFFFFD700FFFFD900FFFFFFFF4B
:1071A000FFFFFFFFDB00FFFFDD00DF00FFFFE1006F
:1071B000FFFFFFFFFFFFFFFFFFFFFFFFFFFFFFFFDF
:1071C000FFFFFFFFFFFFFFFFFFFFFFFFE400E60001
:1071D000E800EA00EC00EE00F000F200F400F60037
:1071E000F800FA00FC00FE00FFFFFFFFFFFFFFFFBB
:1071F000FFFFFFFF000102010401FFFFFFFFFFFF90
:1072000006010801FFFF0A01FFFF0C010E0110013A
:10721000FFFF1201FFFF14011601FFFFFFFFFFFF39
:10722000FFFFFFFFFFFFFFFFFFFFFFFFFFFFFFFF6E
:10723000FFFFFFFFFFFF19011B011D011F012101BE
:10724000230125012701FFFF29012B012D012F011A
:1072500031013301FFFF3501370139013B013D01A8
:107260003F014101FFFF430145014701FFFF490184
:10727000FFFFFFFFFFFF4B014D014F015101530184
:1072800055015701FFFF5901FFFFFFFFFFFFFFFF00
:107290005B01FFFFFFFFFFFF5D015F01FFFFFFFFDE
:1072A000FFFFFFFFFFFFFFFFFFFFFFFFFFFFFFFFEE
:1072B000FFFFFFFFFFFFFFFFFFFFFFFFFFFFFFFFDE
:1072C000FFFFFFFFFFFFFFFF62016401660168012E
:1072D0006A016C016E017001FFFF72017401FFFF12
:1072E000760178017A01FFFF7C017E018001820135
:1072F000FFFF8401860188018A018C01FFFF8E0156
:10730000FFFF900192019401960198019A019C015E
:107310009E01A001A201A401A601A801FFFFAA01EC
:10732000AC01FFFFFFFFFFFFFFFFFFFFFFFFFFFFBE
:10733000FFFFFFFFFFFFFFFFFFFFFFFFFFFFFFFF5D
:10734000FFFFFFFFFFFFFFFFFFFFFFFFFFFFFFFF4D
:10735000FFFFFFFFFFFFFFFFFFFFFFFFFFFFFFFF3D
:10736000FFFFAF01B101B301B501B701B901BB0125
:10737000BD01FFFFBF01C101C301C501C701C901B3
:10738000FFFFCB01CD01CF01D101D301D501D70141
:10739000FFFFD901DB01DD01DF01E101E301FFFFB7
:1073A000E501E701E901EB01FFFFED01EF01F1016B
:1073B000FFFFF301FFFFFFFFFFFFF501FFFFF701F5
:1073C000F901FFFFFB01FD01FFFFFFFFFFFFFFFFD3
:1073D000FFFFFFFFFFFFFFFFFFFFFFFFFFFFFFFFBD
:1073E000FFFFFFFFFFFFFFFFFFFFFFFFFFFFFFFFAD
:1073F000FFFFFFFFFFFFFFFFFFFFFFFFFFFFFFFF9D
:10740000FFFFFFFF000202020402060208020A0256
:107410000C020E02FFFF10021202FFFF14021602FE
:107420001802FFFF1A021C021E0220022202FFFFA6
:10743000FFFF240226022802FFFFFFFFFFFF2A02B0
:107440002C02FFFF2E02FFFF30023202340236020E
:107450003802FFFF3A02FFFFFFFFFFFFFFFFFFFFC2
:10746000FFFFFFFFFFFFFFFFFFFFFFFFFFFFFFFF2C
:10747000FFFFFFFFFFFFFFFFFFFFFFFFFFFF3D02DB
:107480003F0241024302450247024902FFFF4B020D
:107490004D024F0251025302550257025902FFFF9B
:1074A0005B025D025F026102FFFF63026502670229
:1074B00069026B026D026F02FFFFFFFF7102730230
:1074C0007502770279027B02FFFF7D027F02FFFFD8
:1074D000FFFF810283028502870289028B02FFFF80
:1074E000FFFF8D02FFFFFFFFFFFFFFFFFFFFFFFF1B
:1074F000FFFFFFFFFFFFFFFFFFFFFFFFFFFFFFFF9C
:10750000FFFFFFFFFFFFFFFFFFFFFFFFFFFFFFFF8B
:10751000FFFFFFFFFFFFFFFFFFFFFFFFFFFFFFFF7B
:10752000FFFFFFFF900292029402960298029A02D5
:107530009C02FFFF9E02A002A202FFFFA402A6027D
:10754000A802AA02FFFFAC02FFFFAE02B002FFFFDB
:10755000FFFFB202B402FFFFB602B802BA02BC02D9
:10756000BE02FFFFFFFFC002FFFFC202C402FFFF17
:10757000C602FFFFFFFFFFFFFFFFFFFFFFFFFFFF51
:10758000FFFFFFFFFFFFFFFFFFFFFFFFFFFFFFFF0B
:10759000FFFFFFFFFFFFC902CB02CD02CF02D102E6
:1075A000D302D502FFFFD702D902FFFFDB02DD02C3
:1075B000DF02E102E302FFFFE502E702E902EB027C
:1075C000ED02EF02F102F302F502F702FFFFFFFF07
:1075D000F902FFFFFB02FD02FFFFFFFFFF02FFFFBB
:1075E000FFFF010303030503FFFF070309030B0369
:1075F0000D03FFFFFFFFFFFFFFFFFFFFFFFFFFFF89
:10760000FFFFFFFFFFFFFFFFFFFFFFFFFFFFFFFF8A
:10761000FFFFFFFFFFFFFFFFFFFFFFFFFFFFFFFF7A
:10762000FFFFFFFF100312031403160318031A03CE
:107630001C031E03200322032403260328032A031A
:107640002C03FFFFFFFF2E033003FFFF3203FFFF7A
:107650003403360338033A033C033E03400342033A
:107660004403FFFFFFFF46034803FFFFFFFFFFFF49
:10767000FFFFFFFFFFFFFFFFFFFFFFFF4A034C037A
:107680004E03FFFF5003FFFFFFFF5203FFFF5403B2
:107690005603FFFFFFFFFFFFFFFFFFFFFFFFFFFF9F
:1076A000FFFFFFFFFFFFFFFFFFFFFFFFFFFFFFFFEA
:1076B000FFFFFFFFFFFF59035B035D035F036103F0
:1076C0006303650367036903FFFFFFFF6B036D033C
:1076D0006F03FFFF71037303750377037903FFFFE4
:1076E0007B037D03FFFF7F03810383038503FFFF8C
:1076F000870389038B038D03FFFFFFFFFFFFFFFF5E
:10770000FFFF8F0391039303FFFFFFFFFFFFFFFFC7
:10771000FFFFFFFFFFFFFFFFFFFFFFFFFFFFFFFF79
:10772000FFFFFFFFFFFFFFFFFFFFFFFFFFFFFFFF69
:10773000960398039A039C039E03A003A203A40349
:10774000A603FFFFFFFFA803AA03AC03FFFFAE03DE
:10775000B003B203B403FFFFB603B803BA03FFFFDD
:10776000BC03BE03C003C203FFFFC403C603C803B8
:10777000CA03FFFFFFFFFFFFFFFFFFFFFFFFCC0379
:10778000CE03FFFFFFFFFFFFFFFFFFFFFFFFFFFF36
:10779000FFFFFFFFFFFFFFFFFFFFFFFFFFFFFFFFF9
:1077A000FFFFFFFFFFFFD103D303D503D703D903A7
:1077B000DB03DD03DF03E103FFFFFFFFE303E5037B
:1077C000E703E903EB03ED03FFFFFFFFEF03F10323
:1077D000F303F503F703F903FB03FD03FF030104C0
:1077E00003040504070409040B040D040F04110429
:1077F0001304FFFFFFFFFFFFFFFFFFFF1504FFFF65
:10780000FFFFFFFFFFFFFFFFFFFFFFFFFFFFFFFF88
:10781000FFFFFFFFFFFFFFFFFFFFFFFFFFFFFFFF78
:10782000FFFFFFFFFFFFFFFFFFFFFFFFFFFFFFFF68
:10783000FFFFFFFF18041A041C041E042004220486
:1078400024042604FFFF28042A042C042E043004F8
:10785000FFFFFFFF32043404360438043A043C04CA
:10786000FFFF3E04400442044404FFFF4604480472
:107870004A044C044E04FFFFFFFF50045204FFFF74
:10788000FFFFFFFFFFFFFFFF5404560458045A0494
:10789000FFFFFFFFFFFFFFFFFFFFFFFFFFFFFFFFF8
:1078A000FFFFFFFFFFFFFFFFFFFFFFFFFFFFFFFFE8
:1078B000FFFFFFFFFFFFFFFFFFFFFFFFFFFF5D0475
:1078C0005F04610463046504670469046B046D0468
:1078D0006F0471047304750477047904FFFFFFFFDC
:1078E0007B047D04FFFFFFFFFFFF7F04810483040F
:1078F0008504FFFF87048904FFFF8B048D04FFFFCD
:107900008F049104FFFFFFFF9304FFFFFFFF950427
:10791000FFFFFFFFFFFFFFFFFFFFFFFFFFFFFFFF77
:10792000FFFFFFFFFFFFFFFFFFFFFFFFFFFFFFFF67
:10793000FFFFFFFF98049A049C049E04A004A20485
:10794000A404A604A804FFFFFFFFAA04AC04FFFFE1
:10795000AE04B004B204FFFFFFFFB404B604B804E1
:10796000BA04BC04BE04C004FFFFC204C404C604BD
:10797000C804CA04CC04CE04D004D204D404D6046F
:10798000FFFFFFFFFFFFFFFFFFFFFFFFFFFFFFFF07
:10799000FFFFFFFFFFFFFFFFFFFFFFFFFFFFFFFFF7
:1079A000FFFFFFFFFFFFFFFFFFFFFFFFFFFFFFFFE7
:1079B000FFFFFFFFFFFFD904DB04DD04DF04E10468
:1079C000E304E504E704E904EB04ED04EF04F10447
:1079D000F304F504FFFFFFFFF704F904FFFFFB04C6
:1079E000FFFFFD04FF040105FFFF03050505070573
:1079F000FFFF09050B050D05FFFFFFFFFFFFFFFF61
:107A0000FFFFFFFF0F05FFFFFFFF1105FFFFFFFF58
:107A1000FFFFFFFFFFFF1305FFFFFFFFFFFFFFFF5C
:107A2000FFFFFFFFFFFFFFFFFFFFFFFFFFFFFFFF66
:107A3000160518051A051C051E0520052205240536
:107A4000260528052A05FFFF2C052E053005FFFF1A
:107A5000FFFF32053405360538053A053C05FFFFC2
:107A6000FFFF3E054005420544054605FFFFFFFFB9
:107A7000FFFF48054A054C054E055005FFFF52051E
:107A80005405FFFFFFFF560558055A055C055E05C6
:107A90006005FFFFFFFFFFFFFFFFFFFFFFFFFFFF8F
:107AA000FFFFFFFFFFFFFFFFFFFFFFFFFFFFFFFFE6
:107AB000FFFFFFFFFFFFFFFFFFFFFFFFFFFFFFFFD6
:107AC000FFFFFFFFFFFFFFFFFFFF63056505670582
:107AD00069056B056D05FFFF6F057105730575057C
:107AE000770579057B057D057F058105FFFF83050A
:107AF000FFFF8505FFFF87058905FFFFFFFFFFFFEC
:107B0000FFFFFFFF8B058D058F0591059305FFFF97
:107B1000FFFFFFFF9505FFFF97059905FFFFFFFF9B
:107B2000FFFFFFFFFFFFFFFFFFFFFFFFFFFFFFFF65
:107B3000FFFFFFFFFFFFFFFFFFFFFFFF9C059E050D
:107B4000A005A205A405A605A805AA05AC05FFFF8A
:107B5000AE05B005B205B405B605B805BA05FFFF18
:107B6000FFFFBC05FFFFFFFFFFFFBE05C005FFFFD6
:107B7000FFFFC205FFFFFFFFFFFFC405C605FFFFB4
:107B8000FFFFFFFFFFFFC805FFFFFFFFFFFFFFFF36
:107B9000FFFFFFFFFFFFFFFFFFFFCB05CD05CF0579
:107BA000D105D305D505D705D905DB05FFFFFFFFB7
:107BB000DD05DF05E105E305E505E705E905EB057D
:107BC000ED05EF05FFFFF105F305F505F705F905EF
:107BD000FB05FFFFFD05FF05010603060506FFFF88
:107BE000FFFFFFFFFFFFFFFF070609060B060D065D
:107BF0000F06FFFF1106FFFF13061506FFFFFFFF2D
:107C0000FFFFFFFFFFFFFFFFFFFFFFFFFFFFFFFF84
:107C1000FFFFFFFFFFFFFFFFFFFFFFFFFFFFFFFF74
:107C2000FFFFFFFFFFFFFFFFFFFFFFFFFFFFFFFF64
:107C3000FFFFFFFF18061A061C061E06FFFF2006A0
:107C400022062406260628062A062C062E06FFFFF4
:107C5000FFFFFFFFFFFFFFFF300632063406FFFF86
:107C60003606FFFF38063A063C063E064006420648
:107C700044064606FFFF4806FFFFFFFFFFFFFFFF2A
:107C8000FFFFFFFFFFFFFFFFFFFFFFFFFFFFFFFF04
:107C9000FFFFFFFFFFFFFFFFFFFF4B064D064F06F5
:107CA000510653065506570659065B065D06FFFF4B
:107CB000FFFFFFFF5F066106630665066706FFFFBD
:107CC000FFFFFFFF6906FFFFFFFFFFFF6B066D066B
:107CD0006F067106FFFF7306FFFF7506FFFFFFFFCC
:107CE000FFFFFFFFFFFFFFFFFFFFFFFFFFFFFFFFA4
:107CF000FFFFFFFF78067A067C067E06FFFF800600
:107D000082068406FFFF860688068A068C06FFFF29
:107D1000FFFFFFFF8E06900692069406FFFFFFFF0F
:107D2000960698069A069C069E06A006A206A4063B
:107D3000A606FFFFA806FFFFFFFFFFFFFFFFFFFFF5
:107D4000FFFFFFFFFFFFFFFFFFFFFFFFFFFFFFFF43
:107D5000FFFFFFFFFFFFFFFFFFFFAB06AD06AF0614
:107D6000FFFFFFFFB106B306B506B706B906BB06AF
:107D7000FFFFBD06BF06C106FFFFC306C506C70657
:107D8000C906CB06CD06CF06D106D306D506FFFF22
:107D9000FFFFD706FFFFFFFFFFFFFFFFFFFFFFFF14
:107DA000FFFFFFFFFFFFFFFFFFFFFFFFFFFFFFFFE3
:107DB000FFFFFFFFFFFFFFFFDA06DC06DE06FFFF27
:107DC000E006E206E406E606E806EA06FFFFEC0641
:107DD000EE06FFFFFFFFFFFFFFFFF006F206F406CF
:107DE000FFFFF606F806FFFFFFFFFFFFFFFFFFFFA5
:107DF000FFFFFA06FC06FE060007FFFFFFFFFFFF7E
:107E0000FFFFFFFFFFFFFFFFFFFF03070507070758
:107E100009070B070D070F0711071307FFFFFFFFE8
:107E20001507170719071B071D07FFFFFFFFFFFFB8
:107E30001F07210723072507270729072B072D07DA
:107E40002F07FFFF31073307FFFF3507FFFF370716
:107E500039073B073D073F074107430745074707EA
:107E6000FFFFFFFFFFFFFFFFFFFFFFFFFFFFFFFF22
:107E7000FFFFFFFFFFFFFFFFFFFFFFFFFFFFFFFF12
:107E8000FFFFFFFFFFFFFFFFFFFFFFFFFFFFFFFF02
:107E9000FFFFFFFFFFFFFFFF4A074C074E0750079A
:107EA0005207FFFFFFFF54075607FFFFFFFFFFFFCB
:107EB000FFFF58075A07FFFF5C075E076007FFFFD9
:107EC000FFFFFFFFFFFFFFFFFFFF63076507670778
:107ED00069076B076D076F077107730775077707EA
:107EE00079077B077D077F07810783078507FFFFEA
:107EF000870789078B078D07FFFF8F079107930778
:107F0000FFFF9507FFFFFFFF9707FFFF99079B07FD
:107F1000FFFFFFFFFFFFFFFFFFFFFFFF9D079F0723
:107F2000A107A307A507A707A907AB07AD07AF07D9
:107F3000FFFFB107FFFFFFFFFFFFFFFFFFFFFFFF97
:107F4000FFFFFFFFFFFFFFFFFFFFFFFFFFFFFFFF41
:107F5000FFFFFFFFFFFFFFFFFFFFFFFFFFFFFFFF31
:107F6000FFFFFFFFFFFFFFFFFFFFFFFFB407B607A5
:107F7000B807BA07BC07FFFFFFFFBE07FFFFFFFF01
:107F8000FFFFC007C207C407FFFFC607C807FFFF00
:107F9000FFFFFFFFFFFFFFFFFFFFCB07CD07CF076F
:107FA000D107FFFFD307D507D707D907DB07DD07C1
:107FB000DF07E107FFFFFFFFFFFFFFFFFFFFE30713
:107FC000E507E707E907EB07ED07EF07F107F30719
:107FD000FFFFFFFFF507FFFFF707F907FFFFFFFFB1
:107FE000FB07FD07FF070108FFFFFFFFFFFFFFFF84
:107FF000FFFFFFFFFFFFFFFFFFFFFFFFFFFFFFFF91
:10800000FFFFFFFFFFFFFFFFFFFFFFFF0408060862
:108010000808FFFFFFFF0A080C080E08FFFF100802
:1080200012081408160818081A081C081E08FFFF72
:10803000FFFFFFFFFFFFFFFF20082208240826089C
:108040002808FFFFFFFFFFFFFFFFFFFFFFFFFFFF0E
:10805000FFFFFFFFFFFFFFFFFFFF2B082D082F088B
:1080600031083308FFFFFFFF3508FFFFFFFFFFFF69
:108070003708FFFF39083B08FFFFFFFFFFFFFFFF47
:108080003E0840084208FFFFFFFF44084608480832
:108090004A084C084E0850085208FFFFFFFFFFFF38
:1080A000FFFF54085608FFFFFFFFFFFFFFFF5808C0
:1080B0005A085C085E08FFFFFFFFFFFFFFFFFFFF9E
:1080C000FFFFFFFFFFFF6108630865086708690895
:1080D000FFFFFFFF6B086D086F08710873087508D4
:1080E000770879087B087D08FFFF7F088108FFFF7C
:1080F00083088508FFFFFFFF870889088B088D0824
:108100008F089108FFFFFFFFFFFFFFFFFFFFFFFF4B
:10811000FFFFFFFFFFFFFFFFFFFFFFFFFFFFFFFF6F
:10812000FFFFFFFFFFFFFFFFFFFFFFFF9408960821
:1081300098089A08FFFF9C089E08A008FFFFA20865
:10814000FFFFA408A608A808FFFFFFFFFFFFAA087B
:10815000AC08FFFFAE08FFFFFFFFFFFFB008FFFF07
:10816000FFFFB208B408FFFFFFFFFFFFFFFFFFFFA5
:10817000FFFFB708B908BB08FFFFBD08BF08C1086B
:10818000FFFFFFFFC308C508C708C908FFFFCB08EA
:10819000CD08CF08D108D308FFFFD508D708D908E4
:1081A000DB08DD08FFFFFFFFDF08FFFFFFFFFFFF2A
:1081B000FFFFFFFFFFFFFFFFFFFFFFFFFFFFFFFFCF
:1081C000FFFFFFFFFFFFFFFFE208E408E608FFFFF5
:1081D000FFFFE808EA08EC08EE08F008F208F408E7
:1081E000F608F808FA08FC08FE0800090209040964
:1081F000FFFF060908090A09FFFF0C090E0910090B
:1082000012091409FFFF160918091A091C09FFFFB2
:10821000FFFFFFFFFFFFFFFFFFFFFFFFFFFFFFFF6E
:10822000FFFFFFFFFFFFFFFFFFFFFFFFFFFFFFFF5E
:10823000FFFFFFFFFFFFFFFFFFFFFFFFFFFFFFFF4E
:10824000FFFF1F0921092309FFFFFFFF2509270958
:1082500029092B092D092F093109FFFF3309FFFFD8
:108260003509FFFF370939093B09FFFFFFFFFFFF12
:108270003D093F094109430945094709FFFFFFFF40
:10828000FFFFFFFFFFFFFFFFFFFFFFFFFFFFFFFFFE
:10829000FFFFFFFFFFFFFFFF4A094C094E0950098E
:1082A0005209FFFFFFFF54095609FFFFFFFF58095E
:1082B0005A095C095E09FFFF6009FFFFFFFF6209C1
:1082C000640966096809FFFFFFFFFFFFFFFFFFFF6B
:1082D000FFFFFFFFFFFFFFFFFFFF6B096D096F0946
:1082E0007109730975097709FFFF79097B097D0910
:1082F0007F098109FFFFFFFF830985098709890934
:108300008B098D098F099109930995099709990995
:10831000FFFFFFFF9B09FFFFFFFFFFFFFFFF9D091F
:10832000FFFF9F09A109A309A509FFFFA709FFFFF7
:10833000FFFFFFFFFFFFFFFFFFFFFFFFFFFFFFFF4D
:10834000FFFFFFFFFFFFFFFFFFFFFFFFFFFFFFFF3D
:10835000FFFFFFFFFFFFFFFFAA09AC09FFFFAE0908
:10836000B009B209FFFFB409B609FFFFFFFFB80962
:10837000FFFFBA09BC09FFFFBE09C009C209C40951
:10838000C609FFFFFFFFFFFFFFFFFFFFFFFFFFFF2C
:10839000FFFFFFFFFFFFC909CB09CD09FFFFFFFF6B
:1083A000CF09D109D309FFFFD509D709D909FFFFA3
:1083B000FFFFFFFFFFFFDB09FFFFFFFFDD09DF0915
:1083C000FFFFFFFFFFFFFFFFE209E409E609E809FD
:1083D000EA09FFFFFFFFEC09FFFFFFFFFFFFEE09C8
:1083E000F009F209F409F609F809FFFFFFFFFFFFA2
:1083F000FFFFFFFFFFFFFFFFFFFFFB09FD09FF0975
:10840000FFFFFFFF010A030A050A070AFFFF090A27
:108410000B0A0D0A0F0A110A130A150A170A190A7C
:108420001B0A1D0AFFFFFFFF1F0AFFFF210A230A85
:10843000FFFF250AFFFFFFFFFFFFFFFFFFFFFFFF1B
:10844000FFFFFFFFFFFFFFFFFFFFFFFFFFFFFFFF3C
:10845000FFFFFFFF280A2A0A2C0AFFFFFFFFFFFF8A
:108460002E0A300A320A340A360AFFFFFFFF380AA2
:108470003A0AFFFFFFFFFFFFFFFFFFFFFFFF3D0A7D
:108480003F0A410AFFFFFFFF430A450A470AFFFF71
:10849000490A4B0A4D0AFFFF4F0A510A530A550A6F
:1084A000FFFFFFFF570AFFFF590A5B0A5D0A5F0AD9
:1084B000610A630AFFFFFFFFFFFFFFFFFFFFFFFFF0
:1084C000FFFFFFFFFFFFFFFFFFFFFFFFFFFFFFFFBC
:1084D000660A680A6A0A6C0A6E0AFFFF700A720A64
:1084E000FFFFFFFFFFFF740A760A780AFFFF7A0A90
:1084F0007C0A7E0A800A820AFFFF840A860A880AAA
:108500008A0A8C0A8E0AFFFFFFFFFFFFFFFFFFFFB3
:10851000FFFFFFFFFFFFFFFFFFFFFFFFFFFFFFFF6B
:10852000FFFFFFFFFFFF910A930A950A970A990A36
:108530009B0A9D0AFFFFFFFFFFFFFFFF9F0AA10AA3
:10854000A30AA50AA70AA90AAB0AAD0AFFFFAF0A48
:10855000B10AB30AB50AB70AB90ABB0ABD0ABF0A0B
:10856000C10AFFFFFFFFC30AFFFFFFFFFFFFC50AAE
:10857000FFFFFFFFFFFFFFFFFFFFFFFFFFFFFFFF0B
:10858000FFFFFFFFFFFFFFFFFFFFFFFFFFFFFFFFFB
:10859000FFFFFFFFC80ACA0AFFFFCC0ACE0AD00AB3
:1085A000D20AD40AD60AD80ADA0ADC0ADE0AE00AB3
:1085B000E20AE40AE60AE80AFFFFEA0AEC0AEE0A1F
:1085C000F00AF20AF40AF60AF80AFA0AFC0AFFFFAD
:1085D000FFFFFE0A000BFFFFFFFFFFFFFFFFFFFF94
:1085E000FFFFFFFFFFFFFFFFFFFFFFFFFFFFFFFF9B
:1085F000FFFFFFFFFFFFFFFFFFFFFFFFFFFFFFFF8B
:10860000FFFFFFFFFFFFFFFFFFFF030B050B070B44
:10861000FFFFFFFF090B0B0B0D0B0F0BFFFF110BE8
:10862000130B150B170B190B1B0B1D0B1F0B210B22
:10863000230B250BFFFFFFFF270BFFFF290B2B0B46
:10864000FFFFFFFFFFFFFFFFFFFFFFFFFFFFFFFF3A
:10865000FFFFFFFFFFFFFFFFFFFFFFFFFFFFFFFF2A
:108660002E0B300B320BFFFFFFFF340B360B380B9A
:108670003A0BFFFF3C0BFFFFFFFFFFFFFFFF3E0B2F
:10868000400BFFFFFFFF420B440BFFFFFFFFFFFF0D
:10869000FFFF470BFFFF490B4B0B4D0B4F0B510BD4
:1086A000FFFFFFFF530B550B570B590B5B0BFFFFE6
:1086B0005D0B5F0B610B630B650B670BFFFFFFFF30
:1086C000FFFFFFFFFFFFFFFFFFFFFFFFFFFFFFFFBA
:1086D000FFFFFFFFFFFFFFFF6A0B6C0B6E0BFFFF3F
:1086E000FFFF700B720B740B760BFFFFFFFF780B15
:1086F0007A0B7C0B7E0BFFFFFFFF800BFFFF820BD3
:10870000840B860B880BFFFFFFFFFFFFFFFFFFFFC0
:10871000FFFFFFFFFFFFFFFFFFFF8B0B8D0B8F0B9B
:10872000910B930B950B970B990B9B0BFFFF9D0BDD
:108730009F0BA10BFFFFFFFFA30BA50BFFFFFFFF8D
:10874000A70BFFFFA90BAB0BAD0BAF0BB10BB30B23
:10875000FFFFB50BFFFFFFFFFFFFB70BFFFFB90BDD
:10876000BB0BBD0BBF0BC10BFFFFFFFFFFFFFFFFED
:10877000FFFFFFFFFFFFFFFFFFFFFFFFFFFFFFFF09
:10878000FFFFFFFFFFFFFFFFFFFFFFFFC40BC60B55
:10879000C80BFFFFFFFFCA0BFFFFFFFFCC0BCE0B89
:1087A000D00BD20BD40BFFFFFFFFFFFFFFFFFFFF3C
:1087B000FFFFD70BD90BDB0BFFFFFFFFDD0BDF0B41
:1087C000E10BFFFFE30BE50BFFFFE70BE90BEB0B07
:1087D000ED0BEF0BFFFFFFFFF10BFFFFF30BF50BB3
:1087E000F70BF90BFB0BFD0BFFFFFFFFFFFFFFFF7D
:1087F000FFFFFFFFFFFFFFFFFFFFFFFFFFFFFFFF89
:10880000FFFFFFFF000C020C040C060C080CFFFF1E
:10881000FFFFFFFFFFFF0A0C0C0C0E0C100C120CDC
:10882000140CFFFFFFFF160C180C1A0C1C0C1E0C6E
:10883000FFFFFFFFFFFFFFFFFFFFFFFFFFFFFFFF48
:10884000FFFFFFFFFFFF210C230C250C270C290C39
:10885000FFFFFFFF2B0C2D0C2F0C310CFFFF330CF7
:10886000FFFF350C370C390CFFFFFFFF3B0C3D0CB5
:108870003F0C410CFFFFFFFFFFFFFFFFFFFFFFFF6C
:10888000FFFFFFFFFFFFFFFFFFFFFFFF440C460C52
:10889000480CFFFFFFFF4A0C4C0C4E0CFFFF500C26
:1088A000520CFFFF540CFFFFFFFF560C580CFFFF4C
:1088B000FFFF5A0C5C0CFFFF5E0CFFFFFFFFFFFF8A
:1088C000FFFFFFFFFFFF610C630CFFFF650C670CF0
:1088D000690CFFFF6B0C6D0CFFFFFFFF6F0C710C41
:1088E000730C750CFFFF770C790C7B0CFFFFFFFFFF
:1088F000FFFFFFFFFFFFFFFFFFFFFFFFFFFFFFFF88
:108900007E0C800C820CFFFFFFFF840C860C880C11
:108910008A0C8C0C8E0C900C920CFFFF940C960C15
:10892000980CFFFFFFFF9A0C9C0CFFFFFFFFFFFF5F
:10893000FFFF9E0CA00CFFFFA20CFFFFFFFFFFFF3D
:10894000FFFFFFFFFFFFFFFFFFFFFFFFFFFFA50C84
:10895000A70CA90CAB0CAD0CFFFFFFFFFFFFFFFF47
:10896000AF0CB10CB30CFFFFB50CB70CB90CBB0CC2
:10897000BD0CBF0CC10CC30CFFFFFFFFFFFFFFFFCF
:10898000FFFFFFFFFFFFFFFFFFFFFFFFFFFFFFFFF7
:10899000C60CFFFFC80CCA0CFFFFCC0CCE0CD00CD1
:1089A000D20CD40CD60CD80CDA0CDC0CDE0CE00C9F
:1089B000E20CFFFFE40CFFFFFFFFFFFFFFFFFFFFE5
:1089C000FFFFFFFFFFFFFFFFFFFFFFFFFFFFFFFFB7
:1089D000FFFFE70CE90CEB0CED0CEF0CFFFFFFFFCA
:1089E000F10CF30CF50CF70CF90CFB0CFD0CFFFF74
:1089F000FFFFFFFFFF0C010D030DFFFF050D070D2E
:108A0000090D0B0DFFFFFFFFFFFFFFFFFFFFFFFF44
:108A1000FFFFFFFFFFFFFFFFFFFFFFFFFFFFFFFF66
:108A20000E0D100D120D140D160DFFFF180DFFFF8A
:108A3000FFFFFFFFFFFF1A0D1C0D1E0D200D220D65
:108A4000240DFFFF260D280D2A0D2C0DFFFF2E0DE6
:108A5000300DFFFFFFFFFFFFFFFFFFFFFFFFFFFFE7
:108A6000FFFFFFFFFFFFFFFFFFFF330D350D370D4A
:108A7000FFFFFFFF390D3B0D3D0DFFFFFFFFFFFF28
:108A80003F0D410DFFFF430D450D470DFFFFFFFF5C
:108A9000FFFFFFFFFFFFFFFF4A0D4C0D4E0D500D76
:108AA000FFFFFFFF520DFFFFFFFF540D560DFFFFAD
:108AB000FFFF580D5A0D5C0D5E0D600D620DFFFF3E
:108AC000FFFFFFFFFFFFFFFFFFFFFFFFFFFF650D42
:108AD000670D690DFFFFFFFF6B0D6D0D6F0D710DC4
:108AE000730D750D770D790D7B0D7D0D7F0D810D4E
:108AF000830DFFFF850DFFFF870D890DFFFFFFFF32
:108B00008B0DFFFFFFFFFFFFFFFFFFFFFFFFFFFFDB
:108B1000FFFFFFFFFFFFFFFFFFFFFFFFFFFFFFFF65
:108B20008E0D900D920D940D960D980D9A0D9C0D35
:108B30009E0DA00DA20DA40DA60DFFFFA80DAA0D60
:108B4000AC0DFFFFFFFFFFFFFFFFFFFFFFFFAE0DBD
:108B5000B00DB20DB40DFFFFFFFFB60DFFFFB80D56
:108B6000BA0DFFFFFFFFFFFFFFFFFFFFBC0DFFFF81
:108B7000BE0DFFFFFFFFFFFFFFFFFFFFFFFFFFFF38
:108B8000FFFFFFFFFFFFC10DC30DC50DFFFFFFFF7F
:108B9000C70DFFFFC90DFFFFCB0DCD0DCF0DD10DC3
:108BA000D30DD50DFFFFFFFFFFFFFFFFFFFFFFFF0F
:108BB000FFFFFFFFD80DDA0DDC0DFFFFDE0DE00D2E
:108BC000E20DFFFFFFFFE40DE60DE80DEA0DFFFFEC
:108BD000EC0DEE0DF00DF20DF40DF60DF80DFFFF9E
:108BE000FA0DFC0DFE0DFFFF000EFFFF020E040E3E
:108BF000060E080E0A0E0C0E0E0EFFFFFFFFFFFF03
:108C0000FFFFFFFFFFFFFFFFFFFFFFFFFFFFFFFF74
:108C1000FFFFFFFFFFFFFFFFFFFFFFFFFFFFFFFF64
:108C2000FFFFFFFFFFFF110E130EFFFF150E170EC4
:108C3000190E1B0E1D0E1F0E210E230E250E270EC4
:108C4000FFFF290E2B0E2D0E2F0E310EFFFFFFFF03
:108C5000330E350EFFFFFFFFFFFFFFFFFFFFFFFF9C
:108C6000370EFFFFFFFFFFFFFFFFFFFFFFFFFFFFCD
:108C7000FFFFFFFFFFFFFFFF3A0E3C0E3E0E400ED0
:108C8000420E440E460E480E4A0E4C0E4E0EFFFF8C
:108C9000FFFFFFFF500E520E540E560EFFFF580EF0
:108CA0005A0EFFFF5C0EFFFFFFFFFFFF5E0EFFFF90
:108CB000600EFFFFFFFF620E640EFFFFFFFF660EF8
:108CC000680EFFFFFFFFFFFFFFFFFFFFFFFFFFFF3C
:108CD000FFFFFFFFFFFFFFFFFFFF6B0E6D0E6F0E2D
:108CE000FFFFFFFF710EFFFF730E750E770EFFFF84
:108CF000790E7B0E7D0E7F0EFFFFFFFF810E830E30
:108D0000FFFFFFFFFFFFFFFFFFFFFFFFFFFFFFFF73
:108D1000860E880E8A0E8C0EFFFF8E0E900EFFFFC1
:108D2000920E940E960E980E9A0EFFFFFFFF9C0E69
:108D30009E0EFFFFFFFFA00EA20EA40EA60EFFFFC9
:108D4000FFFFFFFFFFFFFFFFFFFFA80EFFFFAA0EC1
:108D5000AC0EAE0EB00EFFFFFFFFFFFFFFFFFFFFE9
:108D6000FFFFFFFFFFFFFFFFFFFFB30EFFFFB50E8B
:108D7000B70EB90EBB0EFFFFBD0EBF0EFFFFFFFF0C
:108D8000C10EFFFFC30EC50EFFFFC70EFFFFFFFFA3
:108D9000C90ECB0EFFFFFFFFFFFFFFFFFFFFFFFF2F
:108DA000CE0ED00ED20ED40ED60ED80EFFFFDA0E97
:108DB000DC0EDE0EFFFFE00EE20EFFFFE40EFFFF13
:108DC000E60EE80EEA0EEC0EEE0EF00EF20EFFFFCF
:108DD000FFFFFFFFFFFFF40EFFFFFFFFFFFFFFFF9F
:108DE000F60EFFFFF80EFA0EFC0EFE0E000FFFFF50
:108DF000FFFFFFFFFFFFFFFFFFFFFFFFFFFFFFFF83
:108E0000FFFFFFFFFFFFFFFFFFFF030FFFFF050F48
:108E1000070F090F0B0FFFFF0D0F0F0FFFFFFFFFD6
:108E2000FFFFFFFF110F130F150F170F190F1B0F68
:108E3000FFFFFFFFFFFFFFFFFFFFFFFFFFFFFFFF42
:108E40001E0F200F220FFFFF240F260F280FFFFFFA
:108E5000FFFF2A0FFFFF2C0F2E0FFFFFFFFFFFFF6B
:108E6000300F320F340FFFFFFFFF360FFFFF380FB9
:108E70003A0FFFFFFFFFFFFFFFFFFFFFFFFF3D0F69
:108E80003F0FFFFF410F430F450F470F490F4B0F98
:108E90004D0F4F0FFFFFFFFF510F530F550F570F90
:108EA000590F5B0FFFFF5D0F5F0F610FFFFFFFFFAC
:108EB000630F650F670F690FFFFFFFFFFFFFFFFFE6
:108EC000FFFFFFFFFFFFFFFFFFFFFFFFFFFFFFFFB2
:108ED000FFFFFFFFFFFFFFFFFFFFFFFF6C0F6E0FA6
:108EE000FFFF700F720FFFFFFFFF740F760F780FF9
:108EF0007A0F7C0F7E0F800F820F840F860F880FF2
:108F00008A0F8C0FFFFFFFFFFFFFFFFFFFFFFFFF39
:108F1000FFFFFFFFFFFFFFFFFFFFFFFFFFFFFFFF61
:108F2000FFFF8F0F910F930F950F970F990F9B0FC7
:108F30009D0F9F0FFFFFA10FA30FA50FFFFFFFFFC7
:108F4000A70FFFFFA90FAB0FFFFFAD0FFFFFFFFF45
:108F5000FFFFFFFFFFFFAF0FB10FB30FB50FB70F4D
:108F6000FFFFFFFFFFFFFFFFFFFFFFFFFFFFFFFF11
:108F7000FFFFFFFFFFFFFFFFBA0FBC0FBE0FC00FC9
:108F8000FFFFC20FC40FC60FFFFFC80FFFFFCA0FBE
:108F9000CC0FFFFFFFFFFFFFFFFFCE0FD00FFFFF44
:108FA000FFFFD20FD40FD60FD80FFFFFFFFFFFFF39
:108FB000FFFFFFFFFFFFFFFFFFFFDB0FFFFFDD0FE7
:108FC000DF0FFFFFE10FE30FE50FE70FFFFFFFFFED
:108FD000E90FFFFFEB0FED0FFFFFFFFFFFFFFFFFAD
:108FE000FFFFFFFFF00FFFFFF20FF40FF60FF80F78
:108FF000FA0FFC0FFE0F001002100410FFFF061006
:109000000810FFFFFFFF0A100C100E101010FFFFDA
:10901000FFFFFFFFFFFFFFFFFFFFFFFFFFFFFFFF60
:10902000FFFFFFFFFFFFFFFFFFFF131015101710DB
:109030001910FFFF1B101D10FFFFFFFF1F10FFFF88
:1090400021102310FFFFFFFFFFFF2510271029101D
:10905000FFFF2B10FFFF2D102F103110FFFFFFFF20
:10906000FFFFFFFFFFFFFFFFFFFFFFFF3410361082
:109070003810FFFF3A103C103E10FFFFFFFF40107A
:10908000421044104610FFFF48104A104C104E107A
:1090900050105210FFFFFFFF541056105810FFFFE2
:1090A0005A105C105E1060106210FFFFFFFFFFFFA0
:1090B000FFFFFFFFFFFFFFFFFFFFFFFFFFFFFFFFC0
:1090C000FFFFFFFFFFFFFFFFFFFFFFFFFFFF651039
:1090D000671069106B106D106F10711073107510A0
:1090E00077107910FFFFFFFFFFFFFFFF7B107D1060
:1090F0007F10FFFF81108310FFFF8510FFFF871097
:10910000FFFF8910FFFFFFFF8B108D108F10FFFFF7
:109110009110FFFFFFFFFFFFFFFFFFFFFFFFFFFFBC
:10912000FFFFFFFFFFFFFFFFFFFFFFFF9410FFFFA9
:10913000961098109A109C10FFFFFFFF9E10FFFFE3
:10914000FFFFFFFFA010FFFFA210FFFFFFFFA51012
:10915000A710A910AB10AD10AF10B110B310FFFFE6
:10916000B510B710B910BB10BD10BF10FFFFC11074
:10917000C310C510C710C910FFFFCB10CD10CF1002
:10918000FFFFFFFFD110D310FFFFD510FFFFFFFF40
:10919000D710D910DB10FFFFFFFFDD10DF10FFFF3E
:1091A000E110E310FFFFE510FFFFFFFFFFFFE710F7
:1091B000FFFFFFFFFFFFFFFFFFFFFFFFFFFFFFFFBF
:1091C000FFFFFFFFFFFFFFFFFFFFFFFFFFFFFFFFAF
:1091D000FFFFFFFFFFFFFFFFEA10EC10FFFFEE10A5
:1091E000F010F210FFFFF410F610F810FFFFFA1065
:1091F000FC10FE1000110211FFFF04110611FFFF09
:1092000008110A110C110E111011FFFFFFFFFFFFD3
:10921000FFFFFFFFFFFFFFFFFFFFFFFFFFFFFFFF5E
:10922000FFFFFFFFFFFFFFFFFFFF131115111711D6
:1092300019111B11FFFFFFFF1D11FFFF1F1121114E
:109240002311FFFF2511271129112B112D112F118A
:10925000FFFFFFFF3111FFFF3311351137113911B6
:10926000FFFFFFFFFFFFFFFFFFFFFFFFFFFFFFFF0E
:10927000FFFFFFFFFFFFFFFFFFFFFFFF3C113E115E
:109280004011421144114611FFFF4811FFFF4A11DE
:109290004C11FFFFFFFFFFFFFFFF4E115011521156
:1092A0005411FFFF56115811FFFF5A115C115E1146
:1092B000FFFFFFFFFFFFFFFFFFFFFFFFFFFFFFFFBE
:1092C000FFFFFFFFFFFF6111631165116711691156
:1092D0006B116D11FFFFFFFF6F117111731175118C
:1092E000771179117B117D11FFFFFFFF7F11FFFFC8
:1092F0008111FFFF83118511871189118B118D1148
:10930000FFFF8F11FFFF9111FFFFFFFFFFFF931181
:10931000FFFFFFFFFFFF9511FFFFFFFFFFFFFFFFB5
:10932000FFFFFFFFFFFFFFFFFFFFFFFFFFFFFFFF4D
:10933000FFFFFFFF98119A119C119E11A011A2111D
:10934000A411A611A811AA11FFFFFFFFFFFFFFFF45
:10935000FFFFAC11AE11B011FFFFB211B411FFFF4E
:10936000FFFFFFFFB611FFFFFFFFB811BA11FFFFAC
:10937000BC11FFFFFFFFFFFFFFFFFFFFFFFFFFFF2E
:10938000FFFFBF11FFFFC111C311C511FFFFFFFF99
:10939000C711C911CB11CD11CF11D111D311D511D5
:1093A000D711D911DB11DD11FFFFFFFFFFFFFFFF19
:1093B000FFFFFFFFFFFFFFFFFFFFFFFFFFFFFFFFBD
:1093C000FFFFFFFFE011FFFFE211E411E611E811DA
:1093D000EA11EC11FFFFFFFFEE11F011F211FFFF98
:1093E000FFFFFFFFFFFFF411F611FFFFFFFFFFFF7D
:1093F000FFFFFFFFFFFFF911FB11FD11FF1101122C
:10940000031205120712FFFFFFFF0912FFFFFFFF04
:109410000B120D12FFFF0F12FFFFFFFF1112FFFFD4
:1094200013121512FFFFFFFFFFFFFFFF17121912A4
:109430001B121D12FFFFFFFFFFFFFFFFFFFFFFFFDC
:10944000FFFFFFFF2012221224122612FFFF281214
:109450002A12FFFFFFFF2C12FFFF2E123012FFFF18
:10946000FFFFFFFF321234123612FFFFFFFF3812E8
:109470003A12FFFFFFFFFFFFFFFFFFFFFFFF3D125D
:10948000FFFF3F12411243124512471249124B127D
:109490004D124F12FFFF51125312FFFFFFFFFFFF4C
:1094A0005512571259125B125D125F12FFFFFFFF38
:1094B000FFFFFFFFFFFFFFFFFFFFFFFFFFFFFFFFBC
:1094C000FFFFFFFFFFFFFFFF6212641266126812C8
:1094D0006A126C126E127012FFFFFFFF721274128A
:1094E000761278127A12FFFF7C127E12FFFF801232
:1094F00082128412861288128A128C12FFFFFFFFDA
:10950000FFFFFFFFFFFF8E129012FFFFFFFFFFFF25
:10951000FFFFFFFFFFFFFFFF9212FFFFFFFFFFFFB5
:10952000FFFFFFFFFFFFFFFFFFFFFFFFFFFF9512A2
:10953000971299129B129D12FFFF9F12A112A31264
:10954000A512A712FFFFFFFFA912AB12AD12FFFF7A
:10955000AF12B112B312B512FFFFFFFFFFFFFFFF03
:10956000FFFFFFFFFFFFB712B912FFFFFFFFBB12A4
:10957000BD12BF12FFFFFFFFFFFFFFFFFFFFFFFF57
:10958000FFFFFFFFFFFFFFFFC212C412C612C81287
:10959000CA12CC12CE12FFFFD012D212D412D6129F
:1095A000D812DA12DC12DE12FFFFE012FFFFFFFF1B
:1095B000E212E412FFFFE612E812FFFFFFFFEA12D9
:1095C000EC12FFFFFFFFFFFFEE12F012FFFFFFFFA5
:1095D000FFFFF212FFFFFFFFF412FFFFFFFFF61283
:1095E000FFFFFFFFFFFFFFFFFFFFFFFFFFFFFFFF8B
:1095F000FFFFFFFFFFFFF912FB12FD12FF12FFFF3B
:1096000001130313FFFF0513071309130B130D13A6
:10961000FFFFFFFFFFFFFFFF0F1311131313FFFFE8
:10962000FFFFFFFF151317131913FFFFFFFFFFFFC6
:10963000FFFFFFFFFFFFFFFFFFFFFFFF1C131E13D6
:10964000201322132413261328132A13FFFF2C138D
:10965000FFFF2E13FFFF30133213FFFFFFFFFFFF4B
:10966000FFFF3413361338133A133C133E134013E1
:10967000421344134613FFFF48134A13FFFFFFFF33
:10968000FFFFFFFFFFFFFFFFFFFFFFFFFFFFFFFFEA
:10969000FFFFFFFFFFFFFFFFFFFFFFFFFFFF4D1378
:1096A000FFFF4F1351135313FFFFFFFF55135713C2
:1096B0005913FFFFFFFF5B13FFFFFFFF5D135F13F6
:1096C000FFFFFFFFFFFFFFFF62136413FFFF66133F
:1096D0006813FFFFFFFF6A136C13FFFFFFFF6E139A
:1096E0007013FFFFFFFF72137413FFFFFFFFFFFFF5
:1096F000FFFF771379137B13FFFFFFFF7D137F13AA
:10970000FFFFFFFF81138313851387138913FFFF67
:109710008B138D138F139113FFFFFFFFFFFFFFFFCD
:10972000FFFFFFFFFFFFFFFFFFFFFFFF94139613F5
:1097300098139A139C139E13A013FFFFA213A41354
:10974000FFFFFFFFFFFFA613A813FFFFFFFFFFFFB1
:10975000FFFFAA13FFFFAC13AE13FFFFFFFFB01311
:10976000B213B413B613FFFFFFFFFFFFFFFFFFFFAE
:10977000FFFFFFFFFFFFB913BB13FFFFBD13BF13B5
:10978000FFFFC113C313C513FFFFC713C913FFFFA7
:10979000CB13CD13FFFFFFFFCF13D113D313D5137B
:1097A000D713D913FFFFFFFFFFFFFFFFFFFFFFFFEF
:1097B000FFFFFFFFFFFFFFFFFFFFFFFFDC13DE13D5
:1097C000E013E213E413FFFFFFFFE613FFFFE813CC
:1097D000EA13EC13FFFFEE13F013F213F413F61376
:1097E000F813FFFFFFFFFA13FFFFFC13FE13001433
:1097F0000214FFFFFFFFFFFFFFFFFFFFFFFFFFFF61
:10980000FFFFFFFFFFFFFFFFFFFFFFFFFFFF05144D
:10981000FFFF071409140B14FFFFFFFF0D14FFFFD8
:109820000F14111413141514FFFF1714FFFFFFFF7B
:10983000FFFFFFFFFFFFFFFF1A141C141E1420146C
:109840002214241426142814FFFFFFFFFFFFFFFF3C
:10985000FFFF2A142C142E143014FFFFFFFF3214C4
:10986000FFFF3414FFFF36143814FFFF3A14FFFFD4
:10987000FFFFFFFFFFFFFFFFFFFFFFFFFFFF3D14A5
:109880003F14411443144514FFFFFFFF4714FFFF2B
:1098900049144B144D14FFFF4F1451145314FFFF80
:1098A00055145714FFFFFFFF59145B14FFFFFFFF10
:1098B000FFFFFFFFFFFFFFFFFFFFFFFFFFFFFFFFB8
:1098C0005E1460146214FFFFFFFF641466146814D2
:1098D000FFFF6A146C14FFFFFFFFFFFF6E1470148C
:1098E00072147414761478147A14FFFFFFFFFFFFCC
:1098F000FFFFFFFFFFFFFFFFFFFFFFFFFFFF7D14E5
:109900007F148114FFFFFFFF83148514FFFFFFFF07
:10991000871489148B148D14FFFFFFFFFFFF8F1432
:1099200091149314FFFFFFFFFFFFFFFFFFFFFFFFF7
:10993000961498149A149C149E14A014A214FFFF59
:10994000A414FFFFA614A814AA14AC14AE14FFFFAD
:10995000FFFFFFFFFFFFB014FFFFB214B414B614F3
:10996000FFFFFFFFFFFFB814BA14FFFFFFFFFFFF69
:10997000FFFFFFFFBC14FFFFFFFFFFFFFFFFFFFF25
:10998000FFFFBF14C114C314C514FFFFC714C914CB
:10999000FFFFCB14CD14CF14D114D314FFFFFFFF5E
:1099A000D514D714D914DB14DD14FFFFFFFFFFFF1C
:1099B000FFFFDF14E114E314E514FFFFE714E914DB
:1099C000FFFFFFFFFFFFFFFFFFFFFFFFFFFFFFFFA7
:1099D000FFFFFFFFFFFFFFFFFFFFFFFFEC14EE1491
:1099E000F014F214F414FFFFF614F814FA14FC1433
:1099F000FE14FFFFFFFFFFFF0015021504150615FB
:109A0000FFFFFFFFFFFF0815FFFF0A15FFFF0C1503
:109A10000E1510151215FFFFFFFFFFFFFFFFFFFFE1
:109A2000FFFFFFFFFFFFFFFFFFFFFFFFFFFF15151A
:109A3000171519151B151D151F152115FFFF2315CA
:109A4000FFFF251527152915FFFFFFFFFFFFFFFF6C
:109A5000FFFFFFFF2B152D15FFFFFFFF2F15311502
:109A600033153515FFFFFFFFFFFFFFFFFFFFFFFF70
:109A7000FFFFFFFF3815FFFF3A153C153E15FFFFAE
:109A8000FFFF4015421544154615FFFFFFFF48151F
:109A90004A154C154E15FFFFFFFFFFFFFFFFFFFFAD
:109AA000FFFFFFFFFFFF51155315551557155915AA
:109AB0005B155D15FFFF5F15FFFF611563156515EC
:109AC000FFFFFFFFFFFFFFFFFFFFFFFF67156915A8
:109AD000FFFFFFFF6B156D156F157115FFFFFFFF82
:109AE000FFFFFFFFFFFFFFFFFFFFFFFF741576156E
:109AF00078157A15FFFFFFFF7C157E15FFFF801597
:109B00008215FFFFFFFF8415861588158A15FFFF54
:109B10008C158E159015FFFFFFFFFFFF9215FFFFBD
:109B2000FFFFFFFFFFFFFFFFFFFFFFFFFFFF951599
:109B3000971599159B159D15FFFF9F15A115FFFF03
:109B4000A315A515FFFFFFFFFFFFFFFFFFFFFFFFAF
:109B5000A715A915AB15AD15AF15B115FFFFFFFF83
:109B6000FFFFFFFFFFFFFFFFFFFFFFFFB415B6156D
:109B7000B815BA15BC15BE15FFFFC015C215FFFFFD
:109B8000FFFFFFFFFFFFC415FFFFFFFFFFFFC6152D
:109B9000C815FFFFFFFFFFFFFFFFCB15CD15CF154A
:109BA000D115D315D515D715FFFFD915FFFFDB1537
:109BB000DD15DF15E115E315FFFFFFFFFFFFFFFFD9
:109BC000E515FFFFE715FFFFE915FFFFFFFFFFFFAB
:109BD000EB15FFFFFFFFFFFFFFFFED15FFFFFFFF8F
:109BE000FFFFFFFFF015F215F415F615F815FA153D
:109BF000FC15FFFFFE1500160216FFFF04160616E1
:109C00000816FFFFFFFF0A16FFFFFFFF0C16FFFFFE
:109C1000FFFF0E1610161216FFFFFFFF1416161682
:109C2000FFFFFFFF18161A161C16FFFFFFFFFFFFAE
:109C3000FFFFFFFFFFFFFFFFFFFFFFFFFFFFFFFF34
:109C4000FFFF1F16211623162516271629162B1679
:109C5000FFFF2D162F163116FFFF33163516371658
:109C6000FFFFFFFF3916FFFFFFFF3B16FFFFFFFF60
:109C70003D163F164116FFFFFFFF43164516FFFF37
:109C8000FFFF471649164B16FFFFFFFFFFFFFFFFC1
:109C9000FFFFFFFFFFFFFFFFFFFFFFFFFFFFFFFFD4
:109CA0004E1650165216FFFF54165616FFFF581642
:109CB0005A16FFFFFFFF5C165E166016FFFFFFFFE0
:109CC000FFFF62166416FFFFFFFFFFFFFFFFFFFFAE
:109CD000FFFF6716FFFF69166B166D166F1671167C
:109CE0007316FFFF75167716FFFF79167B16FFFFB9
:109CF0007D167F1681168316FFFFFFFFFFFFFFFF14
:109D0000FFFFFFFFFFFFFFFFFFFFFFFFFFFFFFFF63
:109D1000861688168A168C16FFFFFFFF8E16901681
:109D20009216FFFFFFFF9416961698169A169C1629
:109D30009E16A016A216FFFFFFFFA416FFFFFFFF4F
:109D4000FFFFFFFFFFFFFFFFFFFFFFFFFFFFFFFF23
:109D5000FFFFA716FFFFA916AB16AD16AF16B1167B
:109D6000B316B516FFFFB716FFFFB916FFFFFFFFCB
:109D7000FFFFFFFFBB16BD16FFFFFFFFFFFFFFFF4B
:109D8000FFFFFFFFC016C216C416C616C816CA16B5
:109D9000CC16CE16FFFFFFFFFFFFD016FFFFD21637
:109DA000D416FFFFFFFFFFFFFFFFD616D816DA1607
:109DB000DC16FFFFDE16FFFFE016FFFFFFFFFFFFD1
:109DC000E216FFFFFFFFFFFFFFFFFFFFFFFFE516AC
:109DD000E716E916EB16ED16EF16F116F316F51663
:109DE000F716F916FFFFFB16FD16FFFFFFFFFFFF3B
:109DF000FF160117FFFFFFFFFFFF0317FFFFFFFF26
:109E000005170717FFFFFFFFFFFFFFFFFFFFFFFF24
:109E1000FFFFFFFF09170B17FFFFFFFFFFFFFFFF0C
:109E20000E1710171217141716171817FFFF1A1707
:109E30001C17FFFFFFFF1E172017FFFFFFFFFFFF8D
:109E4000FFFF22172417FFFF2617FFFFFFFF28172A
:109E50002A17FFFFFFFFFFFFFFFFFFFFFFFF2D1789
:109E60002F17311733173517FFFFFFFF3717391734
:109E7000FFFF3B173D173F1741174317451747177C
:109E8000FFFFFFFF49174B174D17FFFF4F175117E4
:109E9000FFFFFFFFFFFFFFFFFFFFFFFFFFFFFFFFD2
:109EA000FFFFFFFFFFFFFFFFFFFFFFFF5417FFFF55
:109EB0005617FFFF58175A175C175E17601762177F
:109EC0006417FFFFFFFF6617FFFF68176A17FFFFA2
:109ED0006C17FFFFFFFFFFFFFFFFFFFFFFFFFFFF0D
:109EE000FFFF6F17711773177517771779177B17A0
:109EF000FFFF7D17FFFFFFFF7F1781178317851770
:109F0000FFFFFFFF8717FFFF89178B17FFFFFFFF7B
:109F1000FFFFFFFF8D178F179117FFFFFFFFFFFF59
:109F2000FFFFFFFFFFFFFFFFFFFFFFFF94179617E5
:109F300098179A179C179E17A017A217FFFFFFFFED
:109F4000FFFFA417FFFFA617A817FFFFFFFFFFFFE4
:109F5000FFFFAA17AC17AE17B017FFFFB217B41761
:109F6000B617FFFFFFFFFFFFB817FFFFFFFFFFFF61
:109F7000FFFFFFFFFFFFFFFFFFFFBB17BD17BF176F
:109F8000C117C317C517C717FFFFC917CB17CD17C1
:109F9000FFFFFFFFCF17D117FFFFFFFFD317D51725
:109FA000FFFFD717D917DB17DD17FFFFFFFFFFFFF5
:109FB000FFFFFFFFDF17FFFFFFFFE117E317E517C5
:109FC000FFFFFFFFFFFFFFFFFFFFFFFFFFFFFFFFA1
:109FD000FFFFFFFFE817EA17EC17EE17F017FFFF78
:109FE000F217F417F617F817FA17FFFFFFFFFC1721
:109FF000FFFFFFFFFFFFFE1700180218FFFFFFFF24
:10A00000FFFFFFFFFFFFFFFFFFFF04180618FFFF22
:10A01000FFFFFFFFFFFF09180B180D180F1811188D
:10A020001318151817181918FFFF1B18FFFF1D1814
:10A030001F18FFFFFFFFFFFF21182318FFFF251840
:10A04000FFFFFFFF2718FFFFFFFFFFFFFFFFFFFFDF
:10A05000FFFFFFFF29182B18FFFFFFFFFFFFFFFF88
:10A060002E18301832183418361838183A18FFFFDE
:10A070003C18FFFF3E18FFFFFFFF40184218FFFF8C
:10A08000FFFFFFFFFFFF44184618FFFF4818FFFFC0
:10A090004A184C184E185018FFFFFFFFFFFFFFFF34
:10A0A000FFFFFFFFFFFFFFFFFFFF5318FFFF5518E4
:10A0B000FFFF571859185B185D185F186118FFFFEC
:10A0C000FFFFFFFF6318FFFF65186718FFFFFFFF23
:10A0D000FFFFFFFFFFFFFFFF6A186C186E18701874
:10A0E0007218FFFFFFFF7418761878187A187C181A
:10A0F000FFFF7E1880188218FFFFFFFFFFFFFFFFA2
:10A10000FFFF8418FFFF8618FFFF8818FFFFFFFF7F
:10A11000FFFFFFFFFFFFFFFFFFFF8B188D188F185A
:10A120009118931895189718FFFFFFFFFFFF9918D4
:10A130009B18FFFFFFFFFFFFFFFFFFFF9D189F180A
:10A14000A118A318A518A718FFFFFFFFFFFFFFFF27
:10A15000FFFFFFFFFFFFFFFFAA18AC18AE18FFFFBD
:10A16000FFFFB018B218FFFFB418B618FFFFFFFFCB
:10A17000FFFFB818BA18FFFFFFFFBC18BE18FFFF9B
:10A18000FFFFFFFFFFFFC118C318C518C718C91884
:10A19000CB18CD18FFFFFFFFFFFFFFFFCF18FFFF1A
:10A1A000FFFFFFFFD118D318D518D718D918DB181F
:10A1B000FFFFFFFFFFFFFFFFFFFFFFFFFFFFFFFFAF
:10A1C000DE18E018E218E418E618E818EA18EC18A7
:10A1D000EE18FFFFF018FFFFFFFFF218F418FFFF63
:10A1E000FFFFFFFFF618FFFFF818FA18FC18FFFF33
:10A1F000FE18FFFFFFFFFFFFFFFFFFFFFFFF00193C
:10A200000219FFFFFFFFFFFFFFFFFFFFFFFF051921
:10A21000FFFF0719FFFF09190B190D190F19111964
:10A2200013191519FFFFFFFF1719FFFF19191B1944
:10A230001D191F19FFFFFFFFFFFFFFFFFFFFFFFFBC
:10A24000FFFFFFFFFFFFFFFF22192419261928191E
:10A250002A19FFFF2C192E193019FFFF3219FFFFA1
:10A26000FFFF341936193819FFFFFFFF3A193C195F
:10A270003E19FFFFFFFFFFFFFFFFFFFFFFFFFFFF95
:10A28000FFFFFFFFFFFF41194319451947194919FE
:10A29000FFFFFFFF4B194D194F195119531955194C
:10A2A000FFFF5719FFFF59195B195D19FFFFFFFFEA
:10A2B000FFFFFFFF5F19FFFFFFFFFFFF6119FFFFB8
:10A2C000FFFFFFFFFFFFFFFFFFFFFFFF6419FFFF1F
:10A2D000661968196A19FFFFFFFF6C196E1970196A
:10A2E0007219FFFF7419FFFF7619FFFFFFFF78193E
:10A2F0007A19FFFFFFFFFFFFFFFFFFFFFFFF7D1941
:10A300007F19FFFF81198319FFFF851987198919A3
:10A31000FFFFFFFFFFFF8B198D198F1991199319FB
:10A320009519FFFFFFFF9719FFFFFFFFFFFFFFFFDB
:10A33000FFFFFFFFFFFFFFFF9A199C199E19A0194D
:10A34000A219A419A619FFFFA819FFFFFFFFFFFF1D
:10A35000AA19AC19AE19B019FFFFB219B419FFFF51
:10A36000B619FFFFFFFFFFFFFFFFB819BA19BC19AD
:10A37000FFFFFFFFFFFFFFFFFFFFFFFFFFFFFFFFED
:10A38000FFFFBF19FFFFC119C319C519FFFFFFFF69
:10A39000FFFFC719C919CB19FFFFCD19CF19D11963
:10A3A000FFFFFFFFFFFFFFFFFFFFFFFFD419D619DD
:10A3B000FFFFD819DA19DC19DE19E019E219FFFFDD
:10A3C000FFFFE419FFFFFFFFE619FFFFFFFFFFFF9D
:10A3D000E819EA19EC19FFFFFFFFFFFFFFFFFFFF7E
:10A3E000FFFFEF19F119F319F519F719F919FB190D
:10A3F000FD19FFFFFFFFFFFFFF19011AFFFF031AFF
:10A40000FFFFFFFFFFFFFFFF051A071A091AFFFFF3
:10A41000FFFFFFFF0B1AFFFF0D1AFFFFFFFFFFFFFC
:10A42000FFFFFFFF101AFFFF121AFFFF141A161A80
:10A43000181A1A1A1C1A1E1AFFFF201A221AFFFFD6
:10A44000241AFFFFFFFFFFFFFFFFFFFFFFFFFFFFDC
:10A45000FFFF271A291A2B1A2D1A2F1AFFFFFFFFA9
:10A46000311A331AFFFFFFFF351A371A391A3B1A10
:10A470003D1A3F1AFFFFFFFF411A431AFFFF451A1B
:10A48000FFFFFFFFFFFFFFFFFFFFFFFFFFFFFFFFDC
:10A49000FFFFFFFF481A4A1AFFFF4C1A4E1A501AC4
:10A4A000FFFF521A541AFFFF561A581A5A1AFFFF82
:10A4B000FFFF5C1A5E1AFFFF601A621A641AFFFF40
:10A4C000FFFFFFFFFFFFFFFFFFFFFFFFFFFFFFFF9C
:10A4D000FFFF671A691A6B1A6D1AFFFF6F1A711A5C
:10A4E000731A751AFFFF771AFFFF791A7B1A7D1A04
:10A4F000FFFFFFFFFFFFFFFFFFFFFFFFFFFFFFFF6C
:10A500007F1A811AFFFFFFFFFFFFFFFF841A861AE1
:10A51000881A8A1A8C1A8E1A901A921A941A961AF3
:10A52000FFFFFFFF981AFFFFFFFF9A1AFFFF9C1A19
:10A530009E1AFFFFFFFFFFFFFFFFFFFFFFFFA01AB5
:10A54000A21AFFFFA41AFFFFFFFFFFFFFFFFFFFF9D
:10A55000FFFFA71AA91AAB1AAD1AAF1AFFFFFFFF28
:10A56000B11AB31AB51AFFFFB71AFFFFB91ABB1A0F
:10A57000BD1ABF1AFFFFFFFFFFFFFFFFC11AC31A7B
:10A58000FFFFFFFFFFFFFFFFFFFFFFFFFFFFFFFFDB
:10A59000C61AC81ACA1ACC1ACE1AD01AD21AFFFF73
:10A5A000FFFFFFFFD41AD61AD81ADA1AFFFFFFFFEF
:10A5B000FFFFDC1AFFFFFFFFFFFFDE1AFFFFE01ABD
:10A5C000FFFFFFFFE21AFFFFFFFFFFFFFFFFE51A9C
:10A5D000FFFFE71AE91AFFFFEB1AED1AEF1AF11A5B
:10A5E000F31AF51AFFFFFFFFF71AF91AFFFFFFFF33
:10A5F000FFFFFB1AFFFFFFFFFFFFFFFFFFFFFFFF54
:10A60000FE1A001B021B041B061BFFFFFFFF081B9B
:10A610000A1BFFFFFFFF0C1BFFFFFFFFFFFF0E1BCF
:10A62000101BFFFFFFFFFFFFFFFF131B151B171B77
:10A63000191B1B1BFFFFFFFFFFFFFFFF1D1B1F1B46
:10A64000211BFFFF231B251BFFFFFFFF271B291BD0
:10A650002B1B2D1BFFFFFFFFFFFFFFFFFFFFFFFF78
:10A66000FFFFFFFF301B321B341B361B381B3A1B0E
:10A670003C1BFFFFFFFFFFFFFFFF3E1B401B421B7A
:10A68000FFFF441BFFFFFFFFFFFF461BFFFF481BB1
:10A69000FFFFFFFF4A1BFFFFFFFFFFFFFFFF4D1BF9
:10A6A0004F1BFFFF511B531B551B571B591B5B1B9C
:10A6B000FFFFFFFF5D1BFFFF5F1B611B631B651B34
:10A6C000FFFFFFFFFFFF671BFFFFFFFFFFFFFFFF16
:10A6D000691B6B1BFFFFFFFFFFFFFFFFFFFFFFFF7C
:10A6E0006E1BFFFF701BFFFF721BFFFF741B761BAF
:10A6F000781B7A1B7C1B7E1B801BFFFFFFFFFFFF6D
:10A70000FFFFFFFFFFFFFFFFFFFF831B851B871B73
:10A71000891B8B1B8D1B8F1BFFFFFFFFFFFF911BF7
:10A72000FFFF931B951B971BFFFFFFFFFFFFFFFF23
:10A73000FFFFFFFF991B9B1BFFFF9D1B9F1BA11B87
:10A74000FFFFFFFFFFFFFFFFFFFFFFFFA41BFFFF58
:10A75000A61BA81BAA1BAC1BAE1BB01BB21BFFFF8A
:10A76000B41BFFFFFFFFB61BFFFFB81BBA1BFFFFA9
:10A77000FFFFFFFFFFFFBC1BBE1BFFFFC01BFFFF58
:10A78000FFFFFFFFFFFFFFFFFFFFC31BC51BC71B33
:10A79000C91BCB1BCD1BCF1BD11BD31BD51BFFFF55
:10A7A000D71BFFFFFFFFFFFFFFFFD91BDB1BDD1BDD
:10A7B000FFFFFFFFFFFFFFFFDF1BE11BFFFFFFFFAF
:10A7C000FFFFFFFFFFFFFFFFFFFFFFFFE41BE61B95
:10A7D000E81BEA1BEC1BEE1BF01BFFFFFFFFF21B4D
:10A7E000F41BFFFFFFFFF61BF81BFA1BFFFFFFFF29
:10A7F000FFFFFC1BFE1B001CFFFFFFFFFFFFFFFF17
:10A80000FFFFFFFFFFFFFFFFFFFF031C051C071CEF
:10A81000091CFFFF0B1C0D1C0F1CFFFF111CFFFF71
:10A82000FFFFFFFFFFFF131CFFFFFFFF151C171C9F
:10A83000FFFFFFFFFFFFFFFF1A1C1C1C1E1C201C3C
:10A84000221CFFFFFFFFFFFF241C261C281CFFFF0C
:10A85000FFFF2A1C2C1C2E1C301C321C341CFFFF3A
:10A86000FFFFFFFFFFFF361CFFFFFFFFFFFFFFFFA4
:10A87000FFFFFFFFFFFF391C3B1C3D1C3F1C411C21
:10A88000FFFFFFFF431C451CFFFFFFFFFFFF471CAF
:10A89000491C4B1C4D1CFFFF4F1C511CFFFFFFFFB1
:10A8A000FFFFFFFFFFFFFFFFFFFFFFFF541C561CD2
:10A8B000581C5A1C5C1C5E1CFFFFFFFFFFFFFFFFC4
:10A8C000FFFF601CFFFF621C641CFFFF661C681C0E
:10A8D0006A1CFFFFFFFFFFFFFFFFFFFFFFFF6D1C75
:10A8E0006F1C711CFFFF731CFFFF751CFFFF771CA3
:10A8F000FFFF791C7B1CFFFFFFFFFFFF7D1CFFFF9D
:10A90000FFFFFFFF801C821C841C861C881CFFFF2D
:10A910008A1C8C1C8E1CFFFF901CFFFFFFFF921CEB
:10A92000941CFFFF961CFFFFFFFFFFFFFFFFFFFFD1
:10A93000981CFFFFFFFFFFFFFFFF9B1C9D1C9F1C40
:10A94000A11CA31CA51CA71CA91CFFFFFFFFAB1C7F
:10A95000FFFFAD1CFFFFFFFFAF1CB11CB31CFFFFCF
:10A96000FFFFFFFFB51CFFFFB71CFFFFFFFFFFFF4F
:10A97000FFFFFFFFFFFFFFFFBA1CBC1CBE1CC01C7B
:10A98000C21CC41CFFFFFFFFC61CFFFFC81CFFFF4B
:10A99000FFFFFFFFCA1CCC1CFFFFCE1CFFFFFFFF09
:10A9A000FFFFFFFFFFFFD11CD31CD51CD71CD91CF8
:10A9B000DB1CDD1CFFFFFFFFFFFFFFFFDF1CFFFFB6
:10A9C000E11CFFFFFFFFE31CE51CE71CFFFFE91C88
:10A9D000FFFFEB1CFFFFFFFFFFFFFFFFFFFFFFFF7E
:10A9E000EE1CF01CF21CF41CFFFFFFFFFFFFF61C27
:10A9F000F81CFA1CFFFFFC1CFE1C001DFFFF021DC3
:10AA0000041DFFFFFFFFFFFFFFFFFFFFFFFFFFFF33
:10AA1000FFFF071D091D0B1D0D1D0F1DFFFF111D44
:10AA2000131D151DFFFF171DFFFFFFFFFFFF191D62
:10AA3000FFFF1B1DFFFFFFFFFFFFFFFF1D1D1F1D72
:10AA4000FFFFFFFFFFFFFFFF221D241D261D281D06
:10AA50002A1D2C1DFFFF2E1D301D321DFFFFFFFF85
:10AA6000FFFFFFFFFFFF341D361DFFFFFFFF381DF7
:10AA70003A1DFFFF3C1DFFFFFFFFFFFFFFFFFFFF32
:10AA8000FFFF3F1D411D431D451D471D491D4B1D1A
:10AA9000FFFFFFFFFFFFFFFF4D1D4F1DFFFFFFFFEC
:10AAA000511DFFFF531D551D571DFFFFFFFF591D72
:10AAB000FFFFFFFFFFFFFFFFFFFFFFFF5C1D5E1DAE
:10AAC000601D621DFFFFFFFFFFFF641D661DFFFF8E
:10AAD000681D6A1D6C1D6E1DFFFF701D721DFFFF3E
:10AAE000FFFFFFFFFFFFFFFFFFFFFFFFFFFF751DE2
:10AAF000771D791D7B1D7D1D7F1D811DFFFFFFFFC4
:10AB0000FFFFFFFF831D851D871DFFFFFFFF891DC1
:10AB1000FFFFFFFFFFFF8B1D8D1D8F1DFFFFFFFF41
:10AB2000FFFFFFFFFFFFFFFF921DFFFF941DFFFFD1
:10AB3000961D981D9A1DFFFFFFFF9C1D9E1DA01DC9
:10AB4000A21DA41DFFFFFFFFFFFFFFFFFFFFFFFF91
:10AB5000FFFFA71DA91DAB1DAD1DFFFFAF1DB11D43
:10AB6000FFFFFFFFFFFFB31DFFFFB51DFFFFFFFF4F
:10AB7000B71DB91DBB1DBD1DFFFFBF1DFFFFFFFFA3
:10AB8000FFFFFFFFFFFFFFFFC21DC41DFFFFC61D2C
:10AB9000C81DCA1DFFFFCC1DFFFFFFFFCE1DD01D2E
:10ABA000D21DFFFFD41DFFFFD61DD81DDA1DFFFFEC
:10ABB000FFFFFFFFFFFFFFFFFFFFFFFFFFFFDD1DA9
:10ABC000DF1DE11DE31DE51DE71DE91DFFFFFFFF83
:10ABD000FFFFFFFFFFFFEB1DED1DEF1DFFFFFFFF61
:10ABE000F11DFFFFFFFFF31DF51DFFFFFFFFFFFF3F
:10ABF000FFFFFFFFF81DFA1DFC1DFE1D001EFFFFDD
:10AC0000FFFFFFFF021EFFFF041E061E081EFFFFC0
:10AC1000FFFFFFFFFFFF0A1E0C1EFFFFFFFFFFFFEE
:10AC2000FFFF0F1E111E131E151E171E191E1B1EC1
:10AC3000FFFFFFFFFFFFFFFF1D1E1F1EFFFF211E67
:10AC4000FFFF231E251EFFFFFFFFFFFFFFFFFFFF8C
:10AC5000FFFF271EFFFFFFFF010003000500FFFFAE
:10AC6000070009000B000D00FFFF0F00110013008B
:10AC70001500FFFF17001900FFFF1B001D001F003C
:10AC800021002300FFFFFFFF250027002900FFFF11
:10AC9000FFFFFFFFFFFFFFFF2B002D002F00FFFF37
:10ACA000FFFFFFFFFFFFFFFFFFFFFFFFFFFFFFFFB4
:10ACB000FFFFFFFFFFFFFFFFFFFF32003400360002
:10ACC00038003A003C003E0040004200FFFF4400D4
:10ACD000460048004A004C00FFFFFFFF4E005000B6
:10ACE000FFFFFFFF5200540056005800FFFFFFFF18
:10ACF000FFFFFFFF5A00FFFF5C00FFFF5E006000E8
:10AD0000FFFFFFFF6200640066006800FFFFFFFFB7
:10AD1000FFFFFFFFFFFFFFFFFFFFFFFFFFFFFFFF43
:10AD2000FFFFFFFFFFFFFFFFFFFFFFFF6B006D0057
:10AD30006F007100730075007700FFFF79007B00E2
:10AD40007D007F0081008300850087008900FFFF70
:10AD5000FFFF8B00FFFF8D00FFFFFFFF8F00FFFF56
:10AD6000FFFFFFFFFFFFFFFF91009300950097009B
:10AD7000FFFF99009B009D009F00FFFFFFFFFFFF6B
:10AD8000FFFFFFFFFFFFFFFFFFFFFFFFFFFFFFFFD3
:10AD9000FFFFFFFFFFFFFFFFFFFFA200A400A600D1
:10ADA000A800AA00AC00AE00B000B200B400B6002B
:10ADB000B800BA00BC00BE00C000FFFFC200C40063
:10ADC000FFFFFFFFC600C800FFFFCA00CC00CE0097
:10ADD000FFFFD000D200FFFFFFFFFFFFD400FFFF07
:10ADE000FFFFFFFFFFFFD600FFFFD800FFFFFFFFC1
:10ADF000FFFFFFFFDA00FFFFDC00DE00FFFFE000E7
:10AE0000FFFFFFFFFFFFFFFFFFFFFFFFFFFFFFFF52
:10AE1000FFFFFFFFFFFFFFFFFFFFFFFFE300E50076
:10AE2000E700E900EB00ED00EF00F100F300F500B2
:10AE3000F700F900FB00FD00FFFFFFFFFFFFFFFF32
:10AE4000FFFFFFFFFF0001010301FFFFFFFFFFFF07
:10AE500005010701FFFF0901FFFF0B010D010F01B4
:10AE6000FFFF1101FFFF13011501FFFFFFFFFFFFB0
:10AE7000FFFFFFFFFFFFFFFFFFFFFFFFFFFFFFFFE2
:10AE8000FFFFFFFFFFFF18011A011C011E01200137
:10AE9000220124012601FFFF28012A012C012E0195
:10AEA00030013201FFFF3401360138013A013C0123
:10AEB0003E014001FFFF420144014601FFFF4801FE
:10AEC000FFFFFFFFFFFF4A014C014E0150015201FD
:10AED00054015601FFFF5801FFFFFFFFFFFFFFFF77
:10AEE0005A01FFFFFFFFFFFF5C015E01FFFFFFFF55
:10AEF000FFFFFFFFFFFFFFFFFFFFFFFFFFFFFFFF62
:10AF0000FFFFFFFFFFFFFFFFFFFFFFFFFFFFFFFF51
:10AF1000FFFFFFFFFFFFFFFF6101630165016701A5
:10AF200069016B016D016F01FFFF71017301FFFF8B
:10AF3000750177017901FFFF7B017D017F018101AF
:10AF4000FFFF83018501870189018B01FFFF8D01CF
:10AF5000FFFF8F01910193019501970199019B01D9
:10AF60009D019F01A101A301A501A701FFFFA90167
:10AF7000AB01FFFFFFFFFFFFFFFFFFFFFFFFFFFF33
:10AF8000FFFFFFFFFFFFFFFFFFFFFFFFFFFFFFFFD1
:10AF9000FFFFFFFFFFFFFFFFFFFFFFFFFFFFFFFFC1
:10AFA000FFFFFFFFFFFFFFFFFFFFFFFFFFFFFFFFB1
:10AFB000FFFFAE01B001B201B401B601B801BA01A0
:10AFC000BC01FFFFBE01C001C201C401C601C8012E
:10AFD000FFFFCA01CC01CE01D001D201D401D601BC
:10AFE000FFFFD801DA01DC01DE01E001E201FFFF31
:10AFF000E401E601E801EA01FFFFEC01EE01F001E6
:10B00000FFFFF201FFFFFFFFFFFFF401FFFFF6016B
:10B01000F801FFFFFA01FC01FFFFFFFFFFFFFFFF49
:10B02000FFFFFFFFFFFFFFFFFFFFFFFFFFFFFFFF30
:10B03000FFFFFFFFFFFFFFFFFFFFFFFFFFFFFFFF20
:10B04000FFFFFFFFFFFFFFFFFFFFFFFFFFFFFFFF10
:10B05000FFFFFFFFFF0101020302050207020902D1
:10B060000B020D02FFFF0F021102FFFF1302150278
:10B070001702FFFF19021B021D021F022102FFFF20
:10B08000FFFF230225022702FFFFFFFFFFFF290228
:10B090002B02FFFF2D02FFFF2F0231023302350288
:10B0A0003702FFFF3902FFFFFFFFFFFFFFFFFFFF38
:10B0B000FFFFFFFFFFFFFFFFFFFFFFFFFFFFFFFFA0
:10B0C000FFFFFFFFFFFFFFFFFFFFFFFFFFFF3C0250
:10B0D0003E0240024202440246024802FFFF4A0288
:10B0E0004C024E0250025202540256025802FFFF16
:10B0F0005A025C025E026002FFFF620264026602A4
:10B1000068026A026C026E02FFFFFFFF70027202A9
:10B110007402760278027A02FFFF7C027E02FFFF51
:10B12000FFFF800282028402860288028A02FFFFF9
:10B13000FFFF8C02FFFFFFFFFFFFFFFFFFFFFFFF8F
:10B14000FFFFFFFFFFFFFFFFFFFFFFFFFFFFFFFF0F
:10B15000FFFFFFFFFFFFFFFFFFFFFFFFFFFFFFFFFF
:10B16000FFFFFFFFFFFFFFFFFFFFFFFFFFFFFFFFEF
:10B17000FFFFFFFF8F02910293029502970299024F
:10B180009B02FFFF9D029F02A102FFFFA302A502F7
:10B19000A702A902FFFFAB02FFFFAD02AF02FFFF54
:10B1A000FFFFB102B302FFFFB502B702B902BB0253
:10B1B000BD02FFFFFFFFBF02FFFFC102C302FFFF8F
:10B1C000C502FFFFFFFFFFFFFFFFFFFFFFFFFFFFC6
:10B1D000FFFFFFFFFFFFFFFFFFFFFFFFFFFFFFFF7F
:10B1E000FFFFFFFFFFFFC802CA02CC02CE02D0025F
:10B1F000D202D402FFFFD602D802FFFFDA02DC023D
:10B20000DE02E002E202FFFFE402E602E802EA02F6
:10B21000EC02EE02F002F202F402F602FFFFFFFF80
:10B22000F802FFFFFA02FC02FFFFFFFFFE02FFFF32
:10B23000FFFF000302030403FFFF060308030A03E2
:10B240000C03FFFFFFFFFFFFFFFFFFFFFFFFFFFFFD
:10B25000FFFFFFFFFFFFFFFFFFFFFFFFFFFFFFFFFE
:10B26000FFFFFFFFFFFFFFFFFFFFFFFFFFFFFFFFEE
:10B27000FFFFFFFF0F031103130315031703190348
:10B280001B031D031F032103230325032703290396
:10B290002B03FFFFFFFF2D032F03FFFF3103FFFFF2
:10B2A00033033503370339033B033D033F034103B6
:10B2B0004303FFFFFFFF45034703FFFFFFFFFFFFC0
:10B2C000FFFFFFFFFFFFFFFFFFFFFFFF49034B03F0
:10B2D0004D03FFFF4F03FFFFFFFF5103FFFF53032A
:10B2E0005503FFFFFFFFFFFFFFFFFFFFFFFFFFFF14
:10B2F000FFFFFFFFFFFFFFFFFFFFFFFFFFFFFFFF5E
:10B30000FFFFFFFFFFFF58035A035C035E03600368
:10B310006203640366036803FFFFFFFF6A036C03B5
:10B320006E03FFFF70037203740376037803FFFF5D
:10B330007A037C03FFFF7E03800382038403FFFF05
:10B34000860388038A038C03FFFFFFFFFFFFFFFFD5
:10B35000FFFF8E0390039203FFFFFFFFFFFFFFFF3E
:10B36000FFFFFFFFFFFFFFFFFFFFFFFFFFFFFFFFED
:10B37000FFFFFFFFFFFFFFFFFFFFFFFFFFFFFFFFDD
:10B380009503970399039B039D039F03A103A303C5
:10B39000A503FFFFFFFFA703A903AB03FFFFAD0357
:10B3A000AF03B103B303FFFFB503B703B903FFFF57
:10B3B000BB03BD03BF03C103FFFFC303C503C70333
:10B3C000C903FFFFFFFFFFFFFFFFFFFFFFFFCB03EF
:10B3D000CD03FFFFFFFFFFFFFFFFFFFFFFFFFFFFAB
:10B3E000FFFFFFFFFFFFFFFFFFFFFFFFFFFFFFFF6D
:10B3F000FFFFFFFFFFFFD003D203D403D603D80320
:10B40000DA03DC03DE03E003FFFFFFFFE203E403F4
:10B41000E603E803EA03EC03FFFFFFFFEE03F0039C
:10B42000F203F403F603F803FA03FC03FE0300043B
:10B4300002040404060408040A040C040E041004A4
:10B440001204FFFFFFFFFFFFFFFFFFFF1404FFFFDA
:10B45000FFFFFFFFFFFFFFFFFFFFFFFFFFFFFFFFFC
:10B46000FFFFFFFFFFFFFFFFFFFFFFFFFFFFFFFFEC
:10B47000FFFFFFFFFFFFFFFFFFFFFFFFFFFFFFFFDC
:10B48000FFFFFFFF170419041B041D041F04210400
:10B4900023042504FFFF270429042B042D042F0473
:10B4A000FFFFFFFF310433043504370439043B0444
:10B4B000FFFF3D043F0441044304FFFF45044704EC
:10B4C00049044B044D04FFFFFFFF4F045104FFFFED
:10B4D000FFFFFFFFFFFFFFFF53045504570459040C
:10B4E000FFFFFFFFFFFFFFFFFFFFFFFFFFFFFFFF6C
:10B4F000FFFFFFFFFFFFFFFFFFFFFFFFFFFFFFFF5C
:10B50000FFFFFFFFFFFFFFFFFFFFFFFFFFFF5C04E9
:10B510005E04600462046404660468046A046C04E3
:10B520006E0470047204740476047804FFFFFFFF55
:10B530007A047C04FFFFFFFFFFFF7E048004820487
:10B540008404FFFF86048804FFFF8A048C04FFFF45
:10B550008E049004FFFFFFFF9204FFFFFFFF94049F
:10B56000FFFFFFFFFFFFFFFFFFFFFFFFFFFFFFFFEB
:10B57000FFFFFFFFFFFFFFFFFFFFFFFFFFFFFFFFDB
:10B58000FFFFFFFF970499049B049D049F04A104FF
:10B59000A304A504A704FFFFFFFFA904AB04FFFF5A
:10B5A000AD04AF04B104FFFFFFFFB304B504B7045B
:10B5B000B904BB04BD04BF04FFFFC104C304C50438
:10B5C000C704C904CB04CD04CF04D104D304D504EB
:10B5D000FFFFFFFFFFFFFFFFFFFFFFFFFFFFFFFF7B
:10B5E000FFFFFFFFFFFFFFFFFFFFFFFFFFFFFFFF6B
:10B5F000FFFFFFFFFFFFFFFFFFFFFFFFFFFFFFFF5B
:10B60000FFFFFFFFFFFFD804DA04DC04DE04E004E0
:10B61000E204E404E604E804EA04EC04EE04F004C2
:10B62000F204F404FFFFFFFFF604F804FFFFFA043E
:10B63000FFFFFC04FE040005FFFF020504050605EC
:10B64000FFFF08050A050C05FFFFFFFFFFFFFFFFD7
:10B65000FFFFFFFF0E05FFFFFFFF1005FFFFFFFFCE
:10B66000FFFFFFFFFFFF1205FFFFFFFFFFFFFFFFD1
:10B67000FFFFFFFFFFFFFFFFFFFFFFFFFFFFFFFFDA
:10B680001505170519051B051D051F0521052305B2
:10B69000250527052905FFFF2B052D052F05FFFF94
:10B6A000FFFF310533053505370539053B05FFFF3C
:10B6B000FFFF3D053F05410543054505FFFFFFFF32
:10B6C000FFFF470549054B054D054F05FFFF510598
:10B6D0005305FFFFFFFF5505570559055B055D0540
:10B6E0005F05FFFFFFFFFFFFFFFFFFFFFFFFFFFF04
:10B6F000FFFFFFFFFFFFFFFFFFFFFFFFFFFFFFFF5A
:10B70000FFFFFFFFFFFFFFFFFFFFFFFFFFFFFFFF49
:10B71000FFFFFFFFFFFFFFFFFFFF620564056605F8
:10B7200068056A056C05FFFF6E05700572057405F6
:10B73000760578057A057C057E058005FFFF820584
:10B74000FFFF8405FFFF86058805FFFFFFFFFFFF62
:10B75000FFFFFFFF8A058C058E0590059205FFFF10
:10B76000FFFFFFFF9405FFFF96059805FFFFFFFF12
:10B77000FFFFFFFFFFFFFFFFFFFFFFFFFFFFFFFFD9
:10B78000FFFFFFFFFFFFFFFFFFFFFFFF9B059D0583
:10B790009F05A105A305A505A705A905AB05FFFF05
:10B7A000AD05AF05B105B305B505B705B905FFFF93
:10B7B000FFFFBB05FFFFFFFFFFFFBD05BF05FFFF4D
:10B7C000FFFFC105FFFFFFFFFFFFC305C505FFFF2B
:10B7D000FFFFFFFFFFFFC705FFFFFFFFFFFFFFFFAB
:10B7E000FFFFFFFFFFFFFFFFFFFFCA05CC05CE05F0
:10B7F000D005D205D405D605D805DA05FFFFFFFF31
:10B80000DC05DE05E005E205E405E605E805EA05F8
:10B81000EC05EE05FFFFF005F205F405F605F80569
:10B82000FA05FFFFFC05FE05000602060406FFFF01
:10B83000FFFFFFFFFFFFFFFF060608060A060C06D4
:10B840000E06FFFF1006FFFF12061406FFFFFFFFA4
:10B85000FFFFFFFFFFFFFFFFFFFFFFFFFFFFFFFFF8
:10B86000FFFFFFFFFFFFFFFFFFFFFFFFFFFFFFFFE8
:10B87000FFFFFFFFFFFFFFFFFFFFFFFFFFFFFFFFD8
:10B88000FFFFFFFF170619061B061D06FFFF1F0619
:10B89000210623062506270629062B062D06FFFF6F
:10B8A000FFFFFFFFFFFFFFFF2F0631063306FFFFFD
:10B8B0003506FFFF370639063B063D063F064106C3
:10B8C00043064506FFFF4706FFFFFFFFFFFFFFFFA1
:10B8D000FFFFFFFFFFFFFFFFFFFFFFFFFFFFFFFF78
:10B8E000FFFFFFFFFFFFFFFFFFFF4A064C064E066C
:10B8F000500652065406560658065A065C06FFFFC6
:10B90000FFFFFFFF5E066006620664066606FFFF35
:10B91000FFFFFFFF6806FFFFFFFFFFFF6A066C06E1
:10B920006E067006FFFF7206FFFF7406FFFFFFFF43
:10B93000FFFFFFFFFFFFFFFFFFFFFFFFFFFFFFFF17
:10B94000FFFFFFFF770679067B067D06FFFF7F0678
:10B9500081068306FFFF8506870689068B06FFFFA3
:10B96000FFFFFFFF8D068F0691069306FFFFFFFF87
:10B970009506970699069B069D069F06A106A306B7
:10B98000A506FFFFA706FFFFFFFFFFFFFFFFFFFF6B
:10B99000FFFFFFFFFFFFFFFFFFFFFFFFFFFFFFFFB7
:10B9A000FFFFFFFFFFFFFFFFFFFFAA06AC06AE068B
:10B9B000FFFFFFFFB006B206B406B606B806BA0629
:10B9C000FFFFBC06BE06C006FFFFC206C406C606D1
:10B9D000C806CA06CC06CE06D006D206D406FFFF9D
:10B9E000FFFFD606FFFFFFFFFFFFFFFFFFFFFFFF89
:10B9F000FFFFFFFFFFFFFFFFFFFFFFFFFFFFFFFF57
:10BA0000FFFFFFFFFFFFFFFFD906DB06DD06FFFF9D
:10BA1000DF06E106E306E506E706E906FFFFEB06BB
:10BA2000ED06FFFFFFFFFFFFFFFFEF06F106F30646
:10BA3000FFFFF506F706FFFFFFFFFFFFFFFFFFFF1A
:10BA4000FFFFF906FB06FD06FF06FFFFFFFFFFFFF6
:10BA5000FFFFFFFFFFFFFFFFFFFF020704070607CF
:10BA600008070A070C070E0710071207FFFFFFFF62
:10BA70001407160718071A071C07FFFFFFFFFFFF31
:10BA80001E07200722072407260728072A072C0756
:10BA90002E07FFFF30073207FFFF3407FFFF36078F
:10BAA00038073A073C073E07400742074407460766
:10BAB000FFFFFFFFFFFFFFFFFFFFFFFFFFFFFFFF96
:10BAC000FFFFFFFFFFFFFFFFFFFFFFFFFFFFFFFF86
:10BAD000FFFFFFFFFFFFFFFFFFFFFFFFFFFFFFFF76
:10BAE000FFFFFFFFFFFFFFFF49074B074D074F0712
:10BAF0005107FFFFFFFF53075507FFFFFFFFFFFF42
:10BB0000FFFF57075907FFFF5B075D075F07FFFF51
:10BB1000FFFFFFFFFFFFFFFFFFFF620764076607EE
:10BB200068076A076C076E07700772077407760765
:10BB300078077A077C077E07800782078407FFFF64
:10BB4000860788078A078C07FFFF8E0790079207F2
:10BB5000FFFF9407FFFFFFFF9607FFFF98079A0775
:10BB6000FFFFFFFFFFFFFFFFFFFFFFFF9C079E0799
:10BB7000A007A207A407A607A807AA07AC07AE0755
:10BB8000FFFFB007FFFFFFFFFFFFFFFFFFFFFFFF0C
:10BB9000FFFFFFFFFFFFFFFFFFFFFFFFFFFFFFFFB5
:10BBA000FFFFFFFFFFFFFFFFFFFFFFFFFFFFFFFFA5
:10BBB000FFFFFFFFFFFFFFFFFFFFFFFFB307B5071B
:10BBC000B707B907BB07FFFFFFFFBD07FFFFFFFF79
:10BBD000FFFFBF07C107C307FFFFC507C707FFFF79
:10BBE000FFFFFFFFFFFFFFFFFFFFCA07CC07CE07E6
:10BBF000D007FFFFD207D407D607D807DA07DC073C
:10BC0000DE07E007FFFFFFFFFFFFFFFFFFFFE20789
:10BC1000E407E607E807EA07EC07EE07F007F20794
:10BC2000FFFFFFFFF407FFFFF607F807FFFFFFFF27
:10BC3000FA07FC07FE070008FFFFFFFFFFFFFFFFFB
:10BC4000FFFFFFFFFFFFFFFFFFFFFFFFFFFFFFFF04
:10BC5000FFFFFFFFFFFFFFFFFFFFFFFF03080508D8
:10BC60000708FFFFFFFF09080B080D08FFFF0F087B
:10BC7000110813081508170819081B081D08FFFFED
:10BC8000FFFFFFFFFFFFFFFF1F0821082308250814
:10BC90002708FFFFFFFFFFFFFFFFFFFFFFFFFFFF83
:10BCA000FFFFFFFFFFFFFFFFFFFF2A082C082E0802
:10BCB00030083208FFFFFFFF3408FFFFFFFFFFFFE0
:10BCC0003608FFFF38083A08FFFFFFFFFFFFFFFFBE
:10BCD0003D083F084108FFFFFFFF430845084708AC
:10BCE00049084B084D084F085108FFFFFFFFFFFFB1
:10BCF000FFFF53085508FFFFFFFFFFFFFFFF570837
:10BD000059085B085D08FFFFFFFFFFFFFFFFFFFF14
:10BD1000FFFFFFFFFFFF600862086408660868080D
:10BD2000FFFFFFFF6A086C086E087008720874084D
:10BD3000760878087A087C08FFFF7E088008FFFFF5
:10BD400082088408FFFFFFFF860888088A088C089D
:10BD50008E089008FFFFFFFFFFFFFFFFFFFFFFFFC1
:10BD6000FFFFFFFFFFFFFFFFFFFFFFFFFFFFFFFFE3
:10BD7000FFFFFFFFFFFFFFFFFFFFFFFF9308950897
:10BD800097089908FFFF9B089D089F08FFFFA108DF
:10BD9000FFFFA308A508A708FFFFFFFFFFFFA908F3
:10BDA000AB08FFFFAD08FFFFFFFFFFFFAF08FFFF7E
:10BDB000FFFFB108B308FFFFFFFFFFFFFFFFFFFF1B
:10BDC000FFFFB608B808BA08FFFFBC08BE08C008E5
:10BDD000FFFFFFFFC208C408C608C808FFFFCA0863
:10BDE000CC08CE08D008D208FFFFD408D608D8085F
:10BDF000DA08DC08FFFFFFFFDE08FFFFFFFFFFFFA1
:10BE0000FFFFFFFFFFFFFFFFFFFFFFFFFFFFFFFF42
:10BE1000FFFFFFFFFFFFFFFFE108E308E508FFFF6B
:10BE2000FFFFE708E908EB08ED08EF08F108F30861
:10BE3000F508F708F908FB08FD08FF0801090309E0
:10BE4000FFFF050907090909FFFF0B090D090F0984
:10BE500011091309FFFF1509170919091B09FFFF2C
:10BE6000FFFFFFFFFFFFFFFFFFFFFFFFFFFFFFFFE2
:10BE7000FFFFFFFFFFFFFFFFFFFFFFFFFFFFFFFFD2
:10BE8000FFFFFFFFFFFFFFFFFFFFFFFFFFFFFFFFC2
:10BE9000FFFF1E0920092209FFFFFFFF24092609D1
:10BEA00028092A092C092E093009FFFF3209FFFF52
:10BEB0003409FFFF360938093A09FFFFFFFFFFFF8A
:10BEC0003C093E094009420944094609FFFFFFFFBA
:10BED000FFFFFFFFFFFFFFFFFFFFFFFFFFFFFFFF72
:10BEE000FFFFFFFFFFFFFFFF49094B094D094F0906
:10BEF0005109FFFFFFFF53095509FFFFFFFF5709D6
:10BF000059095B095D09FFFF5F09FFFFFFFF610939
:10BF1000630965096709FFFFFFFFFFFFFFFFFFFFE1
:10BF2000FFFFFFFFFFFFFFFFFFFF6A096C096E09BC
:10BF30007009720974097609FFFF78097A097C098A
:10BF40007E098009FFFFFFFF8209840986098809AD
:10BF50008A098C098E099009920994099609980911
:10BF6000FFFFFFFF9A09FFFFFFFFFFFFFFFF9C0995
:10BF7000FFFF9E09A009A209A409FFFFA609FFFF70
:10BF8000FFFFFFFFFFFFFFFFFFFFFFFFFFFFFFFFC1
:10BF9000FFFFFFFFFFFFFFFFFFFFFFFFFFFFFFFFB1
:10BFA000FFFFFFFFFFFFFFFFA909AB09FFFFAD097F
:10BFB000AF09B109FFFFB309B509FFFFFFFFB709DB
:10BFC000FFFFB909BB09FFFFBD09BF09C109C309CB
:10BFD000C509FFFFFFFFFFFFFFFFFFFFFFFFFFFFA1
:10BFE000FFFFFFFFFFFFC809CA09CC09FFFFFFFFE2
:10BFF000CE09D009D209FFFFD409D609D809FFFF1D
:10C00000FFFFFFFFFFFFDA09FFFFFFFFDC09DE098B
:10C01000FFFFFFFFFFFFFFFFE109E309E509E70974
:10C02000E909FFFFFFFFEB09FFFFFFFFFFFFED093E
:10C03000EF09F109F309F509F709FFFFFFFFFFFF1A
:10C04000FFFFFFFFFFFFFFFFFFFFFA09FC09FE09EB
:10C05000FFFFFFFF000A020A040A060AFFFF080AA0
:10C060000A0A0C0A0E0A100A120A140A160A180AF8
:10C070001A0A1C0AFFFFFFFF1E0AFFFF200A220AFE
:10C08000FFFF240AFFFFFFFFFFFFFFFFFFFFFFFF90
:10C09000FFFFFFFFFFFFFFFFFFFFFFFFFFFFFFFFB0
:10C0A000FFFFFFFF270A290A2B0AFFFFFFFFFFFF01
:10C0B0002D0A2F0A310A330A350AFFFFFFFF370A1C
:10C0C000390AFFFFFFFFFFFFFFFFFFFFFFFF3C0AF3
:10C0D0003E0A400AFFFFFFFF420A440A460AFFFFEA
:10C0E000480A4A0A4C0AFFFF4E0A500A520A540AEA
:10C0F000FFFFFFFF560AFFFF580A5A0A5C0A5E0A52
:10C10000600A620AFFFFFFFFFFFFFFFFFFFFFFFF65
:10C11000FFFFFFFFFFFFFFFFFFFFFFFFFFFFFFFF2F
:10C12000650A670A690A6B0A6D0AFFFF6F0A710ADE
:10C13000FFFFFFFFFFFF730A750A770AFFFF790A07
:10C140007B0A7D0A7F0A810AFFFF830A850A870A24
:10C15000890A8B0A8D0AFFFFFFFFFFFFFFFFFFFF2A
:10C16000FFFFFFFFFFFFFFFFFFFFFFFFFFFFFFFFDF
:10C17000FFFFFFFFFFFF900A920A940A960A980AAF
:10C180009A0A9C0AFFFFFFFFFFFFFFFF9E0AA00A1B
:10C19000A20AA40AA60AA80AAA0AAC0AFFFFAE0AC3
:10C1A000B00AB20AB40AB60AB80ABA0ABC0ABE0A87
:10C1B000C00AFFFFFFFFC20AFFFFFFFFFFFFC40A25
:10C1C000FFFFFFFFFFFFFFFFFFFFFFFFFFFFFFFF7F
:10C1D000FFFFFFFFFFFFFFFFFFFFFFFFFFFFFFFF6F
:10C1E000FFFFFFFFC70AC90AFFFFCB0ACD0ACF0A2C
:10C1F000D10AD30AD50AD70AD90ADB0ADD0ADF0A2F
:10C20000E10AE30AE50AE70AFFFFE90AEB0AED0A99
:10C21000EF0AF10AF30AF50AF70AF90AFB0AFFFF27
:10C22000FFFFFD0AFF0AFFFFFFFFFFFFFFFFFFFF0A
:10C23000FFFFFFFFFFFFFFFFFFFFFFFFFFFFFFFF0E
:10C24000FFFFFFFFFFFFFFFFFFFFFFFFFFFFFFFFFE
:10C25000FFFFFFFFFFFFFFFFFFFF020B040B060BBB
:10C26000FFFFFFFF080B0A0B0C0B0E0BFFFF100B61
:10C27000120B140B160B180B1A0B1C0B1E0B200B9E
:10C28000220B240BFFFFFFFF260BFFFF280B2A0BBF
:10C29000FFFFFFFFFFFFFFFFFFFFFFFFFFFFFFFFAE
:10C2A000FFFFFFFFFFFFFFFFFFFFFFFFFFFFFFFF9E
:10C2B0002D0B2F0B310BFFFFFFFF330B350B370B14
:10C2C000390BFFFF3B0BFFFFFFFFFFFFFFFF3D0BA6
:10C2D0003F0BFFFFFFFF410B430BFFFFFFFFFFFF84
:10C2E000FFFF460BFFFF480B4A0B4C0B4E0B500B4E
:10C2F000FFFFFFFF520B540B560B580B5A0BFFFF5F
:10C300005C0B5E0B600B620B640B660BFFFFFFFFA9
:10C31000FFFFFFFFFFFFFFFFFFFFFFFFFFFFFFFF2D
:10C32000FFFFFFFFFFFFFFFF690B6B0B6D0BFFFFB5
:10C33000FFFF6F0B710B730B750BFFFFFFFF770B8D
:10C34000790B7B0B7D0BFFFFFFFF7F0BFFFF810B4B
:10C35000830B850B870BFFFFFFFFFFFFFFFFFFFF37
:10C36000FFFFFFFFFFFFFFFFFFFF8A0B8C0B8E0B12
:10C37000900B920B940B960B980B9A0BFFFF9C0B58
:10C380009E0BA00BFFFFFFFFA20BA40BFFFFFFFF05
:10C39000A60BFFFFA80BAA0BAC0BAE0BB00BB20B9E
:10C3A000FFFFB40BFFFFFFFFFFFFB60BFFFFB80B54
:10C3B000BA0BBC0BBE0BC00BFFFFFFFFFFFFFFFF65
:10C3C000FFFFFFFFFFFFFFFFFFFFFFFFFFFFFFFF7D
:10C3D000FFFFFFFFFFFFFFFFFFFFFFFFC30BC50BCB
:10C3E000C70BFFFFFFFFC90BFFFFFFFFCB0BCD0B01
:10C3F000CF0BD10BD30BFFFFFFFFFFFFFFFFFFFFB3
:10C40000FFFFD60BD80BDA0BFFFFFFFFDC0BDE0BB9
:10C41000E00BFFFFE20BE40BFFFFE60BE80BEA0B80
:10C42000EC0BEE0BFFFFFFFFF00BFFFFF20BF40B2B
:10C43000F60BF80BFA0BFC0BFFFFFFFFFFFFFFFFF4
:10C44000FFFFFFFFFFFFFFFFFFFFFFFFFFFFFFFFFC
:10C45000FFFFFFFFFF0B010C030C050C070CFFFF98
:10C46000FFFFFFFFFFFF090C0B0C0D0C0F0C110C55
:10C47000130CFFFFFFFF150C170C190C1B0C1D0CE8
:10C48000FFFFFFFFFFFFFFFFFFFFFFFFFFFFFFFFBC
:10C49000FFFFFFFFFFFF200C220C240C260C280CB2
:10C4A000FFFFFFFF2A0C2C0C2E0C300CFFFF320C70
:10C4B000FFFF340C360C380CFFFFFFFF3A0C3C0C2E
:10C4C0003E0C400CFFFFFFFFFFFFFFFFFFFFFFFFE2
:10C4D000FFFFFFFFFFFFFFFFFFFFFFFF430C450CC8
:10C4E000470CFFFFFFFF490C4B0C4D0CFFFF4F0C9F
:10C4F000510CFFFF530CFFFFFFFF550C570CFFFFC4
:10C50000FFFF590C5B0CFFFF5D0CFFFFFFFFFFFF00
:10C51000FFFFFFFFFFFF600C620CFFFF640C660C67
:10C52000680CFFFF6A0C6C0CFFFFFFFF6E0C700CB9
:10C53000720C740CFFFF760C780C7A0CFFFFFFFF77
:10C54000FFFFFFFFFFFFFFFFFFFFFFFFFFFFFFFFFB
:10C550007D0C7F0C810CFFFFFFFF830C850C870C8B
:10C56000890C8B0C8D0C8F0C910CFFFF930C950C90
:10C57000970CFFFFFFFF990C9B0CFFFFFFFFFFFFD6
:10C58000FFFF9D0C9F0CFFFFA10CFFFFFFFFFFFFB4
:10C59000FFFFFFFFFFFFFFFFFFFFFFFFFFFFA40CF9
:10C5A000A60CA80CAA0CAC0CFFFFFFFFFFFFFFFFBF
:10C5B000AE0CB00CB20CFFFFB40CB60CB80CBA0C3D
:10C5C000BC0CBE0CC00CC20CFFFFFFFFFFFFFFFF47
:10C5D000FFFFFFFFFFFFFFFFFFFFFFFFFFFFFFFF6B
:10C5E000C50CFFFFC70CC90CFFFFCB0CCD0CCF0C4B
:10C5F000D10CD30CD50CD70CD90CDB0CDD0CDF0C1B
:10C60000E10CFFFFE30CFFFFFFFFFFFFFFFFFFFF5A
:10C61000FFFFFFFFFFFFFFFFFFFFFFFFFFFFFFFF2A
:10C62000FFFFE60CE80CEA0CEC0CEE0CFFFFFFFF42
:10C63000F00CF20CF40CF60CF80CFA0CFC0CFFFFEE
:10C64000FFFFFFFFFE0C000D020DFFFF040D060DA6
:10C65000080D0A0DFFFFFFFFFFFFFFFFFFFFFFFFBA
:10C66000FFFFFFFFFFFFFFFFFFFFFFFFFFFFFFFFDA
:10C670000D0D0F0D110D130D150DFFFF170DFFFF04
:10C68000FFFFFFFFFFFF190D1B0D1D0D1F0D210DDE
:10C69000230DFFFF250D270D290D2B0DFFFF2D0D60
:10C6A0002F0DFFFFFFFFFFFFFFFFFFFFFFFFFFFF5C
:10C6B000FFFFFFFFFFFFFFFFFFFF320D340D360DC1
:10C6C000FFFFFFFF380D3A0D3C0DFFFFFFFFFFFF9F
:10C6D0003E0D400DFFFF420D440D460DFFFFFFFFD5
:10C6E000FFFFFFFFFFFFFFFF490D4B0D4D0D4F0DEE
:10C6F000FFFFFFFF510DFFFFFFFF530D550DFFFF24
:10C70000FFFF570D590D5B0D5D0D5F0D610DFFFFB7
:10C71000FFFFFFFFFFFFFFFFFFFFFFFFFFFF640DB6
:10C72000660D680DFFFFFFFF6A0D6C0D6E0D700D3D
:10C73000720D740D760D780D7A0D7C0D7E0D800DC9
:10C74000820DFFFF840DFFFF860D880DFFFFFFFFA9
:10C750008A0DFFFFFFFFFFFFFFFFFFFFFFFFFFFF50
:10C76000FFFFFFFFFFFFFFFFFFFFFFFFFFFFFFFFD9
:10C770008D0D8F0D910D930D950D970D990D9B0DB1
:10C780009D0D9F0DA10DA30DA50DFFFFA70DA90DDB
:10C79000AB0DFFFFFFFFFFFFFFFFFFFFFFFFAD0D33
:10C7A000AF0DB10DB30DFFFFFFFFB50DFFFFB70DCF
:10C7B000B90DFFFFFFFFFFFFFFFFFFFFBB0DFFFFF7
:10C7C000BD0DFFFFFFFFFFFFFFFFFFFFFFFFFFFFAD
:10C7D000FFFFFFFFFFFFC00DC20DC40DFFFFFFFFF6
:10C7E000C60DFFFFC80DFFFFCA0DCC0DCE0DD00D3D
:10C7F000D20DD40DFFFFFFFFFFFFFFFFFFFFFFFF85
:10C80000FFFFFFFFD70DD90DDB0DFFFFDD0DDF0DA6
:10C81000E10DFFFFFFFFE30DE50DE70DE90DFFFF64
:10C82000EB0DED0DEF0DF10DF30DF50DF70DFFFF18
:10C83000F90DFB0DFD0DFFFFFF0DFFFF010E030EB8
:10C84000050E070E090E0B0E0D0EFFFFFFFFFFFF7B
:10C85000FFFFFFFFFFFFFFFFFFFFFFFFFFFFFFFFE8
:10C86000FFFFFFFFFFFFFFFFFFFFFFFFFFFFFFFFD8
:10C87000FFFFFFFFFFFF100E120EFFFF140E160E3C
:10C88000180E1A0E1C0E1E0E200E220E240E260E40
:10C89000FFFF280E2A0E2C0E2E0E300EFFFFFFFF7C
:10C8A000320E340EFFFFFFFFFFFFFFFFFFFFFFFF12
:10C8B000360EFFFFFFFFFFFFFFFFFFFFFFFFFFFF42
:10C8C000FFFFFFFFFFFFFFFF390E3B0E3D0E3F0E48
:10C8D000410E430E450E470E490E4B0E4D0EFFFF07
:10C8E000FFFFFFFF4F0E510E530E550EFFFF570E69
:10C8F000590EFFFF5B0EFFFFFFFFFFFF5D0EFFFF07
:10C900005F0EFFFFFFFF610E630EFFFFFFFF650E6F
:10C91000670EFFFFFFFFFFFFFFFFFFFFFFFFFFFFB0
:10C92000FFFFFFFFFFFFFFFFFFFF6A0E6C0E6E0EA3
:10C93000FFFFFFFF700EFFFF720E740E760EFFFFFB
:10C94000780E7A0E7C0E7E0EFFFFFFFF800E820EA9
:10C95000FFFFFFFFFFFFFFFFFFFFFFFFFFFFFFFFE7
:10C96000850E870E890E8B0EFFFF8D0E8F0EFFFF3B
:10C97000910E930E950E970E990EFFFFFFFF9B0EE3
:10C980009D0EFFFFFFFF9F0EA10EA30EA50EFFFF42
:10C99000FFFFFFFFFFFFFFFFFFFFA70EFFFFA90E37
:10C9A000AB0EAD0EAF0EFFFFFFFFFFFFFFFFFFFF60
:10C9B000FFFFFFFFFFFFFFFFFFFFB20EFFFFB40E01
:10C9C000B60EB80EBA0EFFFFBC0EBE0EFFFFFFFF85
:10C9D000C00EFFFFC20EC40EFFFFC60EFFFFFFFF1B
:10C9E000C80ECA0EFFFFFFFFFFFFFFFFFFFFFFFFA5
:10C9F000CD0ECF0ED10ED30ED50ED70EFFFFD90E12
:10CA0000DB0EDD0EFFFFDF0EE10EFFFFE30EFFFF8B
:10CA1000E50EE70EE90EEB0EED0EEF0EF10EFFFF49
:10CA2000FFFFFFFFFFFFF30EFFFFFFFFFFFFFFFF13
:10CA3000F50EFFFFF70EF90EFB0EFD0EFF0EFFFFCA
:10CA4000FFFFFFFFFFFFFFFFFFFFFFFFFFFFFFFFF6
:10CA5000FFFFFFFFFFFFFFFFFFFF020FFFFF040FBE
:10CA6000060F080F0A0FFFFF0C0F0E0FFFFFFFFF4F
:10CA7000FFFFFFFF100F120F140F160F180F1A0FE2
:10CA8000FFFFFFFFFFFFFFFFFFFFFFFFFFFFFFFFB6
:10CA90001D0F1F0F210FFFFF230F250F270FFFFF74
:10CAA000FFFF290FFFFF2B0F2D0FFFFFFFFFFFFFE2
:10CAB0002F0F310F330FFFFFFFFF350FFFFF370F32
:10CAC000390FFFFFFFFFFFFFFFFFFFFFFFFF3C0FDF
:10CAD0003E0FFFFF400F420F440F460F480F4A0F13
:10CAE0004C0F4E0FFFFFFFFF500F520F540F560F0A
:10CAF000580F5A0FFFFF5C0F5E0F600FFFFFFFFF25
:10CB0000620F640F660F680FFFFFFFFFFFFFFFFF5D
:10CB1000FFFFFFFFFFFFFFFFFFFFFFFFFFFFFFFF25
:10CB2000FFFFFFFFFFFFFFFFFFFFFFFF6B0F6D0F1B
:10CB3000FFFF6F0F710FFFFFFFFF730F750F770F71
:10CB4000790F7B0F7D0F7F0F810F830F850F870F6D
:10CB5000890F8B0FFFFFFFFFFFFFFFFFFFFFFFFFAF
:10CB6000FFFFFFFFFFFFFFFFFFFFFFFFFFFFFFFFD5
:10CB7000FFFF8E0F900F920F940F960F980F9A0F42
:10CB80009C0F9E0FFFFFA00FA20FA40FFFFFFFFF40
:10CB9000A60FFFFFA80FAA0FFFFFAC0FFFFFFFFFBD
:10CBA000FFFFFFFFFFFFAE0FB00FB20FB40FB60FC6
:10CBB000FFFFFFFFFFFFFFFFFFFFFFFFFFFFFFFF85
:10CBC000FFFFFFFFFFFFFFFFB90FBB0FBD0FBF0F41
:10CBD000FFFFC10FC30FC50FFFFFC70FFFFFC90F37
:10CBE000CB0FFFFFFFFFFFFFFFFFCD0FCF0FFFFFBB
:10CBF000FFFFD10FD30FD50FD70FFFFFFFFFFFFFB1
:10CC0000FFFFFFFFFFFFFFFFFFFFDA0FFFFFDC0F5C
:10CC1000DE0FFFFFE00FE20FE40FE60FFFFFFFFF65
:10CC2000E80FFFFFEA0FEC0FFFFFFFFFFFFFFFFF23
:10CC3000FFFFFFFFEF0FFFFFF10FF30FF50FF70FF0
:10CC4000F90FFB0FFD0FFF0F01100310FFFF051081
:10CC50000710FFFFFFFF09100B100D100F10FFFF53
:10CC6000FFFFFFFFFFFFFFFFFFFFFFFFFFFFFFFFD4
:10CC7000FFFFFFFFFFFFFFFFFFFF12101410161052
:10CC80001810FFFF1A101C10FFFFFFFF1E10FFFF00
:10CC900020102210FFFFFFFFFFFF24102610281096
:10CCA000FFFF2A10FFFF2C102E103010FFFFFFFF98
:10CCB000FFFFFFFFFFFFFFFFFFFFFFFF33103510F8
:10CCC0003710FFFF39103B103D10FFFFFFFF3F10F3
:10CCD000411043104510FFFF471049104B104D10F5
:10CCE0004F105110FFFFFFFF531055105710FFFF5B
:10CCF00059105B105D105F106110FFFFFFFFFFFF19
:10CD0000FFFFFFFFFFFFFFFFFFFFFFFFFFFFFFFF33
:10CD1000FFFFFFFFFFFFFFFFFFFFFFFFFFFF6410AD
:10CD2000661068106A106C106E107010721074101B
:10CD300076107810FFFFFFFFFFFFFFFF7A107C10D7
:10CD40007E10FFFF80108210FFFF8410FFFF86100F
:10CD5000FFFF8810FFFFFFFF8A108C108E10FFFF6F
:10CD60009010FFFFFFFFFFFFFFFFFFFFFFFFFFFF31
:10CD7000FFFFFFFFFFFFFFFFFFFFFFFF9310FFFF1E
:10CD80009510971099109B10FFFFFFFF9D10FFFF5C
:10CD9000FFFFFFFF9F10FFFFA110FFFFFFFFA41089
:10CDA000A610A810AA10AC10AE10B010B210FFFF61
:10CDB000B410B610B810BA10BC10BE10FFFFC010EF
:10CDC000C210C410C610C810FFFFCA10CC10CE107D
:10CDD000FFFFFFFFD010D210FFFFD410FFFFFFFFB7
:10CDE000D610D810DA10FFFFFFFFDC10DE10FFFFB7
:10CDF000E010E210FFFFE410FFFFFFFFFFFFE6106F
:10CE0000FFFFFFFFFFFFFFFFFFFFFFFFFFFFFFFF32
:10CE1000FFFFFFFFFFFFFFFFFFFFFFFFFFFFFFFF22
:10CE2000FFFFFFFFFFFFFFFFE910EB10FFFFED101B
:10CE3000EF10F110FFFFF310F510F710FFFFF910DE
:10CE4000FB10FD10FF100111FFFF03110511FFFF83
:10CE5000071109110B110D110F11FFFFFFFFFFFF4C
:10CE6000FFFFFFFFFFFFFFFFFFFFFFFFFFFFFFFFD2
:10CE7000FFFFFFFFFFFFFFFFFFFF1211141116114D
:10CE800018111A11FFFFFFFF1C11FFFF1E112011C7
:10CE90002211FFFF2411261128112A112C112E1105
:10CEA000FFFFFFFF3011FFFF32113411361138112F
:10CEB000FFFFFFFFFFFFFFFFFFFFFFFFFFFFFFFF82
:10CEC000FFFFFFFFFFFFFFFFFFFFFFFF3B113D11D4
:10CED0003F11411143114511FFFF4711FFFF491158
:10CEE0004B11FFFFFFFFFFFFFFFF4D114F115111CE
:10CEF0005311FFFF55115711FFFF59115B115D11C0
:10CF0000FFFFFFFFFFFFFFFFFFFFFFFFFFFFFFFF31
:10CF1000FFFFFFFFFFFF60116211641166116811CE
:10CF20006A116C11FFFFFFFF6E1170117211741105
:10CF3000761178117A117C11FFFFFFFF7E11FFFF40
:10CF40008011FFFF82118411861188118A118C11C2
:10CF5000FFFF8E11FFFF9011FFFFFFFFFFFF9211F8
:10CF6000FFFFFFFFFFFF9411FFFFFFFFFFFFFFFF2A
:10CF7000FFFFFFFFFFFFFFFFFFFFFFFFFFFFFFFFC1
:10CF8000FFFFFFFF971199119B119D119F11A11197
:10CF9000A311A511A711A911FFFFFFFFFFFFFFFFBD
:10CFA000FFFFAB11AD11AF11FFFFB111B311FFFFC7
:10CFB000FFFFFFFFB511FFFFFFFFB711B911FFFF23
:10CFC000BB11FFFFFFFFFFFFFFFFFFFFFFFFFFFFA3
:10CFD000FFFFBE11FFFFC011C211C411FFFFFFFF11
:10CFE000C611C811CA11CC11CE11D011D211D41151
:10CFF000D611D811DA11DC11FFFFFFFFFFFFFFFF91
:10D00000FFFFFFFFFFFFFFFFFFFFFFFFFFFFFFFF30
:10D01000FFFFFFFFDF11FFFFE111E311E511E71152
:10D02000E911EB11FFFFFFFFED11EF11F111FFFF10
:10D03000FFFFFFFFFFFFF311F511FFFFFFFFFFFFF2
:10D04000FFFFFFFFFFFFF811FA11FC11FE110012A4
:10D05000021204120612FFFFFFFF0812FFFFFFFF7C
:10D060000A120C12FFFF0E12FFFFFFFF1012FFFF4C
:10D0700012121412FFFFFFFFFFFFFFFF161218121C
:10D080001A121C12FFFFFFFFFFFFFFFFFFFFFFFF52
:10D09000FFFFFFFF1F12211223122512FFFF27128D
:10D0A0002912FFFFFFFF2B12FFFF2D122F12FFFF90
:10D0B000FFFFFFFF311233123512FFFFFFFF371260
:10D0C0003912FFFFFFFFFFFFFFFFFFFFFFFF3C12D3
:10D0D000FFFF3E12401242124412461248124A12F8
:10D0E0004C124E12FFFF50125212FFFFFFFFFFFFC4
:10D0F0005412561258125A125C125E12FFFFFFFFB2
:10D10000FFFFFFFFFFFFFFFFFFFFFFFFFFFFFFFF2F
:10D11000FFFFFFFFFFFFFFFF61126312651267123F
:10D1200069126B126D126F12FFFFFFFF7112731203
:10D13000751277127912FFFF7B127D12FFFF7F12AB
:10D14000811283128512871289128B12FFFFFFFF53
:10D15000FFFFFFFFFFFF8D128F12FFFFFFFFFFFF9B
:10D16000FFFFFFFFFFFFFFFF9112FFFFFFFFFFFF2A
:10D17000FFFFFFFFFFFFFFFFFFFFFFFFFFFF941217
:10D18000961298129A129C12FFFF9E12A012A212DF
:10D19000A412A612FFFFFFFFA812AA12AC12FFFFF3
:10D1A000AE12B012B212B412FFFFFFFFFFFFFFFF7B
:10D1B000FFFFFFFFFFFFB612B812FFFFFFFFBA121B
:10D1C000BC12BE12FFFFFFFFFFFFFFFFFFFFFFFFCD
:10D1D000FFFFFFFFFFFFFFFFC112C312C512C712FF
:10D1E000C912CB12CD12FFFFCF12D112D312D5121A
:10D1F000D712D912DB12DD12FFFFDF12FFFFFFFF94
:10D20000E112E312FFFFE512E712FFFFFFFFE91251
:10D21000EB12FFFFFFFFFFFFED12EF12FFFFFFFF1B
:10D22000FFFFF112FFFFFFFFF312FFFFFFFFF512F9
:10D23000FFFFFFFFFFFFFFFFFFFFFFFFFFFFFFFFFE
:10D24000FFFFFFFFFFFFF812FA12FC12FE12FFFFB2
:10D2500000130213FFFF0413061308130A130C1321
:10D26000FFFFFFFFFFFFFFFF0E1310131213FFFF5F
:10D27000FFFFFFFF141316131813FFFFFFFFFFFF3D
:10D28000FFFFFFFFFFFFFFFFFFFFFFFF1B131D134C
:10D290001F1321132313251327132913FFFF2B1308
:10D2A000FFFF2D13FFFF2F133113FFFFFFFFFFFFC2
:10D2B000FFFF33133513371339133B133D133F135C
:10D2C000411343134513FFFF47134913FFFFFFFFAC
:10D2D000FFFFFFFFFFFFFFFFFFFFFFFFFFFFFFFF5E
:10D2E000FFFFFFFFFFFFFFFFFFFFFFFFFFFF4C13ED
:10D2F000FFFF4E1350135213FFFFFFFF541356133B
:10D300005813FFFFFFFF5A13FFFFFFFF5C135E136D
:10D31000FFFFFFFFFFFFFFFF61136313FFFF6513B5
:10D320006713FFFFFFFF69136B13FFFFFFFF6D1311
:10D330006F13FFFFFFFF71137313FFFFFFFFFFFF6B
:10D34000FFFF761378137A13FFFFFFFF7C137E1322
:10D35000FFFFFFFF80138213841386138813FFFFE0
:10D360008A138C138E139013FFFFFFFFFFFFFFFF45
:10D37000FFFFFFFFFFFFFFFFFFFFFFFF931395136B
:10D38000971399139B139D139F13FFFFA113A313CF
:10D39000FFFFFFFFFFFFA513A713FFFFFFFFFFFF27
:10D3A000FFFFA913FFFFAB13AD13FFFFFFFFAF1389
:10D3B000B113B313B513FFFFFFFFFFFFFFFFFFFF25
:10D3C000FFFFFFFFFFFFB813BA13FFFFBC13BE132D
:10D3D000FFFFC013C213C413FFFFC613C813FFFF20
:10D3E000CA13CC13FFFFFFFFCE13D013D213D413F5
:10D3F000D613D813FFFFFFFFFFFFFFFFFFFFFFFF65
:10D40000FFFFFFFFFFFFFFFFFFFFFFFFDB13DD134A
:10D41000DF13E113E313FFFFFFFFE513FFFFE71344
:10D42000E913EB13FFFFED13EF13F113F313F513F0
:10D43000F713FFFFFFFFF913FFFFFB13FD13FF13AC
:10D440000114FFFFFFFFFFFFFFFFFFFFFFFFFFFFD5
:10D45000FFFFFFFFFFFFFFFFFFFFFFFFFFFF0414C2
:10D46000FFFF061408140A14FFFFFFFF0C14FFFF50
:10D470000E14101412141414FFFF1614FFFFFFFFF4
:10D48000FFFFFFFFFFFFFFFF19141B141D141F14E4
:10D490002114231425142714FFFFFFFFFFFFFFFFB4
:10D4A000FFFF29142B142D142F14FFFFFFFF31143D
:10D4B000FFFF3314FFFF35143714FFFF3914FFFF4C
:10D4C000FFFFFFFFFFFFFFFFFFFFFFFFFFFF3C141A
:10D4D0003E14401442144414FFFFFFFF4614FFFFA4
:10D4E00048144A144C14FFFF4E1450145214FFFFFA
:10D4F00054145614FFFFFFFF58145A14FFFFFFFF88
:10D50000FFFFFFFFFFFFFFFFFFFFFFFFFFFFFFFF2B
:10D510005D145F146114FFFFFFFF6314651467144B
:10D52000FFFF69146B14FFFFFFFFFFFF6D146F1403
:10D5300071147314751477147914FFFFFFFFFFFF44
:10D54000FFFFFFFFFFFFFFFFFFFFFFFFFFFF7C1459
:10D550007E148014FFFFFFFF82148414FFFFFFFF7F
:10D56000861488148A148C14FFFFFFFFFFFF8E14AB
:10D5700090149214FFFFFFFFFFFFFFFFFFFFFFFF6D
:10D580009514971499149B149D149F14A114FFFFD4
:10D59000A314FFFFA514A714A914AB14AD14FFFF27
:10D5A000FFFFFFFFFFFFAF14FFFFB114B314B5146B
:10D5B000FFFFFFFFFFFFB714B914FFFFFFFFFFFFDF
:10D5C000FFFFFFFFBB14FFFFFFFFFFFFFFFFFFFF9A
:10D5D000FFFFBE14C014C214C414FFFFC614C81445
:10D5E000FFFFCA14CC14CE14D014D214FFFFFFFFD7
:10D5F000D414D614D814DA14DC14FFFFFFFFFFFF95
:10D60000FFFFDE14E014E214E414FFFFE614E81454
:10D61000FFFFFFFFFFFFFFFFFFFFFFFFFFFFFFFF1A
:10D62000FFFFFFFFFFFFFFFFFFFFFFFFEB14ED1406
:10D63000EF14F114F314FFFFF514F714F914FB14AD
:10D64000FD14FFFFFFFFFFFFFF1401150315051574
:10D65000FFFFFFFFFFFF0715FFFF0915FFFF0B157A
:10D660000D150F151115FFFFFFFFFFFFFFFFFFFF58
:10D67000FFFFFFFFFFFFFFFFFFFFFFFFFFFF14158F
:10D68000161518151A151C151E152015FFFF221545
:10D69000FFFF241526152815FFFFFFFFFFFFFFFFE3
:10D6A000FFFFFFFF2A152C15FFFFFFFF2E1530157A
:10D6B00032153415FFFFFFFFFFFFFFFFFFFFFFFFE6
:10D6C000FFFFFFFF3715FFFF39153B153D15FFFF26
:10D6D000FFFF3F15411543154515FFFFFFFF471598
:10D6E00049154B154D15FFFFFFFFFFFFFFFFFFFF24
:10D6F000FFFFFFFFFFFF5015521554155615581523
:10D700005A155C15FFFF5E15FFFF60156215641565
:10D71000FFFFFFFFFFFFFFFFFFFFFFFF661568151D
:10D72000FFFFFFFF6A156C156E157015FFFFFFFFF9
:10D73000FFFFFFFFFFFFFFFFFFFFFFFF73157515E3
:10D7400077157915FFFFFFFF7B157D15FFFF7F150F
:10D750008115FFFFFFFF8315851587158915FFFFCD
:10D760008B158D158F15FFFFFFFFFFFF9115FFFF35
:10D77000FFFFFFFFFFFFFFFFFFFFFFFFFFFF94150E
:10D78000961598159A159C15FFFF9E15A015FFFF7D
:10D79000A215A415FFFFFFFFFFFFFFFFFFFFFFFF25
:10D7A000A615A815AA15AC15AE15B015FFFFFFFFFD
:10D7B000FFFFFFFFFFFFFFFFFFFFFFFFB315B515E3
:10D7C000B715B915BB15BD15FFFFBF15C115FFFF77
:10D7D000FFFFFFFFFFFFC315FFFFFFFFFFFFC515A3
:10D7E000C715FFFFFFFFFFFFFFFFCA15CC15CE15C2
:10D7F000D015D215D415D615FFFFD815FFFFDA15B1
:10D80000DC15DE15E015E215FFFFFFFFFFFFFFFF50
:10D81000E415FFFFE615FFFFE815FFFFFFFFFFFF21
:10D82000EA15FFFFFFFFFFFFFFFFEC15FFFFFFFF04
:10D83000FFFFFFFFEF15F115F315F515F715F915B6
:10D84000FB15FFFFFD15FF150116FFFF031605165B
:10D850000716FFFFFFFF0916FFFFFFFF0B16FFFF75
:10D86000FFFF0D160F161116FFFFFFFF13161516FB
:10D87000FFFFFFFF171619161B16FFFFFFFFFFFF25
:10D88000FFFFFFFFFFFFFFFFFFFFFFFFFFFFFFFFA8
:10D89000FFFF1E16201622162416261628162A16F4
:10D8A000FFFF2C162E163016FFFF321634163616D2
:10D8B000FFFFFFFF3816FFFFFFFF3A16FFFFFFFFD6
:10D8C0003C163E164016FFFFFFFF42164416FFFFB0
:10D8D000FFFF461648164A16FFFFFFFFFFFFFFFF38
:10D8E000FFFFFFFFFFFFFFFFFFFFFFFFFFFFFFFF48
:10D8F0004D164F165116FFFF53165516FFFF5716BC
:10D900005916FFFFFFFF5B165D165F16FFFFFFFF57
:10D91000FFFF61166316FFFFFFFFFFFFFFFFFFFF23
:10D92000FFFF6616FFFF68166A166C166E167016F5
:10D930007216FFFF74167616FFFF78167A16FFFF31
:10D940007C167E1680168216FFFFFFFFFFFFFFFF8B
:10D95000FFFFFFFFFFFFFFFFFFFFFFFFFFFFFFFFD7
:10D960008516871689168B16FFFFFFFF8D168F16FB
:10D970009116FFFFFFFF93169516971699169B16A3
:10D980009D169F16A116FFFFFFFFA316FFFFFFFFC7
:10D99000FFFFFFFFFFFFFFFFFFFFFFFFFFFFFFFF97
:10D9A000FFFFA616FFFFA816AA16AC16AE16B016F5
:10D9B000B216B416FFFFB616FFFFB816FFFFFFFF43
:10D9C000FFFFFFFFBA16BC16FFFFFFFFFFFFFFFFC1
:10D9D000FFFFFFFFBF16C116C316C516C716C9162F
:10D9E000CB16CD16FFFFFFFFFFFFCF16FFFFD116AF
:10D9F000D316FFFFFFFFFFFFFFFFD516D716D9167F
:10DA0000DB16FFFFDD16FFFFDF16FFFFFFFFFFFF47
:10DA1000E116FFFFFFFFFFFFFFFFFFFFFFFFE41621
:10DA2000E616E816EA16EC16EE16F016F216F416DE
:10DA3000F616F816FFFFFA16FC16FFFFFFFFFFFFB2
:10DA4000FE160017FFFFFFFFFFFF0217FFFFFFFF9C
:10DA500004170617FFFFFFFFFFFFFFFFFFFFFFFF9A
:10DA6000FFFFFFFF08170A17FFFFFFFFFFFFFFFF82
:10DA70000D170F171117131715171717FFFF191782
:10DA80001B17FFFFFFFF1D171F17FFFFFFFFFFFF04
:10DA9000FFFF21172317FFFF2517FFFFFFFF2717A2
:10DAA0002917FFFFFFFFFFFFFFFFFFFFFFFF2C17FF
:10DAB0002E17301732173417FFFFFFFF36173817AE
:10DAC000FFFF3A173C173E174017421744174617F7
:10DAD000FFFFFFFF48174A174C17FFFF4E1750175D
:10DAE000FFFFFFFFFFFFFFFFFFFFFFFFFFFFFFFF46
:10DAF000FFFFFFFFFFFFFFFFFFFFFFFF5317FFFFCA
:10DB00005517FFFF571759175B175D175F176117F9
:10DB10006317FFFFFFFF6517FFFF67176917FFFF19
:10DB20006B17FFFFFFFFFFFFFFFFFFFFFFFFFFFF81
:10DB3000FFFF6E17701772177417761778177A171A
:10DB4000FFFF7C17FFFFFFFF7E17801782178417E8
:10DB5000FFFFFFFF8617FFFF88178A17FFFFFFFFF2
:10DB6000FFFFFFFF8C178E179017FFFFFFFFFFFFD0
:10DB7000FFFFFFFFFFFFFFFFFFFFFFFF931795175B
:10DB8000971799179B179D179F17A117FFFFFFFF67
:10DB9000FFFFA317FFFFA517A717FFFFFFFFFFFF5B
:10DBA000FFFFA917AB17AD17AF17FFFFB117B317DB
:10DBB000B517FFFFFFFFFFFFB717FFFFFFFFFFFFD7
:10DBC000FFFFFFFFFFFFFFFFFFFFBA17BC17BE17E6
:10DBD000C017C217C417C617FFFFC817CA17CC173C
:10DBE000FFFFFFFFCE17D017FFFFFFFFD217D4179D
:10DBF000FFFFD617D817DA17DC17FFFFFFFFFFFF6D
:10DC0000FFFFFFFFDE17FFFFFFFFE017E217E4173C
:10DC1000FFFFFFFFFFFFFFFFFFFFFFFFFFFFFFFF14
:10DC2000FFFFFFFFE717E917EB17ED17EF17FFFFF0
:10DC3000F117F317F517F717F917FFFFFFFFFB179A
:10DC4000FFFFFFFFFFFFFD17FF170118FFFFFFFF9B
:10DC5000FFFFFFFFFFFFFFFFFFFF03180518FFFF98
:10DC6000FFFFFFFFFFFF08180A180C180E18101806
:10DC70001218141816181818FFFF1A18FFFF1C188E
:10DC80001E18FFFFFFFFFFFF20182218FFFF2418B8
:10DC9000FFFFFFFF2618FFFFFFFFFFFFFFFFFFFF54
:10DCA000FFFFFFFF28182A18FFFFFFFFFFFFFFFFFE
:10DCB0002D182F1831183318351837183918FFFF59
:10DCC0003B18FFFF3D18FFFFFFFF3F184118FFFF04
:10DCD000FFFFFFFFFFFF43184518FFFF4718FFFF37
:10DCE00049184B184D184F18FFFFFFFFFFFFFFFFAC
:10DCF000FFFFFFFFFFFFFFFFFFFF5218FFFF54185A
:10DD0000FFFF561858185A185C185E186018FFFF65
:10DD1000FFFFFFFF6218FFFF64186618FFFFFFFF99
:10DD2000FFFFFFFFFFFFFFFF69186B186D186F18EB
:10DD30007118FFFFFFFF73187518771879187B1893
:10DD4000FFFF7D187F188118FFFFFFFFFFFFFFFF18
:10DD5000FFFF8318FFFF8518FFFF8718FFFFFFFFF6
:10DD6000FFFFFFFFFFFFFFFFFFFF8A188C188E18D1
:10DD70009018921894189618FFFFFFFFFFFF98184D
:10DD80009A18FFFFFFFFFFFFFFFFFFFF9C189E1881
:10DD9000A018A218A418A618FFFFFFFFFFFFFFFF9F
:10DDA000FFFFFFFFFFFFFFFFA918AB18AD18FFFF34
:10DDB000FFFFAF18B118FFFFB318B518FFFFFFFF43
:10DDC000FFFFB718B918FFFFFFFFBB18BD18FFFF13
:10DDD000FFFFFFFFFFFFC018C218C418C618C818FD
:10DDE000CA18CC18FFFFFFFFFFFFFFFFCE18FFFF91
:10DDF000FFFFFFFFD018D218D418D618D818DA1899
:10DE0000FFFFFFFFFFFFFFFFFFFFFFFFFFFFFFFF22
:10DE1000DD18DF18E118E318E518E718E918EB1822
:10DE2000ED18FFFFEF18FFFFFFFFF118F318FFFFDA
:10DE3000FFFFFFFFF518FFFFF718F918FB18FFFFAA
:10DE4000FD18FFFFFFFFFFFFFFFFFFFFFFFFFF18B2
:10DE50000119FFFFFFFFFFFFFFFFFFFFFFFF041997
:10DE6000FFFF0619FFFF08190A190C190E191019DE
:10DE700012191419FFFFFFFF1619FFFF18191A19BD
:10DE80001C191E19FFFFFFFFFFFFFFFFFFFFFFFF32
:10DE9000FFFFFFFFFFFFFFFF211923192519271996
:10DEA0002919FFFF2B192D192F19FFFF3119FFFF1A
:10DEB000FFFF331935193719FFFFFFFF39193B19D8
:10DEC0003D19FFFFFFFFFFFFFFFFFFFFFFFFFFFF0A
:10DED000FFFFFFFFFFFF4019421944194619481977
:10DEE000FFFFFFFF4A194C194E19501952195419C6
:10DEF000FFFF5619FFFF58195A195C19FFFFFFFF62
:10DF0000FFFFFFFF5E19FFFFFFFFFFFF6019FFFF2D
:10DF1000FFFFFFFFFFFFFFFFFFFFFFFF6319FFFF93
:10DF2000651967196919FFFFFFFF6B196D196F19E3
:10DF30007119FFFF7319FFFF7519FFFFFFFF7719B5
:10DF40007919FFFFFFFFFFFFFFFFFFFFFFFF7C19B6
:10DF50007E19FFFF80198219FFFF8419861988191D
:10DF6000FFFFFFFFFFFF8A198C198E199019921974
:10DF70009419FFFFFFFF9619FFFFFFFFFFFFFFFF51
:10DF8000FFFFFFFFFFFFFFFF99199B199D199F19C5
:10DF9000A119A319A519FFFFA719FFFFFFFFFFFF95
:10DFA000A919AB19AD19AF19FFFFB119B319FFFFCB
:10DFB000B519FFFFFFFFFFFFFFFFB719B919BB1925
:10DFC000FFFFFFFFFFFFFFFFFFFFFFFFFFFFFFFF61
:10DFD000FFFFBE19FFFFC019C219C419FFFFFFFFE1
:10DFE000FFFFC619C819CA19FFFFCC19CE19D019DD
:10DFF000FFFFFFFFFFFFFFFFFFFFFFFFD319D51953
:10E00000FFFFD719D919DB19DD19DF19E119FFFF56
:10E01000FFFFE319FFFFFFFFE519FFFFFFFFFFFF12
:10E02000E719E919EB19FFFFFFFFFFFFFFFFFFFFF4
:10E03000FFFFEE19F019F219F419F619F819FA1987
:10E04000FC19FFFFFFFFFFFFFE19001AFFFF021A76
:10E05000FFFFFFFFFFFFFFFF041A061A081AFFFF6A
:10E06000FFFFFFFF0A1AFFFF0C1AFFFFFFFFFFFF72
:10E07000FFFFFFFF0F1AFFFF111AFFFF131A151AF8
:10E08000171A191A1B1A1D1AFFFF1F1A211AFFFF50
:10E09000231AFFFFFFFFFFFFFFFFFFFFFFFFFFFF51
:10E0A000FFFF261A281A2A1A2C1A2E1AFFFFFFFF22
:10E0B000301A321AFFFFFFFF341A361A381A3A1A8A
:10E0C0003C1A3E1AFFFFFFFF401A421AFFFF441A94
:10E0D000FFFFFFFFFFFFFFFFFFFFFFFFFFFFFFFF50
:10E0E000FFFFFFFF471A491AFFFF4B1A4D1A4F1A3D
:10E0F000FFFF511A531AFFFF551A571A591AFFFFFB
:10E10000FFFF5B1A5D1AFFFF5F1A611A631AFFFFB8
:10E11000FFFFFFFFFFFFFFFFFFFFFFFFFFFFFFFF0F
:10E12000FFFF661A681A6A1A6C1AFFFF6E1A701AD5
:10E13000721A741AFFFF761AFFFF781A7A1A7C1A7D
:10E14000FFFFFFFFFFFFFFFFFFFFFFFFFFFFFFFFDF
:10E150007E1A801AFFFFFFFFFFFFFFFF831A851A59
:10E16000871A891A8B1A8D1A8F1A911A931A951A6F
:10E17000FFFFFFFF971AFFFFFFFF991AFFFF9B1A90
:10E180009D1AFFFFFFFFFFFFFFFFFFFFFFFF9F1A2B
:10E19000A11AFFFFA31AFFFFFFFFFFFFFFFFFFFF13
:10E1A000FFFFA61AA81AAA1AAC1AAE1AFFFFFFFFA1
:10E1B000B01AB21AB41AFFFFB61AFFFFB81ABA1A89
:10E1C000BC1ABE1AFFFFFFFFFFFFFFFFC01AC21AF3
:10E1D000FFFFFFFFFFFFFFFFFFFFFFFFFFFFFFFF4F
:10E1E000C51AC71AC91ACB1ACD1ACF1AD11AFFFFEE
:10E1F000FFFFFFFFD31AD51AD71AD91AFFFFFFFF67
:10E20000FFFFDB1AFFFFFFFFFFFFDD1AFFFFDF1A33
:10E21000FFFFFFFFE11AFFFFFFFFFFFFFFFFE41A11
:10E22000FFFFE61AE81AFFFFEA1AEC1AEE1AF01AD4
:10E23000F21AF41AFFFFFFFFF61AF81AFFFFFFFFAA
:10E24000FFFFFA1AFFFFFFFFFFFFFFFFFFFFFFFFC8
:10E25000FD1AFF1A011B031B051BFFFFFFFF071B16
:10E26000091BFFFFFFFF0B1BFFFFFFFFFFFF0D1B46
:10E270000F1BFFFFFFFFFFFFFFFF121B141B161BEF
:10E28000181B1A1BFFFFFFFFFFFFFFFF1C1B1E1BBE
:10E29000201BFFFF221B241BFFFFFFFF261B281B49
:10E2A0002A1B2C1BFFFFFFFFFFFFFFFFFFFFFFFFEE
:10E2B000FFFFFFFF2F1B311B331B351B371B391B88
:10E2C0003B1BFFFFFFFFFFFFFFFF3D1B3F1B411BF2
:10E2D000FFFF431BFFFFFFFFFFFF451BFFFF471B28
:10E2E000FFFFFFFF491BFFFFFFFFFFFFFFFF4C1B6F
:10E2F0004E1BFFFF501B521B541B561B581B5A1B17
:10E30000FFFFFFFF5C1BFFFF5E1B601B621B641BAC
:10E31000FFFFFFFFFFFF661BFFFFFFFFFFFFFFFF8A
:10E32000681B6A1BFFFFFFFFFFFFFFFFFFFFFFFFF1
:10E330006D1BFFFF6F1BFFFF711BFFFF731B751B27
:10E34000771B791B7B1B7D1B7F1BFFFFFFFFFFFFE5
:10E35000FFFFFFFFFFFFFFFFFFFF821B841B861BEA
:10E36000881B8A1B8C1B8E1BFFFFFFFFFFFF901B70
:10E37000FFFF921B941B961BFFFFFFFFFFFFFFFF9A
:10E38000FFFFFFFF981B9A1BFFFF9C1B9E1BA01B00
:10E39000FFFFFFFFFFFFFFFFFFFFFFFFA31BFFFFCD
:10E3A000A51BA71BA91BAB1BAD1BAF1BB11BFFFF05
:10E3B000B31BFFFFFFFFB51BFFFFB71BB91BFFFF21
:10E3C000FFFFFFFFFFFFBB1BBD1BFFFFBF1BFFFFCF
:10E3D000FFFFFFFFFFFFFFFFFFFFC21BC41BC61BAA
:10E3E000C81BCA1BCC1BCE1BD01BD21BD41BFFFFD0
:10E3F000D61BFFFFFFFFFFFFFFFFD81BDA1BDC1B55
:10E40000FFFFFFFFFFFFFFFFDE1BE01BFFFFFFFF24
:10E41000FFFFFFFFFFFFFFFFFFFFFFFFE31BE51B0A
:10E42000E71BE91BEB1BED1BEF1BFFFFFFFFF11BC6
:10E43000F31BFFFFFFFFF51BF71BF91BFFFFFFFFA0
:10E44000FFFFFB1BFD1BFF1BFFFFFFFFFFFFFFFF8E
:10E45000FFFFFFFFFFFFFFFFFFFF021C041C061C66
:10E46000081CFFFF0A1C0C1C0E1CFFFF101CFFFFEA
:10E47000FFFFFFFFFFFF121CFFFFFFFF141C161C16
:10E48000FFFFFFFFFFFFFFFF191C1B1C1D1C1F1CB4
:10E49000211CFFFFFFFFFFFF231C251C271CFFFF84
:10E4A000FFFF291C2B1C2D1C2F1C311C331CFFFFB4
:10E4B000FFFFFFFFFFFF351CFFFFFFFFFFFFFFFF19
:10E4C000FFFFFFFFFFFF381C3A1C3C1C3E1C401C9A
:10E4D000FFFFFFFF421C441CFFFFFFFFFFFF461C26
:10E4E000481C4A1C4C1CFFFF4E1C501CFFFFFFFF2A
:10E4F000FFFFFFFFFFFFFFFFFFFFFFFF531C551C48
:10E50000571C591C5B1C5D1CFFFFFFFFFFFFFFFF3B
:10E51000FFFF5F1CFFFF611C631CFFFF651C671C86
:10E52000691CFFFFFFFFFFFFFFFFFFFFFFFF6C1CEA
:10E530006E1C701CFFFF721CFFFF741CFFFF761C1B
:10E54000FFFF781C7A1CFFFFFFFFFFFF7C1CFFFF13
:10E55000FFFFFFFF7F1C811C831C851C871CFFFFA6
:10E56000891C8B1C8D1CFFFF8F1CFFFFFFFF911C64
:10E57000931CFFFF951CFFFFFFFFFFFFFFFFFFFF47
:10E58000971CFFFFFFFFFFFFFFFF9A1C9C1C9E1CB8
:10E59000A01CA21CA41CA61CA81CFFFFFFFFAA1CF9
:10E5A000FFFFAC1CFFFFFFFFAE1CB01CB21CFFFF47
:10E5B000FFFFFFFFB41CFFFFB61CFFFFFFFFFFFFC5
:10E5C000FFFFFFFFFFFFFFFFB91CBB1CBD1CBF1CF3
:10E5D000C11CC31CFFFFFFFFC51CFFFFC71CFFFFC3
:10E5E000FFFFFFFFC91CCB1CFFFFCD1CFFFFFFFF80
:10E5F000FFFFFFFFFFFFD01CD21CD41CD61CD81C71
:10E60000DA1CDC1CFFFFFFFFFFFFFFFFDE1CFFFF2C
:10E61000E01CFFFFFFFFE21CE41CE61CFFFFE81C00
:10E62000FFFFEA1CFFFFFFFFFFFFFFFFFFFFFFFFF2
:10E63000ED1CEF1CF11CF31CFFFFFFFFFFFFF51C9F
:10E64000F71CF91CFFFFFB1CFD1CFF1CFFFF011D3D
:10E65000031DFFFFFFFFFFFFFFFFFFFFFFFFFFFFA8
:10E66000FFFF061D081D0A1D0C1D0E1DFFFF101DBE
:10E67000121D141DFFFF161DFFFFFFFFFFFF181DDA
:10E68000FFFF1A1DFFFFFFFFFFFFFFFF1C1D1E1DE9
:10E69000FFFFFFFFFFFFFFFF211D231D251D271D7E
:10E6A000291D2B1DFFFF2D1D2F1D311DFFFFFFFFFE
:10E6B000FFFFFFFFFFFF331D351DFFFFFFFF371D6E
:10E6C000391DFFFF3B1DFFFFFFFFFFFFFFFFFFFFA8
:10E6D000FFFF3E1D401D421D441D461D481D4A1D95
:10E6E000FFFFFFFFFFFFFFFF4C1D4E1DFFFFFFFF62
:10E6F000501DFFFF521D541D561DFFFFFFFF581DEB
:10E70000FFFFFFFFFFFFFFFFFFFFFFFF5B1D5D1D23
:10E710005F1D611DFFFFFFFFFFFF631D651DFFFF05
:10E72000671D691D6B1D6D1DFFFF6F1D711DFFFFB7
:10E73000FFFFFFFFFFFFFFFFFFFFFFFFFFFF741D56
:10E74000761D781D7A1D7C1D7E1D801DFFFFFFFF3D
:10E75000FFFFFFFF821D841D861DFFFFFFFF881D39
:10E76000FFFFFFFFFFFF8A1D8C1D8E1DFFFFFFFFB8
:10E77000FFFFFFFFFFFFFFFF911DFFFF931DFFFF47
:10E78000951D971D991DFFFFFFFF9B1D9D1D9F1D43
:10E79000A11DA31DFFFFFFFFFFFFFFFFFFFFFFFF07
:10E7A000FFFFA61DA81DAA1DAC1DFFFFAE1DB01DBD
:10E7B000FFFFFFFFFFFFB21DFFFFB41DFFFFFFFFC5
:10E7C000B61DB81DBA1DBC1DFFFFBE1DFFFFFFFF1C
:10E7D000FFFFFFFFFFFFFFFFC11DC31DFFFFC51DA3
:10E7E000C71DC91DFFFFCB1DFFFFFFFFCD1DCF1DA7
:10E7F000D11DFFFFD31DFFFFD51DD71DD91DFFFF65
:10E80000FFFFFFFFFFFFFFFFFFFFFFFFFFFFDC1D1D
:10E81000DE1DE01DE21DE41DE61DE81DFFFFFFFFFC
:10E82000FFFFFFFFFFFFEA1DEC1DEE1DFFFFFFFFD7
:10E83000F01DFFFFFFFFF21DF41DFFFFFFFFFFFFB5
:10E84000FFFFFFFFF71DF91DFB1DFD1DFF1DFFFF56
:10E85000FFFFFFFF011EFFFF031E051E071EFFFF38
:10E86000FFFFFFFFFFFF091E0B1EFFFFFFFFFFFF64
:10E87000FFFF0E1E101E121E141E161E181E1A1E3C
:10E88000FFFFFFFFFFFFFFFF1C1E1E1EFFFF201EDE
:10E89000FFFF221E241EFFFFFFFFFFFFFFFFFFFF02
:10E8A000FFFF261EFFFFFFFFA4E8D9BFF45CCBBE2D
:10E8B0006B9BA6BE000000004E62514091995F3FE5
:10E8C000345936406A9B97BF0000000076F0EC3F59
:10E8D000B31A14408D9840C06174113E00000000CE
:10E8E0009A0B1DC074D080BC000000004F39E3BFFC
:10E8F000CDCAFDBF9CF4D8BE4CD7493DCDBE5340D8
:10E900000000000000000000D081B23C01E14B3F5C
:10E910001DB9D2BF00000000000000000000000090
:10E9200000000000000000006A109B3FDFAB934036
:10E93000A30A91C0000000000000000000000000D9
:10E9400000000000000000000000000000000000C7
:10E9500000000000000000000000000000000000B7
:10E960000000000000000000000000009E0E87BFB5
:10E97000F9B925BF34593640A9462BC092570BC070
:10E9800015B289BEB4A6FFBD78DFC7BE446C983E01
:10E990000000000010F60E40F217A23F8D9840C014
:10E9A0000F77D93E4AF2F03F00000000000000005F
:10E9B000C1E1BC406A109B3F000000000000000065
:10E9C000F08B813FD9A91BC09CF4D8BEE907B2C027
:10E9D0000000000000000000000000000000000037
:10E9E0002074083F00000000CDA906400000000090
:10E9F000A8D09EBE370A2AC0000000000000000018
:10EA0000670219BE088BD93F869066BF9D7BAE40DA
:10EA100000000000000000000000000000000000F6
:10EA200000000000000000000000000000000000E6
:10EA300000000000000000000000000000000000D6
:10EA400000000000000000000000000000000000C6
:10EA50009E0E87BF162EE7BF3459364034524EC043
:10EA600092570BC0FA3D363FB4A6FFBD0000000030
:10EA7000FCA84ABF655F45BE17FB154010E1334057
:10EA8000E907B2C034F7CABFFEDF2A402074083F4E
:10EA9000E5349BBE0000000000000000C745404078
:10EAA00000000000CB08673F0000000000000000ED
:10EAB00054DCCDBF0000000000000000000000009A
:10EAC00000000000000000004B8DC2BE3E0E94BF4F
:10EAD000498A8A3F7B44F03F000000004A0840C05A
:10EAE000ACF900C0498A8A3FCA0B06C0000000008A
:10EAF0000000000000000000000000000000000016
:10EB00000000000000000000000000000000000005
:10EB100000000000000000000000000000000000F5
:10EB2000000000000000000000000000CA924DBF7D
:10EB3000A8C6AF3F9EFAF8BFBC54693E98C01EC03D
:10EB4000722919BD4CD7493D225A13BFEB982E406C
:10EB500032684D40C63640BF5B841B4015B989C042
:10EB6000DEF83DC0A9214C40B941574000000000EB
:10EB7000001D57BD756A50C0000000000000000075
:10EB800092570BC027E725C00000000066431740DE
:10EB9000CCA4E73F9FA6AA3F00000000DFAB934054
:10EBA000AF1E9CC00000000000000000000000003C
:10EBB0007F47893F000000000000000000000000C7
:10EBC0000000000013E99C3E00000000FCCB18BED2
:10EBD0000000000000000000000000000000000035
:10EBE0004E1F9DBF000000001FB4DDBF03016ABFC0
:10EBF00000000000F8081FBF000000000000000037
:10EC00000000000000000000000000000000000004
:10EC100000000000000000000000000000000000F4
:10EC200000000000000000000000000000000000E4
:10EC30006B9BA6BE94606ABF9EFAF8BFD49000405A
:10EC4000A46286BF9CF4D8BE5611BA405ECD144073
:10EC5000D7BC0EBF34524EC0DFEC943EF45CCBBE4A
:10EC6000825EA7C0A9214C40000000000000000007
:10EC70000000000000000000000000000000000094
:10EC800076F0EC3F34E6E03F63D3453E0000000001
:10EC90000000000000000000371DF13FF7DC95BFC9
:10ECA00000000000D490004000000000F599E03F13
:10ECB000E2E088C0D7C056BF000000003EAEA53FCE
:10ECC0000000000082838440A30A91C0000000007D
:10ECD0000000000000000000000000000000000034
:10ECE0000000000000000000000000000000000024
:10ECF0000000000000000000000000000000000014
:10ED0000000000006B9BA6BEDC720CC08623AEBF69
:10ED10004E625140FC4ED23D498A8A3FF7DC95BF96
:10ED20003C187DC000000000CF1162BEFC66713F40
:10ED300034593640097DDABFC486C940AF1E9CC035
:10ED4000000000001BE20F3FE08D833E508450BF67
:10ED50000C933FC0931EB8BE4D67A2BFFEDF2A4092
:10ED600000000000ABBF2E3E24FA8E3FEA7822C09E
:10ED700000000000C63C174000000000000000003A
:10ED800000000000872F9BBEDD0BB0BF435BE03E61
:10ED9000D3E23FC0AF5C9BC0112E0EBE5245B23FC6
:10EDA000000000003EAEA53F000000000000000093
:10EDB0000000000000000000872657BF0000000090
:10EDC000000000000000000016760840D081B23C30
:10EDD0000000000000000000000000000000000033
:10EDE0000000000000000000000000000000000023
:10EDF0000000000000000000000000000000000013
:10EE00000000000000000000000000000000000002
:10EE100000000000000000000000000000000000F2
:10EE200000000000000000006B9BA6BEDC720CC05E
:10EE30008623AEBF4E625140927DD53E15C205C0BD
:10EE4000F2348B3F3C187DC000000000329892BE27
:10EE50009EAB07400000000045DF73C07178803F23
:10EE6000A9214C40000000001BE20F3F48E72DBFE6
:10EE7000938BC6BFFC66713F00000000AF8BD1BF13
:10EE8000C313B83F8987093F5611BA4008FCD53FE4
:10EE90000000000013874D40000000001F170C40C9
:10EEA0007C3FAFBEDC56C1BE505D07C00C933FC077
:10EEB0005245B23F9B6BB33FB780643EF2791DBFB2
:10EEC0003F37953F0B8D853FE13940BF97A7BA3F4C
:10EED00000000000B8B0CFBFB5DBF63E0000000078
:10EEE0000000000000000000000000000000000022
:10EEF0000000000000000000000000000000000012
:10EF00000000000000000000000000000000000001
:10EF100000000000000000000000000000000000F1
:10EF200000000000000000000000000000000000E1
:10EF300000000000000000000000000000000000D1
:10EF400000000000000000000000000000000000C1
:10EF50000000000000000000000000006B9BA6BE47
:10EF6000DC720CC0EB9F9ABF4E625140DA9B513F5E
:10EF7000498A8A3FF2348B3F3C187DC00000000074
:10EF8000F6055C3FC63640BF3459364086A7D8BF29
:10EF9000783F564008FCD53F000000001BE20F3FC1
:10EFA00048E72DBFE5DB1240ABE6B9BEBA215E3FB4
:10EFB000E4230EC0F82FC7BF0000000027B9C1BC72
:10EFC000CB5326C03783734072BC4BC04987E2BF26
:10EFD00013874D400000000058404C40EE24C9BF4C
:10EFE00061F992BF938BC6BF00000000C5D671C007
:10EFF00082629ABFB899EC3F00000000FC99853FFF
:10F0000000000000000000000000000075868F3F37
:10F0100000000000540047C02968CB3F00000000FA
:10F02000C1359D40B8B0CFBF000000000000000017
:10F0300000000000000000000000000000000000D0
:10F0400000000000000000000000000000000000C0
:10F0500000000000000000000000000000000000B0
:10F0600000000000000000000000000000000000A0
:10F070000000000000000000000000000000000090
:10F080000000000000000000000000000000000080
:10F090000000000000000000000000000000000070
:10F0A0006B9BA6BEA9462BC0825EA7C0111A464024
:10F0B000FF448CBE706359C0277CF93F800F61BF4D
:10F0C00000000000D776803FC71D18BF0000000079
:10F0D000DC3F59BD54DCCDBF8316C33F00000000A8
:10F0E00022FF563F989049C0576E8BBF508450BF47
:10F0F000BE53F03F00000000000000009CF4D8BEAA
:10F10000AF1E9CC0744802BE00000000000000005A
:10F11000000000007319613E9E0E87BF00000000D2
:10F1200039E5D6BF00000000370C0040CA739DBF10
:10F13000C8AE01405B841B403EAEA53F000000000E
:10F140004CD7493D00000000000000000000000016
:10F1500000000000000000000000000000000000AF
:10F16000000000000000000000000000000000009F
:10F17000000000000000000000000000000000008F
:10F18000000000000000000000000000000000007F
:10F19000000000006B9BA6BEA9462BC0D0DF80BF3D
:10F1A00015FC6AC0FF448CBEB6928DBFF2348B3F13
:10F1B00000000000111A4640D776803FAEFBBB3EF0
:10F1C000D4E803C0A5E6BBBE7178803F08FCD53FFC
:10F1D000800F61BF00000000989049C0576E8BBF40
:10F1E0000B0F993F13A5CBBF00000000AB83B83FC6
:10F1F0006A914D3FDECEBA3F8987093F5611BA402A
:10F2000072BC4BC0DD9E11400000000000000000F9
:10F210007319613E9E0E87BFC07F1AC039E5D6BF05
:10F22000AA628EBEFD101BBF000000002E274BC03F
:10F230004B1AA8BF000000000000000011A3D43D3D
:10F24000001A803F63343140F7083F3DE13940BF49
:10F2500097A7BA3F0000000000000000B8B0CFBF81
:10F26000000000000000000000000000000000009E
:10F27000000000000000000000000000000000008E
:10F28000000000000000000000000000000000007E
:10F29000000000000000000000000000000000006E
:10F2A000000000000000000000000000000000005E
:10F2B000000000000000000000000000000000004E
:10F2C000000000000000000000000000000000003E
:10F2D000000000000000000000000000000000002E
:10F2E00015B289BEDC720CC0825EA7C03C187DC01E
:10F2F00034DE763F706359C0277CF93F0000000080
:10F3000032684D4017854D3F1503BCBD000000001D
:10F31000DC3F59BD5BA089BFABE6B9BE800F61BFC2
:10F3200000000000383617C00000000045A7C83EA6
:10F330003858033E0000000000000000545B09BF85
:10F34000A30A91C000000000446C983EB12C14C088
:10F35000B899EC3F82F992BFCC1E413F00000000FB
:10F3600000000000AEE62A3E00000000C555C23E87
:10F3700054DCCDBF00000000B6928DBF000000003D
:10F38000000000000000000000000000000000007D
:10F39000000000000000000000000000000000006D
:10F3A000000000000000000000000000000000005D
:10F3B000000000000000000000000000000000004D
:10F3C000000000006B9BA6BEA9462BC0D0DF80BF0B
:10F3D00015FC6AC043C424405672F53EF2348B3F9C
:10F3E00000000000111A4640B8CFABBF000000007B
:10F3F000F45CCBBEAA9197C0783F564008FCD53F3D
:10F400000C40B5BF0000000001CEF03F7EF4283F65
:10F410002EC25ABF5B841B40AF8BD1BF3EAEA53F0F
:10F42000CB5326C003016ABF1AD10F4070F01540BC
:10F430000000000000000000F84CE7BF00000000E2
:10F44000E21CBD3F815B8ABF00000000000000009D
:10F45000A49CAABE000000000000000020DD953F33
:10F460001680D3BF4B0ADF3C00000000DE3675403B
:10F47000B8FC01C0D46F20C0500FFDBF00000000D9
:10F48000000000000000000000000000000000007C
:10F49000000000000000000000000000000000006C
:10F4A000000000000000000000000000000000005C
:10F4B000000000000000000000000000000000004C
:10F4C000000000000000000000000000000000003C
:10F4D000000000000000000000000000000000002C
:10F4E00071996CBEF217A23FD0DF80BF34524EC07C
:10F4F0000991A23FB6928DBFF7DC95BF74DB2F3F19
:10F50000383617C0498D3FBF248D89BF9FDD054028
:10F51000A5E6BBBEE5E38B3DC63C174000000000FE
:10F52000000000002212A0BF7EF4283F000000006F
:10F53000E5069CBF000000000936473F3EAEA53FF0
:10F540001E40473F6A914D3F31161CBFFB92004061
:10F55000CAD715C080E20340F0659ABE00000000E3
:10F56000000000003C107FBEACCBD03F000000008C
:10F57000000000000000000000000000000000008B
:10F58000000000000000000000000000000000007B
:10F590006AFB4FBFF59340BFEFDC1E3F0000000049
:10F5A000F622B23F00000000000000009A3BE13F5D
:10F5B00000000000399346C00FC2B03F00000000B9
:10F5C000000000000000000000000000000000003B
:10F5D000000000000000000000000000000000002B
:10F5E000000000000000000000000000000000001B
:10F5F000000000000000000000000000000000000B
:10F60000000000008B814F3F4F0A224054DCCDBFE9
:10F61000A46286BF938E1E3DC313B83F5611BA40F5
:10F620003C5EB3BF1AB59D3F000000000000000023
:10F63000CCAC3ABE45DF73C0344902C000000000C4
:10F64000C859D8BF9B2C01409473DC3F938BC6BF35
:10F65000F7083F3D00000000D5D78FBF4E1F9DBF6C
:10F660000000000072FBD0BF0F1EE4BE32ADDB40D5
:10F67000178668BF00000000C989BCBFC4E8AEBEE1
:10F680003478E1BFFCA84ABF000000000000000081
:10F69000000000000000000000000000BB0396BF57
:10F6A000331524C028E883BF0000000000000000DC
:10F6B000000000000000000000000000000000004A
:10F6C000000000000000000000000000000000003A
:10F6D000000000000000000000000000000000002A
:10F6E000000000000000000000000000000000001A
:10F6F00000000000000000008B814F3F21B1194045
:10F7000054DCCDBFDD2B7BBF8F5B2D40786AEABD1B
:10F710005611BA403C5EB3BF2982DD3F00000000B5
:10F7200000000000CB6EE33EA5E6BBBECA0B06C0E0
:10F7300000000000C859D8BF9B2C01402D834240D7
:10F740008145EEBF00000000B183E63D75D632C0B2
:10F75000128803400000000029EBB83F0F1EE4BEF2
:10F7600032ADDB4023878BBF0000000064E2B6BFF0
:10F77000E0DD523F7C28E9BFD4470FBF0000000006
:10F780000000000000000000000000000000000079
:10F7900000000000F61EF1BF2968CB3F000000000A
:10F7A0000000000000000000000000000000000059
:10F7B0000000000000000000000000000000000049
:10F7C0000000000000000000000000000000000039
:10F7D0000000000000000000000000000000000029
:10F7E000000000009E0E87BFB348A53FBDA0A93F03
:10F7F000AA895E406DCF66BF4CD7493D4C2A3BBFBE
:10F800004FEF92BFBA4706C00000000000000000A2
:10F81000DFAB9340BD6CC73F128803405ECD144000
:10F82000CDF7CF3F63BBC73F0000000000000000E2
:10F8300068CCEBBE4284F4BCB6EA1A40D39F44BF06
:10F84000C6A058405B8DC03E0CB5C83F65F58ABE6A
:10F850005D9F1BBFA6A7893FB0A086BF699684BFE6
:10F8600053D3663F712EBB3F59BBF93F6A226CBF31
:10F87000810761400140423F92F9013E00000000D3
:10F880000000000000000000000000000000000078
:10F89000987281BF0000000000000000000000001E
:10F8A0000000000000000000000000000000000058
:10F8B0000000000000000000000000000000000048
:10F8C0000000000000000000000000000000000038
:10F8D0000000000000000000000000000000000028
:10F8E0000000000000000000000000000000000018
:10F8F0000000000000000000000000000000000008
:10F900008B814F3FA9462BC054DCCDBF111A464016
:10F9100034DE763FC313B83F5611BA4031FC46C0BF
:10F9200000000000BDA0A93FDA9E12C0CCAC3ABED8
:10F9300045DF73C00A7B81BE0000000000000000AC
:10F94000B51CF9BFB438A5BFBDFD0540248D89BFE6
:10F95000ADDA7CBFC19FA9BE00000000D5D78FBF24
:10F960004E1F9DBFB150453F08FCD53F0000000031
:10F97000E2A29EBFF316043FDCBA4F40C6A0584037
:10F980007B44F03F0000000000000000DFE7124071
:10F99000063C913F00000000000000000000000055
:10F9A0000000000000000000B4838ABF71372E3FC2
:10F9B00065B3783F49D3A04000000000000000007C
:10F9C0000000000000000000000000000000000037
:10F9D0000000000000000000000000000000000027
:10F9E0000000000000000000000000000000000017
:10F9F0000000000000000000000000000000000007
:10FA000000000000000000000000000000000000F6
:10FA10000000000041E9813FC1F9F03F9FF6B3BF0C
:10FA200034524EC0407493BECCD252BF7EC81CBF6D
:10FA3000D3FD513EBDA0A93F66F943BF52B9F0BF07
:10FA40009EFAF8BF49C32F40DD2B7BBF4506ED3F33
:10FA500000000000000000006AA7A43FBDFD0540B3
:10FA600000000000000000000000000091B0F0BEA7
:10FA7000990D5F40EBF6353FBF5C443F000000004E
:10FA80002455DE4011FFCDBB00000000966A1940EE
:10FA9000514090BE00000000798B0F40C59A00C015
:10FAA000000000000000000032E8CABD00000000B5
:10FAB00000000000BE5551C0000000000000000022
:10FAC0000000000000000000000000000000000036
:10FAD0000000000000000000000000000000000026
:10FAE0000000000000000000000000000000000016
:10FAF0000000000000000000000000000000000006
:10FB00009E0E87BFB348A53F59BBF93F1123E63E80
:10FB10006DCF66BFF874733F1DA987C0093D903E45
:10FB2000315BE5BF0000000000000000BDA0A93F60
:10FB3000C9A31F3F00000000712EBB3F7B334A402A
:10FB400082D0C4BE0000000000000000F08B813FA6
:10FB5000E4CB87BF4506ED3FF0D507BF08FCD53F96
:10FB6000C50702C013DB963F0000000091E93CC0CE
:10FB7000825EA7C03AD7DABD2F1DBF3FF0D507BFC1
:10FB8000E5E38B3D1C2CEDBD1A46423EA206463FE6
:10FB90005CA35BC0D313BCBF0000000000000000EA
:10FBA0000000000000000000000000000000000055
:10FBB0000000000000000000000000000000000045
:10FBC0000000000000000000000000000000000035
:10FBD0000000000000000000000000000000000025
:10FBE0000000000000000000000000000000000015
:10FBF0000000000000000000000000000000000005
:10FC00000000000041E9813FC1F9F03F9FF6B3BF1A
:10FC100034524EC0407493BECCD252BF7EC81CBF7B
:10FC2000D3FD513E6AA7A43F4E420DBE52B9F0BF6C
:10FC30009EFAF8BF098F9ABFDD2B7BBF4506ED3FCB
:10FC40000000000000000000BDA0A93F0366EF3FD8
:10FC50000000000066F943BF0000000091B0F0BE54
:10FC6000990D5F40EBF6353F000000002C9F693F87
:10FC700035F23EBF90304FBE000000005C709D3EEC
:10FC8000514090BEBDFD0540000000000000000096
:10FC90000000000000000000000000000000000064
:10FCA00032E8CABD000000000000000063B3883FD6
:10FCB0000000000000000000000000000000000044
:10FCC00000000000ABBF2E3E00000000000000005E
:10FCD0000000000000000000000000000000000024
:10FCE0000000000000000000000000000000000014
:10FCF000000000000000000015B289BE415FD3BEC5
:10FD0000825EA7C098501DBF225A13BF706359C0AE
:10FD10005BA089BF6A66E73ECDA90640CAB927BE87
:10FD2000BE03E5BF00000000DC3F59BD24EC2CC041
:10FD3000B6928DBF0000000000000000C4EBC73F7A
:10FD400057DED43E92205BBF693B563F7647284042
:10FD500051BE8DBF0000000000000000D7DC124043
:10FD60003F1241BF5E02E0BFD4FCB5BFBC575D3F50
:10FD7000000000000000000000000000312AA8BDC3
:10FD8000E2E088C067F874BFDA1E9E3F215F5B3FE8
:10FD900000000000F7DFF1BD1C58A2BD000000000C
:10FDA0000000000028E883BF2576033EFA78443E31
:10FDB000712EBB3FE89581BF211742BE00000000B5
:10FDC0000000000000000000000000000000000033
:10FDD0000000000000000000000000000000000023
:10FDE0000000000000000000000000000000000013
:10FDF0000000000000000000000000000000000003
:10FE000000000000000000000000000000000000F2
:10FE100000000000000000000000000000000000E2
:10FE2000000000000000000000000000590FDD3F4E
:10FE3000257B11400B93F43F825EA7C08A75EE3E8E
:10FE4000B63774BF000000000DF028C0FA58B73F65
:10FE50008C3762C0C02040C0633805C008FCD53F65
:10FE6000CD9332401AB59D3F7A9B7EBFC313B83FF6
:10FE700000000000E45B8240000000006AA7A43F8D
:10FE800000000000268193BEADAB67C000000000FB
:10FE90000000000000000000000000000000000062
:10FEA0005910ACBFC7E7C73F8B5B74BF52B9F0BFF7
:10FEB0005E7E11C000000000000000000000000095
:10FEC0003A16C9BF000000005B8DC03E387F8740F6
:10FED0000000000000000000000000000000000022
:10FEE0000000000000000000000000000000000012
:10FEF0000000000000000000000000000000000002
:10FF000000000000000000000000000000000000F1
:10FF100041E9813F15230E40D39F44BFC4EBC73F47
:10FF200007F8833C2D12C2BF97BD5EC034524EC04D
:10FF3000693B563F00000000B70F773F207339BF81
:10FF40007CBDC6BF95A82CBE993B57C0EC82FA3E3B
:10FF5000BDA0A93F0000000000000000F4B4D2BE24
:10FF60000000000000000000000000002A15823E92
:10FF7000BBAAB83F000000000000000028D335BF36
:10FF8000000000000000000000000000514090BE92
:10FF9000BDFD054000000000000000000000000062
:10FFA00000000000722919BD0000000000000000E0
:10FFB0000000000000000000000000000000000041
:10FFC00000000000000000000000000015B289BE23
:10FFD00035CB9F3F54DCCDBF1FAA153F6977B9BF12
:10FFE000864469BE107F294013E303BF5589F1BFE2
:10FFF0000000000000000000607D713F85F41DBF1F
:020000040802F0
:10000000317B274002CFE2BF1F170C40D54F66BEA1
:10001000D5EA3CBF9B2C014084734EBFC118CB3F37
:100020000000000096EC5940C4DDA7BE2968CB3F14
:10003000D484A83F22058F3FA7F51D400000000093
:10004000DC720CC095BC72BEECB600C0CAE6D53FEF
:10005000A46286BF00000000000000000000000055
:100060000000000000000000560DC33F75D632C0EE
:10007000ABBFCFBE1F63CEBF27B9C1BC000000001D
:100080000402054000000000C6ACAF3DF63836BEA5
:100090000000000000000000000000000000000060
:1000A0000000000000000000000000000000000050
:1000B0000000000000000000000000000000000040
:1000C0000000000000000000000000000000000030
:1000D0000000000000000000000000000000000020
:1000E0000000000000000000000000000000000010
:1000F0000000000000000000000000000000000000
:1001000098C01EC032684D4088EF1C40800F61BF10
:1001100000000000C859D8BF225A13BF0F1EA4BD4B
:1001200048E72DBFD4FCB5BF0BA1213F8D0B003F8D
:10013000CBB9DBC0000000000000000000000000A0
:1001400000000000000000000C43DDBFD776803FB8
:10015000B494584000000000938BC6BF000000001C
:10016000F0B45FC017854D3F0715DB3FDFB60D3F8D
:10017000A4EAF0BF560DC33FA9A1E03F44C542BF6A
:1001800000000000C3C45C3E00000000000000004E
:10019000000000000000000000000000000000005F
:1001A000000000000000000000000000000000004F
:1001B000000000000000000000000000000000003F
:1001C000000000000000000000000000590FDD3FAB
:1001D000C4EBC73F0F1EA4BD257B1140C41CFC3FD0
:1001E000E2E088C0773246BE3D3A9EBF30A8613F0C
:1001F000FC50523F00000000000000000000000022
:1002000067E1364087569440BF5C6740F75962BE4D
:1002100021618DBF00000000000000000000000010
:10022000A0F16F3C00000000000000000000000092
:100230009B2C0140A03EB2BF9CE18B3F77A9CEBF73
:100240000000000091CC5FC0000000005F8CF73F11
:10025000000000000000000000000000000000009E
:10026000000000000000000000000000000000008E
:10027000000000000000000000000000000000007E
:1002800098C01EC0111A464088EF1C405ECD144035
:1002900000000000C859D8BF5ECB2F40E9C88FBF0F
:1002A00000000000D4FCB5BF0BA1213F08FCD53FE6
:1002B000AE5281BF000000000000000000000000FE
:1002C0000C43DDBF1FAA153F6770054067E986BF75
:1002D00000000000000000001DB9D2BF17854D3F8F
:1002E00021F037C059BBF93F53DD50BFC50702C0ED
:1002F000D47E2240C989BCBF3B3089BF00000000CA
:10030000BFA829BF0000000000000000000000009E
:1003100000000000000000000000000000000000DD
:1003200000000000000000000000000000000000CD
:1003300000000000000000000000000000000000BD
:1003400000000000000000000000000034524EC019
:10035000D3FD513E88EF1C4000000000000000006B
:10036000C859D8BF225A13BFD4FCB5BF0BA1213F37
:100370008D0B003FB236873F000000000C43DDBF0D
:10038000AF7BEABF6770054000000000938BC6BFDB
:100390007C1EAFBFEE9AA13EC25D5ABF0715DB3F80
:1003A000C4E781BF590FDD3FC50702C029B1004036
:1003B0009329E43F000000000000000019B8C9BF05
:1003C000000000000000000000000000000000002D
:1003D000000000000000000000000000000000001D
:1003E000000000000000000000000000000000000D
:1003F00000000000000000000000000000000000FD
:10040000000000000000000098C01EC015FC6AC07B
:1004100079269FBF00000000662A9A3F1150E73FEF
:10042000F6218CBFCFFB6140459DBABFC346A0BF3C
:1004300000000000EC547C3FE7F15A40000000004F
:100440000000000000000000000000008CBB0EC097
:100450004F27A23FDA496C3E00000000CA280F4037
:10046000D5D78FBF00000000000000000000000092
:10047000000000000000000000000000825EA7C035
:1004800011B1783D76DF0140A465013F0000000016
:10049000000000000000000000000000000000005C
:1004A000000000000000000000000000F7DC95BF25
:1004B0007A7A8C3F125401BFF8E6233FD776803F0B
:1004C000131DA3BF40B50A40FEAF433F6CF411C0FB
:1004D0000000000000000000F316043FA028923F37
:1004E000C9A31F3FB236873F0F7F0C4000000000BA
:1004F00000000000000000005329C4BF46542BC078
:100500007CD352C0D5D78FBFD39F44BF97B6C3BF4C
:10051000DFE67EBF7EC63E40448FB43F0000000051
:100520003987A63E5AD565BE0000000097629ABE84
:100530000000000023C09D3F012A983FC6A2623FF1
:10054000DDEA2D3F7178803F7FB20A3F803C803FDB
:10055000187299BE8AFEB0BF0000000000000000C3
:10056000000000000000000000000000000000008B
:10057000000000000000000000000000000000007B
:10058000000000000000000000000000000000006B
:10059000000000000000000000000000000000005B
:1005A000000000000000000000000000000000004B
:1005B000000000000000000000000000000000003B
:1005C000000000000000000036D33F40E7F15A4031
:1005D000A8C6AF3F34524EC0D5D78FBF0000000031
:1005E00000000000D3FD513E5B1563C00000000019
:1005F00000000000000000000000000008539AC046
:10060000DEB0754000000000B71BF4BF3ED0F4BF61
:100610002C9D533F0000000000000000000000007F
:10062000000000000000000000000000A46286BF7F
:100630003E0E94BFDEF05A40E661F3405BA089BFF6
:100640001AB59D3FD002123FD550BABE5C69093E33
:10065000DD70093FA1B3293FBE2922C08772D3BFF5
:10066000EEACE2C05E02E0BF8FD7A8BD872657BFC1
:10067000082559BE00000000F45C2E4099BDF13FF2
:10068000E4156BC0809B5C3F00000000CF0F9FBE55
:100690007C28E9BFACCCA9BF000000006908A83FD6
:1006A000000000000000000039E5D6BF0000000097
:1006B00005C747BE79F587BF0000000000000000B5
:1006C000000000000000000000000000000000002A
:1006D00079A207BE6CC1C2BF5022C23F09FF7D3F55
:1006E000894028BF0C876E3F81A4F23EE6ED0740AB
:1006F000AE6A04BE7296094000000000CF23E53FB9
:1007000000000000000000000000000000000000E9
:1007100000000000000000000000000000000000D9
:1007200000000000000000000000000000000000C9
:1007300000000000000000000000000000000000B9
:1007400000000000000000000000000000000000A9
:100750000000000000000000000000000000000099
:100760000000000000000000000000000000000089
:1007700036D33F40E7F15A40A8C6AF3F7CB48D4026
:10078000D5D78FBF0000000000000000825EA7C028
:10079000000000000000000000000000470A573F72
:1007A00068EE383F8D0B003F000000009BBFAA3F62
:1007B0001794FDBE000000000000000000000000D3
:1007C00000000000000000000000000079269FBF2C
:1007D0007DBAE23F6DB819BFC346A0BF000000005C
:1007E000006CFE3E9D7DDEBE8CBB0EC0F474853F6A
:1007F00008C654BFCD8057BF1DD73D3F839C35C031
:1008000000000000000000000000000000000000E8
:1008100000000000BF8C34BF2212A0BFF8A433C078
:10082000827C5ABF0C5EFB3E02CFE2BF7BD1873F8A
:100830001C51553E2C1B84BF00000000000000002E
:1008400082FDF5BD000000004E1F9DBF759004C0E5
:1008500000000000000000008987093FC735833F82
:100860005589F1BF2968CB3F00000000000000005F
:100870000000000000000000000000000000000078
:100880000000000000000000000000000000000068
:100890000000000000000000000000000000000058
:1008A0000000000000000000000000000000000048
:1008B00034524EC07BD70CC079269FBF0000000089
:1008C000000000001150E73F6DB819BFC346A0BF3C
:1008D00000000000006CFE3E4940EB3F112BC53E7E
:1008E00016E73D4008C654BFCD8057BFCB0CA4BF10
:1008F0000A7B81BE00000000000000000000000034
:100900000000000000000000CEC734BF2212A0BFCC
:10091000F8A433C0544CBABFB906C6BF00000000EB
:1009200000000000000000000000000000000000C7
:1009300000000000000000000000000000000000B7
:1009400000000000000000000000000036D33F401F
:10095000E7F15A40A8C6AF3F1AD90440D5D78FBF98
:1009600000000000000000007CB48D40000000008A
:10097000000000000000000098C01EC00000000041
:100980005ECD14408C6A6DC00000000000000000C5
:10099000000000000000000034524EC0D081B23C84
:1009A000CCD293BF0000000000000000C9F58E3FCC
:1009B0008C6A6DC0938BC6BF866302C0248D89BFCD
:1009C00074D687BF56A0DCBF1FB4DDBF0000000097
:1009D0000000000000000000000000009B9A383F6B
:1009E000131DA3BF00000000000000000000000075
:1009F00000000000A9AE3CBF75F32F3F3A93F73ECD
:100A00008085F93F000000000000000000000000A9
:100A100000000000000000000000000000000000D6
:100A20000000000067E136407F53B5BE0C9A21C03C
:100A30009C0630BEDEB075400000000000000000E3
:100A4000E2D8513EFA85FFBF98BF2F3F2C9D533F00
:100A50000682B13FA87BD7BFC0C363BF70A8833FE6
:100A60005589F1BF3B53B13F00000000F334B8BFDC
:100A7000BDC5B93E000000001D51A83FA0A4023F23
:100A800000000000000000002D797640CDBE5340EC
:100A9000DEB42B40E3FFC13F136518C07D2D7EBF40
:100AA0000000000000000000000000000000000046
:100AB0000000000000000000000000000000000036
:100AC0000000000000000000000000000000000026
:100AD0000000000000000000000000000000000016
:100AE0000000000000000000000000000000000006
:100AF00079269FBF7DBAE23FF6218CBFB9A2CBBE5B
:100B000000000000EC547C3FF2CCC4BF6EA8DBBDFB
:100B100000000000DA496C3E00000000828384403F
:100B2000893877C0BB9F93BD000000000000000023
:100B3000000000002C2B8EBF4284F4BC000000009B
:100B400052B9F0BF000000000000000000000000EB
:100B5000F08318BF0000000000000000E89581BF8E
:100B600029B100400000000000000000000000006B
:100B7000000000000000000000000000825EA7C02E
:100B80000DF028C088EF1C40000000006A109B3F59
:100B9000C859D8BF6295173F000000000000000050
:100BA000D4FCB5BFE661F3409E0E87BF11DB4F3F1B
:100BB000000000000C43DDBFD490004022058F3FB1
:100BC000C346A0BF21C25BC000000000EB9F9ABFDC
:100BD0002982DD3F0715DB3FA2E72BC07F53B5BE5F
:100BE0000000000000000000952C8CBE00000000FA
:100BF00000000000000000000000000000000000F5
:100C000000000000000000000000000000000000E4
:100C100000000000000000000000000000000000D4
:100C20000000000000000000C751D4BF27DEDFBF76
:100C30007F53B5BE0000000000000000A9E08DBE9B
:100C4000ABE6B9BE6E3A443E0C4A8CC090FCF43F11
:100C5000125401BFA2E7A63FD926B03E6A66E73E1E
:100C60009D884ABD2C9D533F7CB4893FC735833F47
:100C7000BD6CC73F4284F4BC00000000206E203FE2
:100C8000D7865D3E9C0337BE000000003317B1BF1E
:100C90002EFEFD3FFEAF433FC7439B4043C428C0E9
:100CA00000000000938BC6BF432228C03A1F5AC0E1
:100CB000C949333F000000000000000000000000B0
:100CC0000000000000000000000000000000000024
:100CD0000000000000000000000000000000000014
:100CE0000000000000000000000000000000000004
:100CF00000000000000000000000000000000000F4
:100D000000000000000000000000000000000000E3
:100D100000000000000000000000000034524EC03F
:100D20007BD70CC017F09ABF000000000000000045
:100D300056A0DCBFCCD293BF6727B6BFC4E8AEBE17
:100D4000C9F58E3F2982DD3F6A51183F000000003F
:100D5000B37297BF0000000076DB483F0000000040
:100D600017854D3F3BDCAFBFCD1C2040000000008D
:100D700000000000000000001FB4DDBFDF2685BFBB
:100D80002C9F693F18AE293F8235B93FC58422C0E8
:100D90000000000000000000000000000000000053
:100DA0000000000000000000000000000000000043
:100DB0000000000000000000000000000000000033
:100DC000000000000000000036D33F40E7F15A4029
:100DD000A8C6AF3F3AECCBBFD5D78FBF000000000D
:100DE00000000000AB6D463E1F63CEBF0000000058
:100DF000000000003317B1BF9294EF3E9C0630BE56
:100E000068EE383F00000000F7C646BD0000000055
:100E10000000000025A94ABCAE53F4BE317B274038
:100E20001794FDBE0000000000000000000000005C
:100E300000000000000000000000000000000000B2
:100E4000000000000000000000000000A46286BF57
:100E50003E0E94BFE21CBD3F0BC200C0E076073FD0
:100E6000DEF05A403DB7EABE00000000E661F34004
:100E7000E52A03C0FA30003F1AB59D3FD002123F69
:100E80000000000000000000D550BABEFC56F53D41
:100E900008BA6B3FD4FCB5BF8987093FD477F33ECE
:100EA000C989BCBF96EC5940931485405E02E0BFEF
:100EB0006BF941BF872657BF00000000000000000B
:100EC00022171D400000000000000000000000008C
:100ED00000000000C4DDA7BE00000000DFCB97BE0D
:100EE00065A78ABF1A7872BFCE5688BF000000007F
:100EF0006A226CBF0000000000000000000000003B
:100F000000000000000000000000000000000000E1
:100F100000000000000000000000000000000000D1
:100F200000000000000000000000000000000000C1
:100F300000000000000000000000000000000000B1
:100F400000000000000000007CB48D40825EA7C05D
:100F500000000000470A573F17F09ABF6A109B3FF6
:100F600000000000C7E7C73F131DA3BF000000003B
:100F700000000000F7F71BC000000000F316043F5C
:100F80004CD7493D0000000023AE8EBF9F69B03EA4
:100F9000C6A05840A6994FBF699684BF00000000C4
:100FA0000000000000000000000000000000000041
:100FB0000000000000000000000000000000000031
:100FC0000000000034524EC0E4156BC079269FBF6C
:100FD00000000000000000001150E73FEA89CABF8E
:100FE000C346A0BF000000008772D3BFBD9007C0FA
:100FF00032E684BF00000000000000000000000096
:1010000000000000064A8DBF000000000000000044
:1010100056A0DCBFF72CBCBF0000000000000000A1
:10102000000000000000000036D33F40E7F15A40C6
:10103000A8C6AF3F7CB48D406B74BCBD00000000FF
:101040000000000068EE383F0000000000000000D3
:10105000000000009BBFAA3F80C80140EB273B3F38
:101060000BC200C0A1DD12BFD6205CBE0000000094
:101070000000000000000000000000000000000070
:1010800000000000000000000000000034524EC0CC
:10109000E4156BC088EF1C40000000000000000059
:1010A00017854D3F098F9ABFC859D8BF4353B83FE2
:1010B00000000000EBF6353FF08CE23F888BA03F4C
:1010C00034DE763F5B841B40F17C354037C35A3FAA
:1010D0007E0A29C0FF0CA63D53DD50BF97C4DCBF7C
:1010E0000000000000000000F5D31EBD000000005D
:1010F00067E986BFD62A26BF000000008623AEBF60
:1011000000000000000000000000000000000000DF
:1011100000000000000000000000000000000000CF
:1011200000000000000000000000000000000000BF
:1011300000000000000000000000000000000000AF
:10114000C4CDC8BF8D0834BFBD9007C000000000EB
:10115000000000000000000036D33F40E7F15A4095
:101160005B629B3F3AECCBBFD5D78FBF000000003E
:1011700000000000AB6D463ECA280F400000000092
:10118000000000000000000000000000000000005F
:101190000000000034524EC0E4156BC079269FBF9A
:1011A00000000000000000006979DE3F545B09BFC9
:1011B000C346A0BF00000000F2791DBF7BD1873F6E
:1011C000D0348EBF000000006C14D03FD62A26BF5A
:1011D0007E462EC068CCEBBE000000000000000080
:1011E000F75962BE000000005B8E63C0772F9ABF84
:1011F000E348D2BF7F53B5BEE5C999401FAA153F4A
:1012000000000000000000000000000000000000DE
:1012100000000000000000000000000000000000CE
:1012200000000000000000000000000000000000BE
:101230000000000000000000F7DC95BFF8E6233F47
:10124000893877C07A7A8C3F97724E3F0000000051
:101250009CE18B3FFEAF433F000000000000000018
:10126000000000002F1DBF3F9879593F0F7F0C40B1
:1012700000000000ECEBEA3FC3B91ABEAFFCFDBEB4
:10128000714334BF67E986BF00000000C859D8BF6A
:1012900049D3A040E6ED07409EF6063F2559183E8B
:1012A000866302C000000000000000000000000093
:1012B000000000000000000000000000000000002E
:1012C000000000000000000000000000000000001E
:1012D000000000000000000000000000000000000E
:1012E000000000001F63CEBF9C0630BEED3D1B3EDC
:1012F00077A9CEBFA7E4043E888BA03F04B797BF71
:1013000000000000000000000000000000000000DD
:101310009F9B773F5DE6163FAAE30CBF08D67B3F55
:101320004F98D5BE6CE871BFB26E533F4661CB3F5C
:10133000000000006D31B3BE8D0834BFB9302A3EC5
:10134000059F15BF5672F53E408C0CC0547C8640FC
:10135000288EAF3F100CBA3F581D1B3E0000000006
:1013600000000000580ED8BD000000000000000082
:10137000000000004E420DBE000000000000000012
:10138000000000000000000000000000000000005D
:10139000000000000000000000000000000000004D
:1013A000000000000000000000000000000000003D
:1013B000000000000000000000000000000000002D
:1013C0007CB48D40131DA3BF00000000F316043F42
:1013D0008085F93F5329C4BFA4EAF0BF71EEE93E0E
:1013E000117B02C01E59AA3F9F69B03E42B6163F0C
:1013F0009EA1CD3F1356E9BF0E8A923EFB689B3FEC
:10140000375DE8BF8B814F3F00000000B65224409B
:101410000B90933F3ED0F4BF51320740983435BF14
:10142000DDB98C3EB76CEA3DC859D8BF317B274047
:10143000783F56400000000000000000E661F340E5
:10144000C1FC28BF000000000000000000000000F8
:10145000000000000000000000000000000000008C
:10146000000000000000000000000000000000007C
:10147000000000000000000000000000000000006C
:10148000000000000000000000000000000000005C
:10149000000000000000000000000000000000004C
:1014A00000000000000000000000000034524EC0A8
:1014B00080A6E23E88EF1C40000000000000000013
:1014C00017854D3F098F9ABF7F53B5BE4353B83F31
:1014D0000000000060F425BCDE0CE83F83B9C5BE07
:1014E00034DE763F5B841B40491529BF745D833F22
:1014F000C859D8BF52CAA1BE1FB4DDBFC8A72C3F70
:10150000000000000000000055211E3F0000000008
:10151000C9D297BF196096BE00000000000000000D
:1015200000000000000000000000000000000000BB
:1015300000000000000000000000000000000000AB
:10154000000000000000000000000000000000009B
:101550000000000000000000C4CDC8BF8D0834BFEB
:101560001F63CEBF00000000000000009C0630BEDC
:101570002654A9BF5B198CBC094EC43D0000000075
:10158000893877C000000000000000000000000063
:101590000000000038700440F45C2E4000000000A1
:1015A00000000000ED3D1B3E02CFE2BF0000000046
:1015B000000000000000000000000000BD9007C017
:1015C0000000000036D33F40131DA3BF3B80043F03
:1015D000F316043F8085F93F000000000000000082
:1015E00096EC5940A4EAF0BFB9D8C23E117B02C0C4
:1015F000BAF3C6BE00000000C7E7C73F9EA1CD3FBB
:101600001356E9BF27B9C1BCFB689B3FD081B23CF0
:1016100000000000000000000000000000000000CA
:1016200000000000000000000000000000000000BA
:1016300000000000000000000000000000000000AA
:10164000000000000000000034524EC0E4156BC0E2
:10165000CA280F400000000000000000064A8DBFAD
:10166000CF388C3DCF9D8FBF131DA3BF000000005E
:1016700000000000505D07C0677005403ED0F4BF19
:10168000B0F6963E0000000000000000C859D8BF28
:101690000000000065FF303F100CBA3F743B20BFD4
:1016A000A11A1EC0000000000000000000000000A1
:1016B000000000000000000000000000000000002A
:1016C000000000000000000000000000A46286BFCF
:1016D000DC07D740E21CBD3F01CEF03F7C28E9BFCC
:1016E000A210ABBEDC82B0BEE5349BBE59D621BE93
:1016F00000000000EDAA0740B405723E8083103F51
:10170000000000000000000065422BC098DBCBBF4A
:1017100000000000000000006D31B3BE00000000BA
:101720008D0B003F5FB6CAC0ACCCA9BFF314813F9C
:1017300004DE8D40F69CE5BF0000000021618DBFF6
:10174000000000000000000000000000CBC033409B
:1017500000000000DD0BB0BF52B9F0BF98BE10BF53
:101760002CB1F5BFC85A2FBE0000000000000000D9
:101770000000000000000000000000000000000069
:101780000000000000000000000000000000000059
:101790000000000000000000000000000000000049
:1017A0000000000000000000000000000000000039
:1017B000C4CDC8BF8D0834BF7CB48D40000000008C
:1017C00000000000BD9007C0000000000000000005
:1017D00036D33F40E7F15A40B761D93E3317B1BF26
:1017E000D5D78FBF000000000000000000000000FF
:1017F000000000000000000000000000C751D4BF3E
:1018000014D2563F79269FBF000000000000000060
:101810007D8B9C3F545B09BFA4E8D9BF000000004A
:10182000F2791DBF7BD1873F0000000038A32ABF9B
:101830008564BA3F6A0167409D7DDEBE68CCEBBE21
:101840000000000000000000F75962BE0000000028
:10185000006CFE3E91B0F0BE1DD73D3F839C35C06D
:10186000E5C999401FAA153F0000000000000000D4
:101870000000000000000000000000000000000068
:101880000000000000000000000000000000000058
:101890000000000000000000000000000000000048
:1018A000CA280F4034524EC0CF388C3DE4156BC06F
:1018B000064A8DBF0000000000000000000000008C
:1018C00000000000AA81F0BF68EE383FF8A433C0E2
:1018D000CF9D8FBF3ED0F4BFF60F963E00000000B4
:1018E00000000000112BC53E67700540DFE7124085
:1018F00029B100401B74D4BF0000000000000000AC
:1019000000000000000000000000000000000000D7
:1019100000000000000000000000000000000000C7
:1019200000000000CA280F40BBAAB83FCF388C3D4A
:10193000699684BF2C1C823F00000000000000005C
:10194000AEC389BF92205BBF8FD7A8BD8987093FEF
:10195000000000001C98D9BE0000000049444BBFA5
:10196000FB3F18C07300743F00000000000000003F
:101970007ED5D03FFEB85BBEB1673ABF006CFE3E7D
:101980000000000000000000000000000000000057
:101990000000000000000000000000000000000047
:1019A0000000000000000000000000000000000037
:1019B00034524EC0E4156BC0CCD293BF000000007F
:1019C00000000000C9F58E3F8C6A6DC0938BC6BFC6
:1019D00000000000A79A96BE74D687BF00000000E2
:1019E00021E8CEBF000000000000000038A5DE3F67
:1019F000FDC98CBF0000000000000000BCC0E43F37
:101A0000F5D31EBD0000000073CB2DBE000000000A
:101A100000000000000000000000000000000000C6
:101A2000000000007CB48D40825EA7C00000000072
:101A30000FCC42BE0CB7414094EE4840000000007D
:101A4000C859D8BF063BD0BE00000000000000000F
:101A5000D4FCB5BF1DA987C0ED499ABEC6AF203FD3
:101A60000000000015FC6AC0B1CB893F1FAA153FDA
:101A70000000000000000000000000000000000066
:101A80000000000000000000000000000000000056
:101A90000000000000000000C4CDC8BF8D0834BFA6
:101AA000A46286BF0000000000000000E661F34071
:101AB000E21CBD3F103CE63F90ABA3BFF8FF2640C1
:101AC00023689DBE01CEF03F54EB383F000000007C
:101AD00022058F3FAF7BEABFAF8BD1BF0000000074
:101AE0000000000049444BBF59D621BE0000000051
:101AF00000000000000000000000000032058ABE67
:101B00002D834240000000001D30A8BF00000000EF
:101B100000000000000000000000000000000000C5
:101B200000000000000000000000000000000000B5
:101B300000000000CA280F4034524EC0CF388C3D00
:101B4000E4156BC0064A8DBF0000000000000000D5
:101B50000000000000000000C7E7C73F131DA3BF3F
:101B6000CF9D8FBF00000000A4EAF0BFB0F6963E04
:101B7000112BC53E6AC408405737F03F3E591DC07F
:101B80000682B13FA11A1EC0000000000000000044
:101B90000000000000000000000000000000000045
:101BA0000000000000000000000000000000000035
:101BB0000000000000000000BD9007C00000000011
:101BC0007CB48D40888BA03F00000000D6F5763FA6
:101BD00067700540FEAF433F798B0F40BBAAB83F0B
:101BE000DF194EBEF7DC95BF7BD1873F0C2E1FBFA0
:101BF0009E7B403FE94F5BBED6F5763F000000007C
:101C0000DE2D9ABE00000000000000000000000071
:101C100000000000000000000000000000000000C4
:101C200000000000000000000000000000000000B4
:101C300000000000000000000000000067E13640E6
:101C4000C1F9F03F0C9A21C08E1369BE2BBC433FF3
:101C50000000000000000000544E653F4C96FB4021
:101C6000DFB60D3F1831ABBFDEB07540F2A1113FBA
:101C7000B2955F400000000000000000000000007E
:101C8000C4E201BF249C5B3F9D71DABF00000000ED
:101C9000FC87A6BFC041BC3F9CE18B3F4CD7493D70
:101CA0000000000000000000000000000000000034
:101CB0000000000000000000000000000000000024
:101CC0000000000000000000000000000000000014
:101CD0000000000000000000DC720CC072B556C0AD
:101CE000B7416DC02AAB25C0088BD93F000000006A
:101CF000F45C2E4000000000000000000000000026
:101D000000000000F0B45FC002CFE2BFBA5C3FC089
:101D10008F0632C0D484A83FDD7FBB3E00000000A8
:101D20002C8B5ABE12A587BF357ABFBF66F943BF59
:101D3000000000003C69FFBD6A073D3E0000000056
:101D40000000000000000000000000000000000093
:101D50000000000000000000000000000000000083
:101D6000000000000000000000000000C4CDC8BF5B
:101D70008D0834BF67E1364000000000000000001D
:101D80007CB48D40B28F1EC0B56F94C000000000BF
:101D90000000000000000000C59A00C0D0DF80BF36
:101DA00000000000E48406C01B5A363F2C9F693FA8
:101DB0000000000000000000000000000000000023
:101DC000000000000000000079269FBF7D8B9C3F33
:101DD000BD9007C08CBB0EC00000000000000000DA
:101DE000C751D4BF0000000000000000F316043FFC
:101DF0007F53B5BE00000000000000000A8909BF43
:101E000098BF2F3F6E3A443E845B8AC0712EBB3F21
:101E100011DB4F3F00000000000000000000000048
:101E200000000000000000000000000000000000B2
:101E30000000000034524EC0E4156BC088EF1C4017
:101E4000000000000000000017854D3FD6F5763FEA
:101E5000C859D8BF4353B83F217F51BF10D41D3F4D
:101E6000F08CE23F560DC33F34DE763F5B841B406F
:101E70006EF0CEBF54F2EDBFB5BAA7BD00000000B2
:101E8000ECC69D3E00000000C9B08C409A6CA73E95
:101E9000000000000000000055211E3F000000006F
:101EA0000000000000000000000000000000000032
:101EB0000000000000000000000000000000000022
:101EC0000000000000000000000000000000000012
:101ED0000000000000000000888BA03FD6F5763F90
:101EE00067700540FEAF433F798B0F408772D3BFC9
:101EF0008DBBF4BDF7DC95BFB10B5E3F365223C0FE
:101F0000AB37553F3478E1BF8B8A9D40000000001D
:101F1000DE2D9ABEF8E6233F91E93CC000000000A8
:101F200000000000000000000000000000000000B1
:101F300000000000713B6FBEF599E03FB8B0CFBF25
:101F4000C6C8C8400000000000000000448FB43F35
:101F500000000000826B83400F1EE4BE0000000002
:101F60000000000000000000000000000000000071
:101F70009085903F00000000BBDB0CC1000000001A
:101F80000000000000000000000000000000000051
:101F90000000000000000000000000000000000041
:101FA00000000000C4CDC8BFF08318BF1AD9044098
:101FB000000000000000000036D33F400000000099
:101FC000FB1C1D3F000000008DF1B43F68CCEBBE50
:101FD00070A8833F5672F53EADDA7CBF0CE9803EB7
:101FE00000000000000000000000000000000000F1
:101FF00000000000000000000000000000000000E1
:1020000079269FBF85FB22C08E1369BE00000000A9
:10201000282819BF82DD78BFC8518BBF000000009F
:102020000000000066F943BF544E653F773246BE5C
:1020300015B289BE000000001266CFBF8684A7BF1C
:1020400008D6013FDDDE87BF9A50A4BACC1E413FBF
:10205000FFDED73F0000000022058F3F218375BEC1
:102060008145EEBF000000002FA7303F00000000B8
:1020700071D62E3FDC07D740DADDAA3F9561D63E08
:102080000441D83F7E462EC065A78ABF00000000ED
:102090000000000000000000000000000000000040
:1020A0000000000000000000000000000000000030
:1020B0000000000000000000000000000000000020
:1020C0000000000000000000000000000000000010
:1020D0000000000000000000000000000000000000
:1020E000000000007CB48D402982DD3F000000002C
:1020F0009474413F6EF0CEBFFEAF433F9473DC3F1C
:102100002C2282C0CC7752BFF7DC95BF99996BBF68
:1021100012CBFABEE4C04B3F000000006732933F91
:1021200011C349BF67700540F8E6233F4053A0BF85
:102130000000000000000000DA603AC0693B563F32
:10214000000000000000000000000000000000008F
:102150000000000000000000808BE9BF00000000CC
:10216000000000000000000000000000000000006F
:10217000000000000000000000000000000000005F
:102180000000000000000000BBAAB83F4AA053BFF7
:1021900095BC72BE9C4AED3EC6ACAF3DDB1E11C085
:1021A000930A103FB358E9BE5E5B9A3E88EF1C402D
:1021B000825EA7C0000000000000000000000000D8
:1021C00083E03B3F3C026E3DA4E8D9BF861D26BF9D
:1021D0000000000038A5DE3F54F2EDBF0000000013
:1021E000B2883EBD000000000000000000000000BA
:1021F000EFC0563F0000000049444BBF0000000004
:102200000000000054EB383F49444BBF0000000081
:1022100000000000EE24C9BFCA739DBF000000008B
:1022200000000000000000000000000000000000AE
:10223000000000000000000000000000000000009E
:10224000000000000000000000000000C4CDC8BF76
:1022500063DC03BF1AD90440000000000000000046
:10226000CEB76D3F00000000593983408A8C78BF9B
:10227000B56F94C000000000ED2ED0BE79A207BE5D
:10228000F797BDC0706359C0000000000000000057
:102290000E44BBBF4A9426BF0000000000000000AF
:1022A000000000000000000000000000000000002E
:1022B00000000000000000003AECCBBFAB6D463ED2
:1022C000C0C363BFF89FDEBE000000009C0630BEA6
:1022D000F0C722BF00000000D39F44BF6A51183FDF
:1022E000839C35C0D7E42CBEEECF81BE0000000039
:1022F000000000007A9B7EBFF488103E00000000C2
:1023000000000000713B6FBEFCA84ABFC9BDCEBC37
:10231000961427C00000000000000000000000002C
:10232000000000000000000000000000408C0CC015
:1023300000000000337D52BED69EBEBF248D89BFF3
:10234000A1B3293F000000000000000000000000D1
:10235000000000000000000000000000000000007D
:1023600000000000000000000000000034524EC0D9
:102370000000000079269FBF88239C3FCCD293BFEA
:10238000E797A2BE00000000C9F58E3F8C6A6DC0C1
:102390000000000000000000938BC6BF000000009A
:1023A00055578D3E699684BF000000007D2D7EBF8D
:1023B000000000000000000038A5DE3FDB3EB9BE93
:1023C000000000000000000000000000000000000D
:1023D0000000000000000000A46286BFCDBE534094
:1023E000E21CBD3F52764D3F06340240A210ABBE08
:1023F00000000000FB87A6BFCCD252BF192D003FC2
:1024000000000000B405723E8083103F0000000011
:10241000365223C000000000332250BFB935DA3FE6
:10242000063C913F8D0B003F24EDBFC0ACCCA9BF53
:10243000F314813F000000000000000000000000D5
:1024400000000000337D52BE0000000000000000CC
:1024500000000000000000007D8B9C3F0000000099
:10246000A4E8D9BF52B9F0BFD6F5763F2CB1F5BF7D
:102470009C4F0C3F00000000000000000000000026
:10248000000000000000000000000000000000004C
:10249000000000000000000000000000000000003C
:1024A00000000000000000000000000034524EC098
:1024B0000000000079269FBF88239C3FF6218CBF37
:1024C000E797A2BE00000000BDC5B93EFB1C1D3F42
:1024D00000000000000000000000000000000000FC
:1024E0001E569CBF68CCEBBE382ADABF993B57C05A
:1024F000CAA6613EDDB200400000000000000000FE
:1025000000000000000000000000000000000000CB
:1025100000000000000000001F63CEBF77A9CEBFFF
:10252000DE076EBF000000003AF5E3BF6B9BA6BE5E
:102530001707C7BF0000000000000000C25D5ABFBF
:1025400000000000871757BF22D45FBF00000000C3
:102550000000000000000000F488103E47E1C53E86
:10256000F0C722BF0000000000000000837469BFB4
:1025700000000000209F01BFEECF81BE00000000E0
:10258000000000000000000000000000000000004B
:1025900000000000593983403317B1BF000000002C
:1025A000820B3640F08318BF3F673E3F83BECD3E6F
:1025B00048E72DBF72DA29BF09FF7D3FEAB4E43E48
:1025C0000000000000000000FF9486BFE9CA8C3EB6
:1025D0006B74BCBD0BAE1340FBDB46C0312AA8BDFB
:1025E00000000000CCD252BFE0E75F3FFF425F3DFA
:1025F000000000000000000068CCEBBE1BAC2B3FCD
:102600009151C53FC6ACAF3D000000000000000086
:1026100000000000000000000000000000000000BA
:1026200000000000000000000000000000000000AA
:10263000000000000000000000000000000000009A
:10264000000000000000000000000000000000008A
:10265000CA280F40893877C000000000693D5EBF7E
:10266000AF7BEABF00000000000000004F98D5BE1D
:102670002F21C83F2C9F693F100CBA3FF45C2E40BD
:10268000E3B22F3F23689DBE1D5C85C0F8FF264046
:1026900031161CBF1FF5AD3F374ACBBF12CDB13E3F
:1026A000000000000000000000000000000000002A
:1026B000000000000000000000000000000000001A
:1026C000000000000000000000000000000000000A
:1026D00000000000000000000000000088EF1C4027
:1026E00017854D3F60F425BCC859D8BFA2E72BC061
:1026F000491529BFAED04FC0F08CE23FA5221C3F48
:1027000000000000FD3C5CC0CF9D8FBFEBF6353F65
:1027100000000000000000001C2151C0000000006B
:102720001FAA153F560DC33F00000000E04A43BFFB
:102730000000000000000000000000000000000099
:10274000000000007E0A29C059BBF93F53DD50BF8D
:1027500067700540AA527E3E0000000000000000A5
:102760000000000000000000000000000000000069
:102770000000000000000000000000000000000059
:1027800000000000000000003AECCBBFAB6D463EFD
:102790001F63CEBF6616C93F000000009C0630BE16
:1027A000DEB07540DA3CDCBD0000000077A9CEBF8A
:1027B00000000000B2A3C23FFDAB10BE000000004D
:1027C0000000000000000000000000003ED0F4BF48
:1027D000C4E781BF0000000000000000BDA0A93FC9
:1027E000D776803F5D94B7BFB8958B3F000000005F
:1027F00000000000000000000000000000000000D9
:10280000000000000000000000000000C4CDC8BFB0
:10281000000000001AD90440C78262400000000096
:1028200004B797BF8F5727C0593983402074083F9A
:1028300000000000000000009040ED3E000000009D
:10284000F48DA8BF9D7DDEBE0000000000000000EA
:102850000000000000000000000000000000000078
:1028600034524EC00000000088EF1C40FE2ABE3FDC
:1028700060F425BCD7B8A43E5672F53E491529BF71
:10288000DECEBA3F064A8DBFD3C457BEE67E08BF30
:102890000000000048CABFBFEBF6353F0000000053
:1028A00000000000F874733FEB273B3FF73960BF2F
:1028B000D2CB02C0000000000000000000000000B9
:1028C0000000000000000000000000000000000008
:1028D00000000000000000000000000000000000F8
:1028E0000000000000000000000000003AECCBBF38
:1028F000AB6D463E1F63CEBF470A573F0000000046
:102900009C0630BE22D45FBF000000000000000023
:1029100077A9CEBF00000000A4E8D9BFF0C722BF4E
:102920000000000000000000000000005CA35BC08D
:10293000D7E42CBEAE0A87BE00000000E8B52A3FEF
:1029400000000000AF7BEABFFE13B6BF27E55DBE07
:102950000000000000000000000000000000000077
:102960000000000000000000000000000000000067
:1029700079269FBF85FB22C08E1369BE0000000030
:102980006EA8DBBD82DD78BFC1F9F03F000000001A
:102990000000000066F943BF544E653F1C0E57BF50
:1029A0002968CB3F000000004735B8BF8684A7BF29
:1029B00008D6013F879150BE15B289BE3449C73F42
:1029C000000000000000000022058F3F218375BE3B
:1029D0008145EEBF0000000008E699BFD4FCB5BFFA
:1029E0004C807140F69C303FA2E72BC000000000F5
:1029F00000000000000000000000000000000000D7
:102A000000000000000000000000000000000000C6
:102A100000000000000000000000000000000000B6
:102A200000000000000000000000000000000000A6
:102A300000000000BBAAB83F4AA053BFA98A743E59
:102A40009C4AED3EC6ACAF3DA15F1E3F50168C3F89
:102A5000B358E9BE5E5B9A3EBBE7BD3F825EA7C04E
:102A60000000000000000000000000000000000066
:102A70008FA967BF1E59B6BF43B5314000000000A3
:102A8000B7E45A3F9085903F00000000CA280F40ED
:102A9000000000003C026E3D0000000049444BBFB6
:102AA0000000000000000000085FF6BEF8081FBF2D
:102AB0006D411C40000000005F9349C00000000011
:102AC0000000000000000000000000000000000006
:102AD00000000000000000000000000000000000F6
:102AE00000000000000000000000000000000000E6
:102AF00034524EC00000000079269FBF0C876E3F05
:102B0000EA89CABF6EA8DBBD00000000000000001B
:102B1000F72CBCBF00000000000000000000000017
:102B2000CCD293BF000000008C6A6DC00000000092
:102B300000000000131DA3BFF316043FE0DD523F69
:102B400096EC5940A4EAF0BFADDA7CBFC4E781BF80
:102B5000AC7EF7BF00000000C9D297BFC6A05840A6
:102B6000540047C0577EBC3F0A75CC3F544E653F6A
:102B700000000000F27E713D178668BF9406DE3EBD
:102B80001729FABDDC19503E00000000B50DAD3F1D
:102B9000E94F5BBE1DF55040000000000000000042
:102BA000F44F0040B6928DBF00000000820B36400B
:102BB0000000000000000000BDA0A93F4EF2F13E61
:102BC0000E6D49BF0000000000000000D94F7BBE21
:102BD0002C2B8EBF000000004B0ADF3C9346F8BE52
:102BE000000000004DFDDABF000000000000000002
:102BF000000000001E569CBF000000000000000006
:102C000000000000000000000000000000000000C4
:102C100000000000000000000000000000000000B4
:102C200000000000000000000000000000000000A4
:102C30000000000000000000000000000000000094
:102C4000000000000000000059398340B71BF4BFAA
:102C500000000000A7D029BF04B797BFAD60143FA4
:102C6000000000001580F3BFCF1162BE40B50A40DE
:102C70000000000092F0283E375DE8BFE5E38B3DA1
:102C8000E2D8513E0D2CCB3E0000000014C157BFCE
:102C900024FD1F3E00000000F6CC463E7759723EF0
:102CA000A5044ABFC1F9F03F5BA089BF0000000046
:102CB0000000000000000000000000000000000014
:102CC0000000000000000000000000000000000004
:102CD00000000000000000000000000000000000F4
:102CE000000000000000000000000000E661F3406A
:102CF000A46286BF99AFCBBE103CE63FAE0A87BE4A
:102D0000000000000000000001CEF03F00000000C5
:102D1000B465A9BE713B6FBEE5349BBE00000000E8
:102D200091F72EBFA5BD963F9CE18B3F938BC6BF0D
:102D3000B1D5C83FEB4DC7BF000000000000000048
:102D400077A9CEBF0000000072C4FCBECCD963BE20
:102D5000953CA43E493FFBBF00000000000000007E
:102D60000000000000000000000000000000000063
:102D70000000000000000000000000000000000053
:102D80000000000000000000000000000000000043
:102D90002C69C33FCCD293BF65FADF3F91F72EBFBA
:102DA00092570BC0BC251C400000000035E79ABFBD
:102DB00000000000F1A7873E0473C43D000000003E
:102DC0000000000000000000000000000AFE29C012
:102DD000888BA03F3ED0F4BFDC07D7400000000046
:102DE000A2E72BC095F0DF3E00000000AA9E30C095
:102DF000F599E03FC4E781BF00000000000000003B
:102E000000000000000000000000000000000000C2
:102E100000000000000000000000000000000000B2
:102E200000000000F7B011BE415FD3BECF1162BEFB
:102E3000C661103FEFDC1E3FB5DBF63EAF7BEABF5D
:102E40000000000000000000EC82FA3E691F3E3ED8
:102E5000A2E7A63FCCC10E3F3FB40FB9FB3F18C05D
:102E6000F8DDFEBF8DDDC73D000000000000000062
:102E7000724F23C0000000000A602ABF000000005B
:102E800049831EBF12CDB13E4FD0033EEC737DC0CF
:102E9000715E19C0BDFD054000000000C041BC3F8F
:102EA00000000000603E8D3D0000000000000000BA
:102EB000000000000E44BBBF000000000000000046
:102EC00000000000E74C3C3E000000000000000055
:102ED00000000000000000000000000000000000F2
:102EE00000000000000000000000000000000000E2
:102EF00000000000000000000000000000000000D2
:102F0000BBAAB83F4AA053BFA98A743E9C4AED3E73
:102F100065A29F3F18F315C050168C3FB358E9BE09
:102F20005E5B9A3E590FDD3F00000000000000008C
:102F30000000000000000000000000008FA967BF33
:102F4000C346A0BF864090BF0000000024BFA03E43
:102F50004053A0BF0000000000000000000000007F
:102F600049444BBF0000000000000000F229C33FAD
:102F700080C801400000000035381CBF0000000080
:102F80000000000000000000000000000000000041
:102F900000000000000000000000000034524EC09D
:102FA0000000000079269FBF290AD43D7F53B5BE9B
:102FB00000000000000000000A8909BFDEB0754073
:102FC0006E3A443EF316043F98BF2F3F590A5BBE4A
:102FD000BDC5B93E00C8923FE2A29EBF0085374002
:102FE000E3FFC13F3B53B13F000000000000000081
:102FF00000000000000000000000000000000000D1
:1030000000000000000000000000000000000000C0
:1030100000000000000000000000000000000000B0
:10302000C4CDC8BF000000002C69C33F59153EC085
:1030300065FADF3F0E13CBBF27BE1940195FF33F80
:1030400000000000000000005BA089BFB394ECBF4B
:1030500027B9C1BC00000000000000000000000013
:1030600000000000490DFFBED90997400000000094
:103070000000000000000000000000000000000050
:1030800000000000C859D8BFF08CE23F709360BFC9
:10309000CC3E783F42A08FC0FA85FFBF1FB4DDBF92
:1030A0006F3946C0000000000000000052764D3F1E
:1030B000000000000000000048E72DBFB2A3C23F9F
:1030C000000000007E0A29C000000000000000008F
:1030D0002A15823E000000006EDA07BF560DC33F7E
:1030E00000000000000000000000000000000000E0
:1030F000C9F58E3FB1CB893F6AFB4FBF2E8F423D52
:1031000000000000000000000000000000000000BF
:1031100000000000000000000000000000000000AF
:103120001F63CEBF9C0630BEDE076EBF77A9CEBF41
:10313000000000006B9BA6BE1707C7BF0000000081
:1031400000000000C25D5ABF00000000871757BF93
:10315000547C8640000000000000000000000000D9
:103160008EBE71BE9D71DABFFDAB10BE00000000C7
:10317000000000000AD39DBE6CAFABC00000000091
:10318000000000000000000000000000000000003F
:103190000000000034524EC000000000BDA0A93F56
:1031A0000B8D853FE0342E4070A8833F68CCEBBE8A
:1031B0009473DC3FCE5688BF225A13BFDE0CE83F23
:1031C00000000000F08318BFD034CFBE0000000024
:1031D0000000000000000000316983BE5BA089BFD1
:1031E0007EC81CBFF0C722BFFF9486BFF0C90C4049
:1031F00000000000000000000000000000000000CF
:1032000000000000000000000000000000000000BE
:1032100000000000000000000000000000000000AE
:1032200000000000000000008772D3BFF08CE23F76
:103230000BA1213FCC3E783F42A08FC02C9F693F1D
:1032400067700540481433C0000000000000000013
:1032500052764D3FC5CB223F22892BBF3C281040E0
:1032600029B1004000000000ECC69D3E5E3F09BF52
:1032700000000000375DE8BFE5C99940F7B011BE16
:103280000C9A21C03AECCBBFC3F9473FDE2D9ABE62
:10329000000000000000000000000000000000002E
:1032A00000000000E81EEABE059F15BF00000000F8
:1032B000000000000000000000000000000000000E
:1032C00000000000000000004F5AB73F000000005F
:1032D00000000000000000000000000000000000EE
:1032E00000000000000000000000000000000000DE
:1032F00000000000BBAAB83F4AA053BF95BC72BEF5
:103300009C4AED3E2576033E00000000930A103FE4
:10331000DE88843E5E5B9A3E6889B53EA2E72BC09C
:103320000000000000000000F37B61BF511B5DBE88
:10333000864090BF0000000082629ABF88EF1C4068
:103340004016DEBF082559BE000000000000000046
:10335000000000000000000000000000000000006D
:10336000000000000E44BBBF065D104000000000DE
:1033700000000000C12EC03FB704F43E1BC039C09E
:10338000000000000000000000000000000000003D
:10339000000000000000000000000000000000002D
:1033A0000000000000000000131DA3BFF316043F3F
:1033B000E0DD523FDC6BF0BFA4EAF0BFADDA7CBFCA
:1033C000C4E781BF000000000B0F993FD2342E3FAD
:1033D0009EA1CD3F24EB24BF577EBC3F39A671BFD1
:1033E000544E653FD39ED43E00000000C9D297BF23
:1033F0000000000000000000DDB98C3E748CF73F37
:1034000000000000E94F5BBEC59A00C0000000004C
:1034100000000000F44F0040ED7597BD0000000073
:103420000000000000000000C6AF203F4306463EFB
:103430000000000000000000000000001BC039C0B8
:10344000000000000000000049444BBF00000000E5
:1034500000000000894028BF0000000000000000BC
:10346000000000000000000000000000000000005C
:10347000000000000000000000000000000000004C
:1034800000000000B71BF4BFA7D029BFBDA0A93F13
:10349000093D903E000000001F63CEBFE0342E4087
:1034A000000000002AAB25C077A9CEBFB6EA1A40BB
:1034B0009473DC3FCE5688BF00000000000000007F
:1034C0000000000000000000D776803F0C2E1FBFD8
:1034D000D034CFBE0000000000000000000000005B
:1034E0001852AF3F033FC2BFE8F500BF0000000025
:1034F00000000000000000000000000000000000CC
:1035000000000000000000000000000000000000BB
:103510008772D3BFF08CE23F560DC33FCC3E783F5D
:10352000B9D8C23E820B3640413E033E6F3946C099
:10353000000000003A9EF4BE00000000C58422C0D6
:10354000000000008225433FA2E72BC000000000DE
:10355000000000000000000000000000D94F7BBE0A
:10356000CB08673F508450BF17FB15400140423FD6
:103570009A8FF23FCDBE53404447B13E0A7B81BE95
:10358000B36C0A3F00000000131DA3BF38E821BF41
:10359000000000000000000000000000000000002B
:1035A000000000000000000000000000000000001B
:1035B000000000000000000000000000000000000B
:1035C00000000000000000000000000000000000FB
:1035D0000000000034524EC00000000079269FBF5A
:1035E0001729FABDCCD293BF0000000000000000F4
:1035F000C9F58E3F8C6A6DC0C735833F000000005F
:103600000000000074D687BF00000000000000002A
:10361000EBCCA3BEBBAAB83F000000000000000036
:10362000000000000000000059398340A9462BC06B
:1036300000000000F37B61BF5B1563C00000000069
:1036400000000000E13940BFCCD293BF0000000071
:10365000000000001BC039C004B797BF0000000085
:1036600000000000375DE8BF4AA053BF0000000023
:103670000000000000000000000000001F63CEBF3B
:103680009C0630BE0F1685BF000000000000000041
:103690006B9BA6BE6B462E3F0000000000000000A2
:1036A000EBF6353FF60F963E9F69B03E42B6163FA9
:1036B0001758EDBE0000000088EF1C400AED78406E
:1036C000508DF7BF576E8BBF000000000000000058
:1036D00000000000000000000000000000000000EA
:1036E00000000000000000000000000000000000DA
:1036F0008772D3BFF08CE23F709360BF1C2151C032
:10370000B9D8C23EBE03E5BF1FB4DDBF0000000054
:10371000B2116B3F952C8CBE000000000000000031
:103720000000000048E72DBFB2A3C23F0000000028
:103730000000000000000000000000002A15823E8A
:10374000000000006EDA07BF560DC33F0000000006
:1037500000000000C9F58E3F875414C06AFB4FBFBC
:103760002E8F423D0000000000000000000000001D
:103770000000000000000000000000000000000049
:1037800000000000E7F15A40B56F94C0000000004F
:10379000DE7A11C0F7B011BE000000004DFDDABFA7
:1037A0001B5A363FCF1162BE00000000257FBD3F8F
:1037B0002982DD3F00000000B5DBF63EAF7BEABFAB
:1037C000000000000000000012CBFABE117B02C016
:1037D000603E8D3DCCC10E3F3FB40FB9D46F20C0C9
:1037E00000000000000000000000000000000000D9
:1037F00000000000000000000000000000000000C9
:1038000000000000000000000000000000000000B8
:10381000E661F340A46286BFFA3D363F103CE63FC6
:10382000AE0A87BE000000000000000001CEF03F9D
:1038300000000000B465A9BE713B6FBE49444BBF98
:103840000000000091F72EBFA5BD963F9CE18B3F85
:10385000938BC6BF2BFF0D3F27BE19400000000011
:1038600000000000B56F94C00000000072C4FCBEF0
:10387000CCD963BE589A0E3F493FFBBF0000000001
:103880000000000000000000000000000000000038
:103890000000000000000000000000000000000028
:1038A0000000000000000000000000000000000018
:1038B0000000000034524EC00000000079269FBF77
:1038C000F6C1DBBCE7F15A40000000000000000038
:1038D00084585E3E00000000712EBB3F49B653BFC6
:1038E0001324C0BF4E420DBE00000000A356E9BE27
:1038F00000000000000000000000000000000000C8
:103900000000000000000000888BA03F0C876E3F85
:103910004D0006C0FEAF433F798B0F40C9F58E3F87
:103920009CF4D8BEF7DC95BF00000000000000004A
:10393000000000000000000000000000F45E18BF5E
:1039400067CB09403A2D593E91E93CC00000000088
:10395000000000008B8A9D4000000000030E0EBF97
:1039600000000000748CF73F9C59893E0000000065
:103970000680C1BE00000000000000000000000042
:103980000000000000000000000000000000000037
:1039900000000000E661F340A46286BF99AFCBBE91
:1039A000103CE63F0D78013E0000000000000000E2
:1039B00001CEF03F0000000077A9CEBFBC54693EA5
:1039C000E5349BBE000000001BBEE63E8D0B003FB1
:1039D00048E72DBF00000000E9CA8C3EEB4DC7BF91
:1039E00000000000000000009F9B773F808BE9BF34
:1039F00000000000000000000000000000000000C7
:103A000000000000000000000000000000000000B6
:103A100000000000000000001F63CEBF9C0630BE07
:103A2000DE076EBF00000000000000006B9BA6BE1A
:103A3000FB1C1D3F667A21BE00000000619A46C053
:103A40006C46D53F000000000000000000000000B0
:103A5000AF00193F8B5B74BFA2CA4F3F9561D63E42
:103A60008E1369BEDFE71240063C913F0000000064
:103A70000000000000000000000000000000000046
:103A80000000000000000000000000000000000036
:103A900000000000A9462BC02C2282C079269FBFBF
:103AA0000000000000000000F6C1DBBCE661F3404E
:103AB0000000000000000000F7B011BE99AFCBBEBF
:103AC0006D3FE2BE0F7F0C400000000000000000D0
:103AD00000000000EFDC1E3FB150453FE99AB1BF46
:103AE00000000000000000000000000000000000D6
:103AF00000000000000000008772D3BF7C28E9BFEF
:103B00000BA1213F08C654BFD4FCB5BF9F9B773F94
:103B10006770054000000000691F3E3E0000000085
:103B2000E6ED074059BBF93F22892BBF3C281040E6
:103B30005487A9BF00000000000000000000000042
:103B4000000000005E7D4CBE0000000090B94BBF3D
:103B50000C9A21C03AECCBBF00000000000000002E
:103B600000000000037B273FB150453F00000000EC
:103B70000000000000000000000000000000000045
:103B80004F5AB73F00000000000000000000000096
:103B9000000000000000000000000000B71BF4BFA0
:103BA000A7D029BFBDA0A93F093D903E000000005D
:103BB00057F1203FE0342E400000000034BBB43EFB
:103BC0004AA053BFF0C722BF9473DC3F3E91043F2D
:103BD0000000000000000000AFFCFDBEEF9AF1BF46
:103BE0009C0630BE9AB2A5BED034CFBE0000000005
:103BF000000000000000000000000000681F40BF3F
:103C0000CD2AA1BF347431407131B5BE000000002F
:103C1000CA924DBF25DEC63F000000000000000034
:103C20000000000000000000000000000000000094
:103C30000000000000000000000000000000000084
:103C40000000000000000000000000000000000074
:103C5000BBAAB83F888BA03F394F92BEF7B011BEC8
:103C600067700540000000002C1C823F64E2B6BF74
:103C70004CD7493DFB1C1D3FDE2D9ABE00000000C5
:103C80000000000000000000F31A583FE5E38B3D00
:103C9000A535D4BD5A87263F000000000000000073
:103CA0000000000050EE9ABE00000000E999D1BF6C
:103CB0000000000095037FBD493FFBBFFC87A6BF06
:103CC0002D75BA3F00000000000000000000000059
:103CD00000000000000000000000000000000000E4
:103CE00000000000000000000000000000000000D4
:103CF000000000008772D3BF7C28E9BFFEDF2A40A6
:103D000008C654BFD4FCB5BF88E9D73FAF8BD1BF3D
:103D100000000000691F3E3E00000000E6ED074085
:103D2000AF7BEABFFFC6DFBE00000000000000005E
:103D30000000000000000000000000000000000083
:103D4000C4E781BF39C9513F0000000000000000F6
:103D500023689DBEC50702C0F45C2E40A2A2423F6C
:103D60000000000000000000000000000000000053
:103D70000000000000000000000000000000000043
:103D800034524EC00000000079269FBFF6C1DBBC54
:103D9000E661F34000000000000000002BFF0D3F33
:103DA00099AFCBBE462005BF8BACDDBE0000000046
:103DB0000000000077AE14BF1758EDBEB150453F6C
:103DC000DFEC943E00000000000000000000000056
:103DD00000000000000000000000000000000000E3
:103DE000000000008772D3BF7C28E9BFFEDF2A40B5
:103DF0007E0A29C0D4FCB5BF88E9D73FAF8BD1BFBD
:103E000000000000C7A9B53E00000000F599E03FA2
:103E1000AF7BEABFFFC6DFBE00000000000000006D
:103E20000000000000000000000000000000000092
:103E3000C4E781BF39C9513F000000000000000005
:103E40002A15823EC50702C09A50A4BAA2A2423FD8
:103E50000000000000000000000000000000000062
:103E60000000000000000000000000000000000052
:103E7000B71BF4BFA7D029BFB7416DC0D422953E70
:103E800000000000000000000366EF3F976758BF86
:103E90000000000006F77D4002CFE2BF00000000F6
:103EA00000000000383617C09EA1CD3F996DCF3D70
:103EB000CC7752BF00000000809B5C3F21B11940CD
:103EC000BC6BA83E000000000000000000000000E5
:103ED0008DBBF4BD000000000000000000000000E9
:103EE00000000000000000000000000000000000D2
:103EF00000000000BBAAB83FB56F94C095BC72BE6D
:103F0000BA6177405B8E63C000000000930A103FE7
:103F1000FB17A53F00000000A8CCFBBF693D5EBFBA
:103F20000000000000000000000000000000000091
:103F3000000000000000000063DC03BFDB7E25BF43
:103F400025D241BEF622B23F21C3D93A95023AC0EA
:103F50000000000000000000000000000000000061
:103F60000000000000000000000000000000000051
:103F70008DF1B43FE0342E40577EBC3F11DB4F3F04
:103F800083BECD3E4B9C513E00000000EBF6353F1A
:103F900091B0F0BE00000000000000000000000032
:103FA00000000000E01302400000000000000000DC
:103FB00000000000FFBDBC3E70A8833F0000000071
:103FC0000000000000000000000000008772D3BF66
:103FD0007C28E9BFA5221C3F44C542BFD4FCB5BF25
:103FE0009F9B773F6770054000000000691F3E3EC1
:103FF00000000000F599E03F59BBF93F22892BBF33
:104000003C2810405487A9BF0000000000000000B9
:104010000000000000000000C5CB223F00000000AF
:10402000C71D18BF000000001F7B3CC0000000003F
:104030000000000000000000ED3D1B3E00000000FD
:10404000000000000000000000000000CCC10E3F96
:104050000000000000000000000000000000000060
:10406000131DA3BFF316043FC1FC28BFDC6BF0BFD8
:10407000A4EAF0BFC34B50BF2278C83F0000000045
:104080007E068C3FFB985E3F9EA1CD3F0000000066
:10409000E3CF3CBDB9D8C23E9FF6B3BF00000000DD
:1040A00000000000C9D297BF00000000000000001F
:1040B0004306463E0000000000000000D4FCB5BFEF
:1040C000B7BA9FBE0BC200C0000000000000000095
:1040D000290F843F89D37F400000000000000000CA
:1040E0008772D3BF27B9C1BC19302DBF00000000B3
:1040F00000000000000000000000000000000000C0
:1041000000000000000000000000000000000000AF
:10411000000000000000000000000000131DA3BF0D
:10412000F316043FC1FC28BFDC6BF0BFA4EAF0BF6C
:10413000C34B50BF2278C83F000000009F69B03ECB
:10414000CEDDF93E9EA1CD3F00000000E3CF3CBD97
:10415000B9D8C23E9FF6B3BF0000000000000000C7
:10416000C9D297BF00000000000000009B2B513D0A
:104170000000000000000000D4FCB5BFB7BA9FBE2D
:104180000BC200C00000000000000000C6AF203FCE
:104190008CBB0EC00000000000000000E04619408B
:1041A00027B9C1BC645906BE000000000000000031
:1041B00000000000000000000000000000000000FF
:1041C00000000000000000000000000000000000EF
:1041D00000000000000000008DF1B43FCBE984C076
:1041E0005672F53E00000000D7B8A43E1E59AA3F03
:1041F00000000000064A8DBFD3C457BE0000000077
:10420000000000009E0E87BFD34A16406AFB4FBFD6
:104210000000000000000000000000004AAC5CBF8D
:104220004E5B93BF00000000000000000000000093
:10423000000000000000000000000000A9462BC0A4
:1042400000000000BDA0A93FFECF4F3FE0342E404C
:10425000D9B402BF8F8982BF9473DC3F0000000095
:1042600019530FBFF86398BE0000000001CEF03F65
:10427000D034CFBE0000000030248DBFCB16F7BE77
:104280007683093F49444BBF000000000000000056
:10429000000000000000000000000000000000001E
:1042A000000000000000000000000000000000000E
:1042B0000000000000000000BBAAB83F65A29F3FBD
:1042C000A98A743E77D6C13F0000000000000000BC
:1042D000EF39073FE92878BFF2CA8C3F00000000A1
:1042E0000000000049219E3EF60F963E9A91013F44
:1042F000788F0E3E12CBFABE5BA089BF1FAA153F76
:104300000DB46F4000000000000000001D30A8BF89
:10431000000000000000000000000000000000009D
:10432000000000000000000000000000000000008D
:1043300000000000000000000000000034524EC0E9
:1043400000000000BDA0A93FFECF4F3FCE5688BF62
:10435000B56F94C08F8982BFBBE7BD3F5AAD22BF06
:10436000000000008B5B74BF00000000DB28D5BE9E
:10437000000000000000000000000000000000003D
:10438000E0DD523F7A9B7EBF00000000000000008D
:10439000000000000000000000000000000000001D
:1043A0008772D3BFF08CE23F1FB4DDBFCC3E783FB5
:1043B000279939BE48E72DBFB2A3C23FECC69D3E48
:1043C0000000000000000000000000002A15823EEE
:1043D00000000000875414C0560DC33F00000000C9
:1043E000000000000000000000000000ED27A6BF54
:1043F000F78B84BF1758EDBE2E8F423D00000000A2
:1044000026671E3F000000005E14AF3F0000000062
:104410000000000000000000A028923F0000000003
:10442000000000000000000000000000000000008C
:1044300000000000131DA3BFA3ACC5BDA6994FBFCC
:10444000DB3EB9BE938BC6BFF4E3213FB935DA3FFB
:10445000EB273B3FDDB98C3EE01302405BA089BFF8
:1044600000000000068610404B5B09C00000000001
:104470000000000000000000464EEDBF250C86BF86
:104480000000000000000000000000005B841B40F2
:104490000000000000000000F1E4D7BEBA215E3F3A
:1044A000000000000000000000000000000000000C
:1044B00000000000000000000000000000000000FC
:1044C0003228693F2F1DBF3F0000000000000000A0
:1044D0000000000000000000E59B8BBF4F3CAE3E9B
:1044E000BD6CC73FF6AC9DBFE2A29EBFB6EA1A40C4
:1044F000000000001580F3BF1F7656BF00000000CB
:1045000000000000A4EAF0BFF29D9CBE0000000085
:10451000000000000000000000000000217F51BFEB
:104520006A109B3F000000009040ED3E000000003C
:1045300000000000D776803FA9E08DBE000000009B
:10454000000000000000000000000000000000006B
:1045500000000000BBAAB83FB7A5FE3EA98A743E82
:10456000047E183FBE2922C00000000000000000A9
:10457000CAE27CBF49444BBF0000000099AFCBBEEC
:104580000DA8FD3F3587D73D32E684BFAE53F4BE5C
:10459000CC10BFBEA1DD12BF000000000000000073
:1045A000A8AF0BBF9A0B1DC02074083F000000008D
:1045B000315BE5BF2982DD3F000000000000000004
:1045C00000000000000000000000000000000000EB
:1045D00000000000000000000000000000000000DB
:1045E00000000000000000000000000000000000CB
:1045F00034524EC00000000079269FBF000000002A
:104600009E4C17BF006CFE3E7BD1873F11B1783DB9
:10461000F63BB43B0441D83F26710CBC00000000BF
:10462000000000001EE81DBF00000000839C35C094
:10463000234C663F00000000A21F0BBF00000000DB
:10464000000000000000000000000000000000006A
:104650000000000000000000000000009E0E87BF68
:10466000A7D029BFE7F9763F4B9C513E7C28E9BF94
:1046700095BC72BEF63BB43B000000004BFBBBBEDA
:104680000000000000000000F647313D224F7CBED4
:10469000D2C90D4042CD1B3F0000000000000000C9
:1046A0002698D23F00000000A87C583ECE5688BF16
:1046B00000000000000000000000000000000000FA
:1046C00090ABA3BF6AFB4FBFAF7BEABF0000000007
:1046D00000000000000000000000000000000000DA
:1046E00000000000000000000000000000000000CA
:1046F000C859D8BFF08CE23F1FB4DDBFCC3E783F35
:10470000687A4C3F48E72DBFB2A3C23FECC69D3E3E
:104710000000000000000000000000002A15823E9A
:1047200000000000875414C0560DC33F0000000075
:1047300000000000000000000000000090ABA3BFDC
:10474000225A13BF6AFB4FBF26504EBF0000000025
:104750006C05943F6EDA07BF2D81FABD00000000A2
:1047600000000000000000002258B5BD000000005D
:104770000000000000000000000000000000000039
:10478000000000000000000000000000131DA3BF97
:10479000F316043FC1FC28BFDC6BF0BFA4EAF0BFF6
:1047A0007123943D2278C83F0000000085727B3F52
:1047B00052CCD13E9EA1CD3F000000000000000081
:1047C000B9D8C23E9FF6B3BF000000000000000051
:1047D0003CD66FBF4EF2F13E000000004306463E5D
:1047E0008684A7BFB7BA9FBEA958A23C00000000AC
:1047F00000000000000000000000000000000000B9
:10480000C381F8BD0000000000000000E046194030
:1048100039A671BF19302DBF000000000000000054
:104820000000000000000000000000000000000088
:104830000000000000000000000000000000000078
:10484000BBAAB83F872657BF95BC72BE53D3F03D75
:10485000C58422C000000000930A103F5ECCBEBD9C
:10486000B49083BEAE6A04BEBA6177400000000017
:10487000000000003D3A9EBF000000000000000064
:1048800000000000DA3CDCBDA5221C3F16BBFABECE
:104890000000000000000000000000000000000018
:1048A000000000000000000000000000D10ECB3E20
:1048B00008E699BF000000000000000000000000B2
:1048C00000000000131DA3BFA3ACC5BDA6994FBF38
:1048D000DB3EB9BE938BC6BFF4E3213FC1E22F405C
:1048E000AAE30CBFDDB98C3E000000005BA089BFCD
:1048F00000000000B226CF3FFE77A43F000000007A
:104900000000000000000000464EEDBF250C86BFF1
:104910000000000016BBFABE00000000000000000E
:104920000A7B81BE000000000000000000000000C3
:104930000000000000000000000000000000000077
:10494000A521413FC2A16F3F000000000000000010
:104950000000000000000000B405723E065D10403B
:104960004BDBD6BFE16E30C08088CFBFE74B243F22
:104970002F1DBF3F0000000093C8D3BE0000000001
:1049800060C596BE0000000000000000804480BFAB
:10499000508450BF00000000000000000000000034
:1049A000000000005E02E0BFA5044ABF0000000056
:1049B000B5164AC00000000008380CBFE95A69BFAC
:1049C000DEF9D73F498A8A3F00000000000000005E
:1049D00000000000000000000000000000000000D7
:1049E000000000000000000000000000A9462BC0ED
:1049F0000000000079269FBF000000009E4C17BFFA
:104A0000006CFE3EBD6CC73F11B1783DF63BB43B38
:104A10007BD1873F00000000000000000000000084
:104A20004E5B93BF0000000032E684BF722919BDBF
:104A30000000000000000000000000000000000076
:104A40000000000000000000BBAAB83F888BA03F18
:104A5000A98A743EF7B011BE6770054000000000DF
:104A6000000000008322B63E4CD7493DFB1C1D3F91
:104A7000CCD853BE1D30A8BF00000000E5E38B3D3D
:104A8000A535D4BD5A87263F000000000000000075
:104A90000000000000000000000000006B9BA6BEAC
:104AA0000000000095037FBD00000000871757BF7E
:104AB00000000000000000000000000000000000F6
:104AC000000000000000000000000000C859D8BF2E
:104AD0007C28E9BFFEDF2A407E0A29C0D4FCB5BF8E
:104AE00088E9D73FFA7A04BF000000000000000008
:104AF000000000000715DB3FAF7BEABF00000000AD
:104B000000000000000000000000000000000000A5
:104B1000C4E781BF580ED8BD319313BF100CBA3F04
:104B200071D62E3FD550BABE000000000000000034
:104B30000000000000000000000000000000000075
:104B400000000000000000001F63CEBF321DD8BE71
:104B5000177D56BF000000000000000083B9C5BEED
:104B6000B79AFB3F00000000C8C78ABFB71BF4BF5D
:104B70000000000000000000000000009F9B773F45
:104B8000F2F510BF0000000000000000923A5DBF87
:104B90005B198CBC00000000000000000000000059
:104BA00000000000C859D8BF7C28E9BFFEDF2A40BA
:104BB0007E0A29C049E8123F88E9D73FA4C1C13E17
:104BC00000000000000000000000000000000000E5
:104BD000AF7BEABF00000000000000000000000002
:104BE000C4E781BFF08B813F218375BE100CBA3FB3
:104BF0002923B8BFAC025C3F0000000000000000A9
:104C000000000000000000000000000000000000A4
:104C10000000000000000000131DA3BFA3ACC5BD31
:104C2000C1FC28BFDB3EB9BE938BC6BF7123943D48
:104C30002278C83F3D9CC83E21DBEABE0000000050
:104C40005BA089BF0000000000000000B9D8C23E90
:104C5000D4E803C0000000000000000000000000D5
:104C6000632E9EBE0000000016BBFABE4EA332BFEC
:104C7000B7BA9FBE000000008469C0BF00000000FA
:104C80000000000000000000000000000000000024
:104C90000000000039A671BF79072A3E000000001D
:104CA0000000000000000000000000000000000004
:104CB00000000000A9462BC00000000079269FBF1D
:104CC00000000000545B09BFC6D7093F27E55DBE61
:104CD00011B1783DF63BB43B0441D83FCA4C173E76
:104CE00000000000000000004E5B93BF00000000C9
:104CF0006C7FB2BFD926B03EA46286BFAE31AEBFD4
:104D000000000000000000000000000000000000A3
:104D10000000000000000000000000000000000093
:104D20000000000000000000590FDD3FFB1C1D3F8C
:104D3000D0DF80BF4F85074026710CBC000000000B
:104D4000AF7BEABFD6F5763FEC88313F000000002C
:104D50005910ACBF0000000000000000234C663F6B
:104D6000D33EAB3E8145EEBF0000000000000000D6
:104D70000A75CC3FBE03E5BFB358E9BE0000000092
:104D80000000000000000000000000000000000023
:104D90000000000000000000000000000000000013
:104DA000000000008DF1B43F7F53B5BEF7FF61BE38
:104DB0009C0630BE6443BABE000000000000000044
:104DC000E2D8513E79A207BED7E42CBE4754074033
:104DD0000D4C4CBCA87BD7BF00000000BE50243F48
:104DE00000000000D2903C3E132D404088DEF53F8D
:104DF00000000000000000000000000000000000B3
:104E00009D884ABD00000000000000000000000076
:104E1000131DA3BF00000000000000000000000000
:104E20000000000000000000000000000000000082
:104E30001F63CEBF00000000177D56BF83B9C5BEFB
:104E4000A3ACC5BD0000000000000000131DA3BFFF
:104E50007B55313D72DA29BF85EC43BC0000000070
:104E6000CCD252BF0000000049E8123F0000000011
:104E700000000000938BC6BFFE13B6BF0000000009
:104E80000000000000000000000000000000000022
:104E900000000000C7826240F9C8D2BF00000000D5
:104EA000E65947BF131DA3BF000000000C04923E4B
:104EB000712269BFF4E3213F000000000000000000
:104EC00000000000C71A413CBA215E3FA6994FBFBF
:104ED0002C9F693FA7FFF23F6A51183F0000000076
:104EE00000000000E8E789BE0000000000000000AC
:104EF00000000000000000000000000000000000B2
:104F00000000000000000000B405723E5B841B40FE
:104F100004B797BFE16E30C07F53B5BEFBDB46C020
:104F20009DC3D2BD0000000041E9813F00000000A8
:104F30000000000000000000E0C00C3F91F72EBF11
:104F4000B465A9BE12CBFABE00000000713B6FBE73
:104F500092F9013E00000000E76F163F00000000DC
:104F60000000000000000000000000002328A0BE98
:104F70000BB61D3F6EBC013F0000000000000000AA
:104F80000000000000000000000000000000000021
:104F9000000000000000000000000000A9462BC037
:104FA00000000000CCD293BF9A00B03F5B1563C0F5
:104FB00000000000000000000000000004B797BFE0
:104FC0002D12C2BFF9169B3C00000000567041BF75
:104FD0000F251A3FE2D8513E0000000000000000FB
:104FE00000000000000000000000000000000000C1
:104FF000E661F340A46286BF00000000E5349BBE7A
:105000000D78013EE9CA8C3E97724E3F77A9CEBF1C
:10501000F9169B3C0000000000000000872657BFE7
:105020000000000000000000B362093F0000000023
:1050300000000000000000002728D73E1EE81DBF2A
:105040005DE6163F000000000000000000000000C8
:10505000000000000000000000000000B405723EE7
:10506000065D1040C6ACAF3DD6F87D3FEE24C9BF0B
:10507000A4EAF0BF619A46C027B9C1BC0000000095
:105080000000000000000000724B44BE7E462EC0AF
:1050900000000000B236873F000000000000000062
:1050A0000000000000000000427CF9BD61861A3F4C
:1050B000FB985E3F000000000000000000000000C0
:1050C0000AAB97BF000000009A50A4BA000000008D
:1050D00000000000000000000000000000000000D0
:1050E000A9462BC00000000079269FBF00000000E9
:1050F000E7F9763F1F170C406E02473DED3D1B3E22
:10510000F8A433C0F6710B3F000000009CF4D8BE39
:105110000286EC3E00000000DCB906BF0000000083
:10512000000000000000000000000000000000007F
:10513000000000000000000000000000E0342E40ED
:105140002F21C83F1D30A8BFE887E2BFB510F7BCCC
:105150000000000000000000CE221D40F45C2E4044
:105160000000000000000000F08318BF7D23CCBECB
:105170001BF8493FAAE210BF0D28A03F26083BBEFE
:105180000000000000000000314D26BFA2A2423FF7
:1051900000000000CCC00CBE0000000000000000B9
:1051A00000000000000000000000000000000000FF
:1051B00000000000000000000000000000000000EF
:1051C000E661F340A46286BF00000000387004402E
:1051D000DEF05A4075806BBF00000000D54F66BE00
:1051E00039A671BF000000000CCD103F4AA053BF8C
:1051F0008083103F0000000000000000F61D16BF75
:1052000096A389BD00000000DBC43BBFAA1F103F6E
:105210009085903F000000000000000000000000AA
:10522000000000000000000000000000000000007E
:10523000000000000000000000000000C3CF673F36
:1052400038700440580ED8BDE0C00C3F000000008C
:105250000D9769BD7E462EC0383617C052764D3F39
:10526000000000007B4452BF00000000F2791DBF27
:1052700054A747BFAFB82C3F00000000000000005B
:10528000000000000000000000000000000000001E
:10529000000000000000000089443F3FE59B8BBFF9
:1052A00000000000000000000000000000000000FE
:1052B0002982DD3F510B393FC71D18BF693D5EBFD5
:1052C0009473DC3FA37243BFC313B83FE4EAC23E0A
:1052D000C6ACAF3D0C2E1FBF000000000000000058
:1052E0004DFDDABF00000000000000008A9FFDBDF8
:1052F0000000000099AFCBBE2E8F423D00000000A1
:10530000000000000000000000000000000000009D
:1053100000000000E854B2BE282BF6BE00000000DA
:1053200085D23D3F000000000000000000000000AA
:10533000000000000000000000000000BBAAB83F11
:10534000888BA03FA98A743E693D5EBF67700540A7
:105350000000000000000000E5E38B3DF7B011BE47
:105360008741D73E00000000248D89BF0000000067
:105370008322B63E25A94ABC55132ABE5102543E8B
:10538000000000000000000000000000000000001D
:1053900023689DBEC6D7093F000000000000000042
:1053A00000000000000000000000000000000000FD
:1053B00000000000000000008772D3BF7C28E9BF16
:1053C0000BA1213F1F97B6BD4CAA71BF9F9B773F92
:1053D00025F80D4000000000000000000000000063
:1053E000F59340BF59BBF93F22892BBF6770054039
:1053F000000000000000000000000000FFC0D43FDB
:105400000000000000000000000000001CB413C0F9
:1054100000000000EC88313F0000000000000000A8
:10542000CCC10E3F000000000000000000000000A2
:105430000000000098C01EC000000000E661F340BC
:10544000C2FB143F00000000557A21BF112198BF14
:10545000E52A03C0B989F6BF67B730BFE99D29C007
:1054600000000000000000004CBF46BD1D6086BE6D
:10547000000000000000000000000000CD3F8A3E58
:10548000000000000000000000000000000000001C
:1054900000000000000000008DF1B43FE0342E4019
:1054A000F7FF61BE11DB4F3F83BECD3E0000000021
:1054B00000000000B6EA1A4091B0F0BE0000000003
:1054C00000000000590FDD3F000000000000000058
:1054D00000000000A579A1BEE74B243F00000000BA
:1054E000000000000000000000000000BBAAB83F60
:1054F000B56F94C0A98A743E2C9F693FF7DC95BFB5
:10550000000000000000000000000000000000009B
:1055100025D241BEF7B011BE6B9BA6BE00000000B5
:10552000513207405BA089BF00000000000000006E
:10553000065D104014942C40B31737C04CD7493D3A
:10554000000000000000000000000000000000005B
:10555000000000000000000000000000000000004B
:10556000C859D8BFF08CE23F0BA1213FED3D1B3E57
:10557000B5BAA7BD9F9B773F25F80D4000000000FE
:10558000000000000000000000000000590FDD3F97
:105590006CE871BF6770054000000000E5E38B3DDB
:1055A0000000000000000000000000001CB413C058
:1055B00000000000A963DA3E0000000000000000C7
:1055C000CCC10E3F00000000000000000000000001
:1055D00000000000E661F340A46286BF0000000006
:1055E000E5349BBEAE0A87BEE9CA8C3E97724E3F39
:1055F0002982DD3FF4AEF4BF00000000000000008F
:10560000B9454BBF000000000D8116BFEAB4E43E6F
:105610002982DD3FABA8EBBE0000000000000000C7
:10562000000000004AE5D93E000000000000000034
:105630000000000000000000086E4ABF128803400E
:10564000000000000000000000000000000000005A
:1056500000000000000000001F63CEBF000000003B
:105660000F1685BF0000000079269FBF00000000D4
:105670006EDA07BF64E2B6BF382ADABFFDC98CBF55
:10568000C4E781BF748CF73FABE83D3F00000000EA
:10569000000000000000000000000000000000000A
:1056A0000000000000000000000000008772D3BF6F
:1056B0007C28E9BF6EDA07BFA90C22C04CAA71BFD3
:1056C000F0C722BF375DE8BF000000000000000007
:1056D00000000000861D26BF0000000072C4FCBE52
:1056E000F48DA8BFDE88843E0000000000000000AA
:1056F00000000000000000000000000000000000AA
:1057000023689DBE97C4DCBF000000009EA1CD3F72
:10571000F63836BED764F7BE000000000000000077
:105720000000000000000000000000000000000079
:1057300098C01EC000000000B405723E0B0F993FD8
:105740001580F3BF6977B9BF69A994BF828384408C
:1057500004B797BF00000000B9D8C23E00000000A7
:105760000000000052B2213F00000000A12DA73F21
:10577000CDF7CF3F00000000000000000000000057
:1057800000000000125401BFE2812A3D0000000029
:105790009C7B243E00000000000000000000000090
:1057A0000000000000000000000000002982DD3F32
:1057B0009474413FC71D18BF57F1203F798B0F40AC
:1057C00067700540063C913FBE03E5BFD65394BFCA
:1057D0000C2E1FBF000000008145EEBF000000003E
:1057E0000000000000000000000000000B8D853F5D
:1057F000D23EEFBED21C273C00000000000000009B
:105800000000000000000000F08B813FD65F03BF66
:105810000000000000000000000000000000000088
:105820000000000000000000000000000000000078
:10583000131DA3BFF316043FC1FC28BF7038B4BECC
:10584000A4EAF0BF7123943D2278C83F0000000015
:1058500000000000FB985E3FEB982E400000000027
:1058600000000000B9D8C23E9FF6B3BF6FFB35BF42
:105870000000000000000000000000006CC46A3F4F
:10588000B7BA9FBE85EC43BC0000000000000000DA
:105890000000000000000000000000000000000008
:1058A000000000000000000000000000C3CF673FC0
:1058B000387004406EBC013FE0C00C3F00000000A7
:1058C00011FFCDBB1794FDBE383617C00000000095
:1058D0002CDE27BF000000000000000000000000D8
:1058E00000000000AFB82C3F0000000000000000E6
:1058F00089443F3FE59B8BBF000000000000000093
:105900000000000000000000BBAAB83FF7DC95BF14
:10591000A98A743E5FC910BFF7B011BE0000000035
:105920000000000000000000645906BE67CB09407B
:105930009D7DDEBE000000000000000051320740E7
:105940009B68CDBF827C5ABFF654BF3EBFE9194069
:105950001AB59D3F0000000000000000000000009C
:1059600000000000006CFE3E00000000000000008F
:105970000000000000000000000000000000000027
:1059800000000000E0342E402F21C83F1D30A8BF8A
:10599000AF7BEABF6CE871BF0000000000000000B0
:1059A00059153EC0F45C2E400000000000000000CD
:1059B00000000000D10C13401BF8493F322AD0BD33
:1059C000BA5F13C000000000D7BC6EBFA2A2423F66
:1059D00000000000000000000000000000000000C7
:1059E00000000000000000000000000000000000B7
:1059F0008772D3BF7C28E9BFFEDF2A401F97B6BD60
:105A0000AD2034BF88E9D73F00000000000000004F
:105A1000000000000000000000000000F82FC7BFD9
:105A200000000000C4E781BFBB2F1B3F0000000047
:105A3000C50702C09E0E87BFA1B3293F000000002A
:105A40000000000000000000000000000000000056
:105A500000000000B2A3C23F3ED0F4BFD4FCB5BFEB
:105A600000000000CA4688BF00000000560DC33F7A
:105A7000000000006B462E3F00000000FA30003F9F
:105A80001852AF3F000000000000000000000000BE
:105A90003AD7DABD0000000000000000000000005E
:105AA000D10C1340065D104095BC72BEAB6EAD3F8D
:105AB000399A41BF00000000C989BCBFA10412BFD0
:105AC000D0C4ECBF000000005910ACBF00000000C3
:105AD0000000000098BF2F3F2AAB25C00000000047
:105AE0003A8ADFBE00000000000000000000000055
:105AF0000000000000000000353347BF0000000038
:105B0000000000000000000000000000C3CF673F5D
:105B1000888BA03F580ED8BD0C876E3FE854B2BEAC
:105B2000F27E713D7E462EC0C6D7093F00000000C0
:105B3000000000009CF4D8BE0000000077A199BED0
:105B400000000000000000008987093F97B6C3BF2E
:105B5000278462BE0000000000000000000000007A
:105B60005370883C0000000018630B3F00000000E9
:105B70000000000000000000000000000000000025
:105B8000000000000000000088EF1C40B2A3C23FEC
:105B900060F425BC3ED0F4BFD4FCB5BF6EBC013F61
:105BA0000000000000000000C64F84BF000000009D
:105BB0003587D73D00000000000000000000000015
:105BC0005B841B402F1DBF3F0000000092570BC09D
:105BD00000000000000000000000000000000000C5
:105BE00000000000E59B8BBF555CF0BF689241BE92
:105BF0004B8DC2BE4C2A3BBF67CB094056DB703F82
:105C00000000000000000000000000000000000094
:105C10005E925ABF0000000025D3BC3D000000008A
:105C200000000000B0923B3D9D8BF9BE26671E3FF1
:105C300000000000D047E33E000000006E8307BF75
:105C40000000000000000000000000000000000054
:105C50000000000000000000E0342E402F21C83F6B
:105C60001D30A8BFAF7BEABF0000000000000000AD
:105C700000000000CE221D40F45C2E40C313B83F4C
:105C800000000000FADC5F3F322AD0BDF8081FBFD9
:105C90000000000063F218BFAB0B04BF000000005F
:105CA00000000000000000000000000000000000F4
:105CB000000000000000000000000000D10C1340B4
:105CC000065D104095BC72BEFB39663EE27833BF7C
:105CD0000000000034E6E03FFB3F18C0A028923FE0
:105CE00000000000ACCCA9BF0000000000000000D4
:105CF000000000009680023F00000000C9A31F3F83
:105D00000000000000000000000000000000000093
:105D10003BDCAFBF849970BE0000000000000000B3
:105D200000000000000000002982DD3F9C9D103F24
:105D3000D4470FBFF7DC95BF9473DC3F2FB71EBE6F
:105D40000000000027B9C1BCC6ACAF3D0C2E1FBF80
:105D50000000000000000000000000000000000043
:105D600000000000F6940CBE2E8F423D00000000A3
:105D700000000000E81EEABE282BF6BE000000006E
:105D80004A2D75BF00000000000000000000000068
:105D9000000000000000000000000000E59B8BBF39
:105DA000555CF0BFE7F9763F4B8DC2BE4C2A3BBF36
:105DB00095BC72BEF63BB43B000000000000000042
:105DC000000000000000000027B9C1BCA8D09EBEA2
:105DD0000000000000000000FFC0D43F00000000F1
:105DE000E0DD523FCE5688BFF74537BE00000000C9
:105DF00000000000CDBE5340000000000000000085
:105E00000000000000000000000000000000000092
:105E1000E0342E402F21C83F68CCEBBEAF7BEABFF9
:105E200000000000000000000000000088633AC08D
:105E3000F45C2E4000000000664317401BF8493F09
:105E40006D389CBDBD31FDBF00000000D7BC6EBFEA
:105E5000A2A2423F0000000000000000000000007D
:105E60000000000000000000000000000000000032
:105E7000000000008772D3BF7C28E9BFA5221C3F29
:105E8000329E1FC0B2955F409F9B773F6770054071
:105E90000000000000000000000000000000000002
:105EA000F8081FBF22892BBF808BE9BF00000000CC
:105EB0000000000018CE08400000000000000000B4
:105EC00000000000BBE7BD3F645906BE0A7B81BEEF
:105ED00000000000000000000000000000000000C2
:105EE00000000000000000001F63CEBF00000000A3
:105EF0000F1685BF00000000B71BF4BF9F9B773FC4
:105F000098BF2F3F000000000000000070A8833FF2
:105F1000ACCCCF3DA692523E033FC2BF3B9A3F401E
:105F20000000000000000000000000000000000071
:105F30000000000000000000000000008772D3BFD6
:105F4000F08CE23F6EDA07BFED3D1B3E0000000023
:105F5000F0C722BF375DE8BF00000000000000006E
:105F6000000000003DB7EABE000000003624C03F3C
:105F70000000000000000000892A1D3D033FC2BF51
:105F80005A79EFBFCBADAD3F00000000D955843E3C
:105F90000000000000000000000000000000000001
:105FA0000000000000000000E661F340A46286BF2C
:105FB0000000000038700440DEF05A4075806BBF6E
:105FC00000000000D54F66BE000000000000000089
:105FD000872657BF4AA053BF8083103F00000000B0
:105FE0000CCD103F00000000AF79823FE1FCC53EC0
:105FF000F20F933F000000000000000000000000CE
:106000000000000000000000000000000000000090
:10601000000000008772D3BF7C28E9BF6EDA07BF9B
:106020003C107FBEB2955F40C4E781BF6C18053F4E
:106030000000000000000000000000000000000060
:106040000000000064E2B6BFE179ECBBE7F9763FFF
:106050000000000000000000D47E2240000000008C
:10606000000000002F1DBF3F0D3F01C000000000D9
:106070000000000000000000000000000000000020
:10608000E0342E40D6F5763F26247A3EF2CCC4BFCB
:10609000A4FFA0BE000000000000000000000000FF
:1060A0006F0A1FC00000000090B94BBF195CB53EDD
:1060B00049444BBF00000000000000000000000049
:1060C00000000000A1346DBD7BD1873F00000000BF
:1060D000000000000000000000000000E59B8BBFF6
:1060E000BF74A1BF0366EF3F94439BBEF59340BFCF
:1060F000689241BE02CFE2BF000000000000000035
:106100000000000000000000498D3FBF3624C03F62
:10611000000000008CE0683E0000000039A671BF5E
:106120006A226CBF000000000000000000000000B8
:10613000000000000000000000000000ECEBEA3F5F
:106140000000000000000000090011000900FFFF2E
:106150001100020002000F00FFFF08000100000014
:106160000400FFFF0E000500FFFF0A0003000A0005
:1061700010000000FFFFFFFF0F000A000800FFFFF4
:10618000FFFFFFFFFFFFFFFF010000000A00FFFF0E
:10619000FFFFFFFFFFFFFFFFFFFFFFFFFFFFFFFF0F
:1061A000FFFFFFFFFFFFFFFFFFFF090005000200E9
:1061B00009000800090004000F000200FFFF0A00A8
:1061C0000800000007000100FFFFFFFF00000100C2
:1061D000FFFFFFFF130003000A000500FFFFFFFFA2
:1061E000FFFFFFFF0700FFFF1100FFFF0500050095
:1061F000FFFFFFFF1100010003000E00FFFFFFFF84
:10620000FFFFFFFFFFFFFFFFFFFFFFFFFFFFFFFF9E
:10621000FFFFFFFFFFFFFFFFFFFFFFFF090005007C
:1062200002000900080009000400FFFF0200060048
:106230000A00080005000100010007000A00FFFF36
:10624000FFFF1000FFFF0200FFFFFFFF0000FFFF46
:10625000FFFFFFFFFFFFFFFF14000400110002001B
:10626000FFFF0400030011000D00FFFFFFFFFFFF11
:10627000FFFFFFFFFFFFFFFFFFFFFFFFFFFFFFFF2E
:10628000FFFFFFFFFFFFFFFFFFFF090011000000FE
:10629000100009000A0010000000000011000000BA
:1062A00004000E000E0002000500FFFF03000200C4
:1062B000FFFFFFFF08000A00FFFF100001001400AD
:1062C000FFFF00000A00FFFFFFFFFFFF1300FFFFBB
:1062D000FFFFFFFFFFFF1000FFFF0600FFFFFFFFB4
:1062E000FFFFFFFF1400FFFF01000300FFFF090095
:1062F000FFFFFFFFFFFFFFFFFFFFFFFFFFFFFFFFAE
:10630000FFFFFFFFFFFFFFFFFFFFFFFF090011007F
:106310000000100002000A000A0004000600090044
:10632000030011000E000200FFFFFFFFFFFFFFFF51
:10633000FFFFFFFF080004000800FFFFFFFFFFFF53
:1063400015001000FFFF1000FFFF100000001000FC
:10635000FFFF1400FFFF00000A00FFFFFFFFFFFF29
:10636000FFFFFFFFFFFFFFFFFFFFFFFFFFFFFFFF3D
:10637000FFFFFFFFFFFF09000900000011001100EF
:10638000110010000800FFFF1000070002000300CA
:1063900000000A00FFFF0F00000002000F000C00C9
:1063A0000A000100FFFF06000B000200FFFF0600CD
:1063B000FFFFFFFFFFFF030009000F000E000E00AC
:1063C00017000700FFFF1400FFFFFFFFFFFFFFFFA5
:1063D0000C00FFFFFFFFFFFF07000F00FFFFFFFFA5
:1063E000FFFFFFFFFFFFFFFFFFFFFFFFFFFFFFFFBD
:1063F000FFFFFFFFFFFFFFFFFFFFFFFFFFFFFFFFAD
:10640000FFFFFFFFFFFFFFFF090009000000110071
:1064100011000A0010000800FFFF01000500FFFF47
:106420000E0009000200FFFF0F0003000A00070032
:10643000FFFF03000A0011000A001700FFFF04001D
:10644000FFFF10000B00050008000F000700100000
:106450000F0016000D00080015000700FFFF1500D3
:106460001100FFFFFFFFFFFFFFFFFFFFFFFFFFFF29
:10647000FFFFFFFFFFFFFFFFFFFFFFFFFFFFFFFF2C
:10648000FFFFFFFFFFFFFFFFFFFFFFFFFFFFFFFF1C
:10649000FFFFFFFFFFFFFFFFFFFFFFFFFFFFFFFF0C
:1064A000FFFF090009000000110011001100100099
:1064B0000800FFFF010000000200030000001700B9
:1064C000FFFF0F000300050010000C000A0003008E
:1064D000FFFF0F0004000A0008000E000400FFFF89
:1064E00010000F0007000A00FFFF03001400110056
:1064F000FFFF1300FFFFFFFFFFFF0600FFFF0E007F
:106500000900FFFF00001500FFFFFFFFFFFFFFFF77
:10651000FFFFFFFFFFFFFFFFFFFFFFFFFFFFFFFF8B
:10652000FFFFFFFFFFFFFFFFFFFFFFFFFFFFFFFF7B
:10653000FFFFFFFFFFFFFFFFFFFFFFFFFFFFFFFF6B
:10654000FFFFFFFF090009000E00110005000F000A
:1065500015001600FFFF0A000800FFFF08000000FA
:106560001000FFFF13000400010002000400FFFF01
:10657000FFFF0A000A001200FFFFFFFFFFFF0D00F0
:106580000900FFFF0800FFFF01000B0001000400ED
:106590001400FFFF1000FFFFFFFFFFFFFFFFFFFFE3
:1065A000FFFFFFFFFFFFFFFFFFFFFFFFFFFFFFFFFB
:1065B000FFFFFFFFFFFFFFFFFFFFFFFFFFFF0900E0
:1065C000090000000800050003001000FFFF110093
:1065D0000A000E0008001100090017001600FFFF56
:1065E000040001000A000800FFFF1400130002006D
:1065F00011000A0008000600FFFFFFFF0D00090060
:106600000500080011001200FFFF03001500FFFF46
:10661000FFFF020004000100130015000700FFFF48
:10662000FFFF1500FFFFFFFFFFFFFFFFFFFFFFFF63
:10663000FFFFFFFFFFFFFFFFFFFFFFFFFFFFFFFF6A
:10664000FFFFFFFFFFFFFFFFFFFFFFFFFFFFFFFF5A
:10665000FFFFFFFFFFFFFFFFFFFFFFFFFFFFFFFF4A
:10666000FFFFFFFF090009000E00080008000F00EF
:106670001500FFFF110003000400FFFF08001600D3
:1066800010001600FFFF0200FFFF17000200FFFFCF
:10669000FFFF17000A00FFFF02000A0011001600AA
:1066A0000400FFFFFFFF1400FFFF15000000FFFFC5
:1066B0000300FFFFFFFFFFFFFFFFFFFFFFFFFFFFE5
:1066C000FFFFFFFFFFFFFFFFFFFFFFFFFFFFFFFFDA
:1066D000FFFFFFFFFFFF090009000000080008009E
:1066E0000A001000FFFF11000200FFFF11000E0062
:1066F000000017000600FFFF120003000C0004005A
:10670000030014000400030002000600FFFFFFFF67
:106710001100FFFF12001200FFFFFFFF1500FFFF37
:10672000FFFF110014001300FFFF0600010002002C
:106730001500FFFFFFFFFFFFFFFFFFFFFFFFFFFF52
:10674000FFFFFFFFFFFFFFFFFFFFFFFFFFFFFFFF59
:10675000FFFFFFFFFFFFFFFFFFFFFFFFFFFFFFFF49
:10676000FFFFFFFF09000800000009000A00030006
:1067700010000700020013000100100011000300C8
:106780000600FFFFFFFF16000300FFFF0100FFFFF1
:1067900011001400020013000D0000000F0007009C
:1067A0000F00FFFFFFFF0E000200FFFFFFFFFFFFD4
:1067B000FFFFFFFFFFFFFFFFFFFFFFFF15000800C8
:1067C0000F00FFFF0800FFFFFFFF1700FFFF08009B
:1067D0001000FFFFFFFFFFFFFFFFFFFFFFFFFFFFB7
:1067E000FFFFFFFFFFFFFFFFFFFFFFFFFFFFFFFFB9
:1067F000FFFFFFFFFFFF0900080000000200040088
:106800000A000A0004000100FFFFFFFF0B000E005A
:106810000D00FFFF0A00120000000A001300FFFF36
:1068200003001400FFFF1600150000001000FFFF1A
:106830000800100008000200FFFFFFFFFFFFFFFF3E
:10684000FFFF0C0002000C00FFFFFFFFFFFFFFFF38
:10685000FFFFFFFFFFFFFFFFFFFFFFFFFFFFFFFF48
:10686000FFFFFFFFFFFFFFFFFFFFFFFFFFFFFFFF38
:1068700009000800000002000A0003000A000400EA
:106880000100FFFFFFFF130011000D00FFFF0A00D2
:10689000120000000A00FFFF070011000100FFFFC7
:1068A0000D00150000001600FFFF08000A00080098
:1068B0000800FFFFFFFFFFFFFFFFFFFFFFFF0700D5
:1068C0000900FFFFFFFFFFFFFFFFFFFFFFFFFFFFCD
:1068D000FFFFFFFFFFFFFFFFFFFFFFFFFFFFFFFFC8
:1068E000FFFFFFFFFFFF090013000200110001007E
:1068F000100008000F000000FFFFFFFF0000130062
:106900000100040006000100FFFFFFFF0A00030072
:1069100001000E00000007000D0016001600010027
:10692000050016000500140009000100080017000A
:106930001600FFFFFFFFFFFFFFFFFFFF1000FFFF3D
:10694000FFFFFFFFFFFFFFFFFFFFFFFFFFFFFFFF57
:10695000FFFFFFFFFFFFFFFFFFFFFFFFFFFFFFFF47
:10696000FFFFFFFFFFFFFFFFFFFFFFFFFFFFFFFF37
:10697000FFFFFFFF090009000000110008000A00E6
:106980000A000200FFFF020003000B000E000C00D3
:10699000FFFFFFFF03000F000100010005001700CB
:1069A000FFFF0300140010001700FFFF0F00060098
:1069B000060000000200FFFFFFFF0A000A00FFFFC1
:1069C000FFFFFFFFFFFFFFFF0C0016000D00100090
:1069D000FFFFFFFFFFFFFFFFFFFFFFFFFFFFFFFFC7
:1069E000FFFFFFFFFFFFFFFFFFFFFFFFFFFFFFFFB7
:1069F000FFFFFFFFFFFFFFFFFFFFFFFFFFFF09009C
:106A000008000E0009000A000F0017000B0002002A
:106A1000090001000000060002000600FFFFFFFF62
:106A20000F000100FFFFFFFFFFFF09000A00150034
:106A30000700FFFF00001200FFFF06000600FFFF37
:106A400000000A00FFFFFFFF1300FFFFFFFF0E0023
:106A5000FFFFFFFFFFFFFFFFFFFFFFFFFFFFFFFF46
:106A6000FFFFFFFFFFFFFFFFFFFFFFFFFFFFFFFF36
:106A7000FFFFFFFF090013000900030001000800E9
:106A8000050011000F00FFFFFFFF02001100FFFFD4
:106A9000140010000400FFFFFFFF130008000600B1
:106AA0000900170000001700FFFF08000E00060095
:106AB0000400090003000A0017000C000E0010007B
:106AC000FFFFFFFFFFFFFFFFFFFFFFFFFFFFFFFFD6
:106AD000FFFFFFFFFFFFFFFFFFFFFFFFFFFFFFFFC6
:106AE000FFFFFFFFFFFFFFFFFFFFFFFFFFFFFFFFB6
:106AF000FFFFFFFFFFFF090008000E0009000A006A
:106B00000F0017000B000F0016000100000002002C
:106B100002000600FFFFFFFF02001100FFFF090057
:106B2000FFFF09000A001500FFFF11001700130006
:106B3000FFFF070006000100FFFFFFFFFFFFFFFF51
:106B4000FFFFFFFF1300FFFFFFFF1500FFFFFFFF29
:106B5000FFFFFFFFFFFF0600FFFFFFFFFFFFFFFF3D
:106B6000FFFFFFFFFFFFFFFFFFFFFFFFFFFFFFFF35
:106B7000090010000E00000000000F0016000700C2
:106B800011000F000900FFFF080002000300FFFFD3
:106B9000FFFF0F0012001600060010001600FFFF96
:106BA000FFFF06000C00010001001700FFFFFFFFC0
:106BB000FFFF17000000140011001000FFFF0F007E
:106BC0001000FFFFFFFF0C0009000C001400140070
:106BD0000400FFFFFFFFFFFFFFFFFFFFFFFFFFFFBF
:106BE000FFFFFFFFFFFFFFFFFFFFFFFFFFFFFFFFB5
:106BF000FFFFFFFFFFFFFFFFFFFFFFFFFFFFFFFFA5
:106C0000FFFFFFFFFFFFFFFFFFFF09000E000F0068
:106C10000E000F000C00FFFF0F0008000200110023
:106C20000F0017001000010009000A00FFFF00001C
:106C3000FFFF0F00FFFF0E001100FFFFFFFFFFFF30
:106C4000FFFFFFFF0F001500050001000A00FFFF16
:106C5000FFFFFFFF0C00FFFF07000400FFFFFFFF27
:106C6000FFFFFFFFFFFFFFFFFFFFFFFFFFFFFFFF34
:106C7000FFFFFFFFFFFFFFFFFFFFFFFF090008000F
:106C80000E000F000E000400040009000600FFFFC4
:106C90000F000F000500030011000B000200FFFFB2
:106CA000FFFF1700FFFFFFFFFFFF10001700FFFFB0
:106CB000FFFF1600FFFFFFFFFFFF06000100FFFFC1
:106CC000FFFFFFFFFFFF0A00FFFFFFFFFFFFFFFFC8
:106CD000FFFFFFFFFFFFFFFFFFFF090003000000B2
:106CE00011000F001300060001000A00FFFFFFFF64
:106CF000110010000E000F0010001600010012001D
:106D000010000100FFFF04001600090013000A0034
:106D10000E00FFFF090011000E0010000200FFFF2F
:106D2000FFFFFFFFFFFFFFFF0400110016000D0033
:106D30000F00FFFF0200FFFF14001400FFFFFFFF22
:106D4000FFFFFFFFFFFFFFFFFFFFFFFFFFFFFFFF53
:106D5000FFFFFFFFFFFFFFFFFFFFFFFFFFFFFFFF43
:106D6000FFFFFFFFFFFFFFFFFFFFFFFFFFFFFFFF33
:106D7000FFFFFFFF0900110010001600FFFF0A00CF
:106D80000000070003000100010001000500FFFFF3
:106D9000FFFFFFFFFFFFFFFF08000A001100FFFFDA
:106DA0000A00FFFF0E000300100005000F000400A2
:106DB0000A001300FFFF0C00FFFFFFFFFFFFFFFFB4
:106DC000FFFFFFFFFFFFFFFFFFFFFFFFFFFFFFFFD3
:106DD000FFFFFFFFFFFFFFFFFFFF09000F0007009E
:106DE0000E00080000000B00020004001200FFFF6C
:106DF000FFFFFFFF09000A0006000D000100FFFF72
:106E0000FFFFFFFF0A00FFFFFFFFFFFF1200080068
:106E100017000400FFFF0200FFFF0500FFFFFFFF58
:106E2000FFFFFFFFFFFFFFFFFFFFFFFFFFFFFFFF72
:106E3000FFFFFFFF0900110010000400FFFF0A0020
:106E400004001600FFFF0100010017000200FFFF11
:106E5000FFFFFFFF0800110011001200FFFFFFFFFE
:106E60000800030011000900080000000A000800E3
:106E70000700FFFF1700FFFFFFFFFFFFFFFFFFFF00
:106E8000FFFFFFFFFFFFFFFFFFFFFFFFFFFFFFFF12
:106E9000FFFFFFFFFFFFFFFFFFFF09000B001000D8
:106EA000FFFFFFFF0A0000000100010001000200D7
:106EB000FFFF080003001100FFFF0A000700130096
:106EC0000F0010000100090000000A000400FFFF8D
:106ED000FFFF0D00FFFFFFFFFFFFFFFFFFFFFFFFB3
:106EE000FFFFFFFFFFFFFFFFFFFFFFFFFFFFFFFFB2
:106EF000FFFFFFFFFFFFFFFF090008001700FFFF74
:106F0000040002001700000002000900FFFF10004B
:106F10000800FFFFFFFFFFFFFFFF03000C0013004F
:106F2000FFFF14000300FFFFFFFFFFFFFFFFFFFF56
:106F3000FFFF0E00080005000E00FFFFFFFFFFFF30
:106F4000FFFFFFFFFFFFFFFFFFFF1000010000003A
:106F500017000A000F00100003000100FFFFFFFFF1
:106F600006000600110002001100FFFFFFFFFFFFF7
:106F700011000300110003000E00080012000600BB
:106F80000800FFFF02000E00FFFF0200FFFF0D00E0
:106F9000010013000100090017000F001500070091
:106FA000FFFFFFFFFFFFFFFFFFFFFFFFFFFFFFFFF1
:106FB000FFFFFFFFFFFFFFFFFFFFFFFFFFFFFFFFE1
:106FC000FFFFFFFFFFFFFFFFFFFFFFFFFFFFFFFFD1
:106FD000FFFFFFFFFFFFFFFF09000800110009008E
:106FE0000300FFFFFFFF0B000300FFFFFFFFFFFF9A
:106FF000FFFF05000A00FFFF090001000100FFFF7D
:10700000FFFFFFFFFFFFFFFFFFFF02000400000084
:107010000000160001000A000A000D000C000D001F
:1070200008000A00050001000F000C001200FFFF1D
:107030000600000003000700FFFF120008000F0019
:10704000FFFF0800FFFFFFFF0800FFFF16000D0015
:10705000FFFFFFFFFFFFFFFFFFFFFFFF0600010035
:1070600008000D0015000200170010000D000300BD
:10707000FFFF0800FFFFFFFFFFFFFFFFFFFFFFFF16
:10708000FFFFFFFFFFFFFFFFFFFFFFFFFFFFFFFF10
:10709000FFFFFFFFFFFFFFFFFFFFFFFFFFFFFFFF00
:1070A000FFFFFFFFFFFFFFFFFFFFFFFF09000800DB
:1070B000110011000300FFFFFFFF0E00FFFFFFFFA5
:1070C000FFFF00000F000100FFFF0E000B00FFFF9D
:1070D000FFFFFFFFFFFFFFFFFFFF17001500170077
:1070E0000900FFFF1000150003000B00130016003D
:1070F00003000E00FFFFFFFFFFFFFFFFFFFF030086
:1071000016000000150008000F0008000D00170011
:10711000FFFFFFFF0B00FFFF14000E00FFFFFFFF4C
:10712000110006000A000900FFFFFFFFFFFFFFFF3D
:10713000FFFFFFFFFFFFFFFFFFFFFFFFFFFFFFFF5F
:10714000FFFFFFFFFFFFFFFFFFFFFFFF0900020040
:107150001700FFFFFFFF020017000900FFFF1000EC
:10716000070001000A001300160002000C00FFFFD8
:10717000FFFFFFFFFFFFFFFF0B00160000000800EE
:107180000800FFFFFFFFFFFFFFFFFFFFFFFFFFFF05
:10719000FFFFFFFFFFFFFFFFFFFF090008001100D7
:1071A0000F000300FFFFFFFF1100FFFFFFFFFFFFC6
:1071B0000900FFFF04000300FFFFFFFFFFFFFFFFC9
:1071C00009000F001300FFFFFFFF170003000A0074
:1071D0000E000100160000000100FFFFFFFFFFFF8F
:1071E000FFFF03000F00FFFFFFFFFFFFFFFF110086
:1071F000050006000600FFFFFFFFFFFFFFFFFFFF88
:10720000FFFFFFFFFFFF090015000E0012000A003C
:10721000FFFFFFFF07000900150001000B000E0033
:1072200015000A000A000A00FFFF0F001000FFFF10
:1072300004000B00FFFFFFFF05000000000014002A
:1072400005000100FFFFFFFFFFFFFFFFFFFFFFFF44
:10725000FFFFFFFFFFFFFFFFFFFFFFFFFFFFFFFF3E
:10726000FFFFFFFFFFFFFFFFFFFFFFFF17001500FE
:1072700017000900FFFF100010001300FFFF1300AC
:10728000FFFF000002000D00FFFFFFFFFFFF1400E3
:107290000300FFFF0100FFFFFFFFFFFF0900FFFFEB
:1072A000FFFF14000A00FFFFFFFFFFFFFFFFFFFFCC
:1072B000FFFF0E000F001000FFFF01000A00150085
:1072C000FFFFFFFF0100000009001500FFFF08009D
:1072D00010000A0009001100FFFF0000010010006B
:1072E0000E001500FFFFFFFF1300FFFFFFFFFFFF72
:1072F000FFFFFFFFFFFFFFFFFFFFFFFFFFFFFFFF9E
:10730000FFFFFFFFFFFFFFFF13000A001500FFFF55
:10731000FFFF120010000700050011000000090027
:107320001700070007000100070006001300030014
:10733000FFFF0B0009001300FFFF0E000200030017
:1073400005000400FFFF0A00030008001500FFFF0E
:10735000FFFFFFFFFFFFFFFFFFFFFFFFFFFFFFFF3D
:10736000FFFFFFFFFFFFFFFFFFFFFFFFFFFFFFFF2D
:10737000FFFFFFFFFFFFFFFFFFFFFFFFFFFFFFFF1D
:10738000FFFF090002000B00FFFFFFFF00001300DA
:107390000B001000170001000700FFFF0300FFFFB4
:1073A0000C00FFFF030008000500FFFFFFFFFFFFC9
:1073B00001000A001100020003000300FFFFFFFFAD
:1073C000FFFFFFFFFFFFFFFFFFFFFFFFFFFFFFFFCD
:1073D000FFFFFFFFFFFFFFFF09000800110015007E
:1073E0000300FFFFFFFF16000D00FFFFFFFF0E0071
:1073F000060012000F00FFFF0C00FFFFFFFF14004C
:1074000002000E000B00FFFFFFFFFFFFFFFFFFFF6B
:10741000FFFFFFFFFFFFFFFFFFFF0200040012005E
:1074200008000D0000001400FFFF000005000B0025
:1074300001000A00FFFFFFFF0A000D00010001002C
:107440001100100008000400100001000F000C00E3
:10745000FFFFFFFF0A00FFFFFFFFFFFFFFFF160018
:10746000FFFF0C0003000E000300FFFF0100FFFF01
:10747000FFFFFFFFFFFFFFFFFFFFFFFFFFFFFFFF1C
:10748000FFFFFFFFFFFFFFFFFFFFFFFFFFFFFFFF0C
:10749000FFFFFFFFFFFFFFFF11000E00FFFF0000D7
:1074A0000B000100FFFF15000F00FFFFFFFF1100A1
:1074B000FFFF06001000FFFF1500150000000B0085
:1074C0001600FFFFFFFFFFFFFFFFFFFFFFFFFFFFB4
:1074D000FFFFFFFFFFFF090003001700FFFFFFFF93
:1074E000020013000900FFFF0A0014000800FFFF5C
:1074F000FFFFFFFFFFFF0B00FFFFFFFF0000130078
:10750000FFFFFFFFFFFFFFFF090008001100110050
:107510001300FFFFFFFF0F00FFFFFFFFFFFF0E0045
:107520000600040008000B000300FFFFFFFFFFFF41
:10753000FFFFFFFFFFFFFFFFFFFF09000300100039
:10754000FFFFFFFF030002000A000100FFFF15001C
:107550001000010008000400040015000A000C00DF
:1075600008000E00FFFFFFFF0700FFFF12000F00E3
:10757000FFFF0000FFFFFFFFFFFFFFFFFFFFFFFF19
:10758000FFFFFFFFFFFFFFFFFFFFFFFFFFFFFFFF0B
:10759000FFFFFFFF120009001400FFFFFFFFFFFFC6
:1075A00009000800110015000300FFFFFFFF16008F
:1075B0001400FFFFFFFFFFFFFFFFFFFFFFFF0900BA
:1075C00003001700FFFFFFFF020017000900FFFF85
:1075D000160008000800FFFF01000F000E000A005F
:1075E000FFFFFFFF0D00FFFF000007000F00150069
:1075F00000001100FFFFFFFFFFFFFFFFFFFFFFFF86
:10760000FFFFFFFFFFFFFFFFFFFFFFFFFFFFFFFF8A
:1076100010001700020001000700FFFF1700030021
:10762000FFFFFFFFFFFF04000D001100FFFF100030
:10763000130007000F001200FFFF0A0010001000E7
:107640000F0009000E00FFFFFFFFFFFFFFFFFFFF1E
:10765000FFFFFFFFFFFFFFFFFFFFFFFFFFFFFFFF3A
:10766000FFFFFFFFFFFF0D001200030004000F00EB
:1076700001000E00FFFFFFFFFFFFFFFF11000B00E7
:107680000D0001000100080014000600FFFF0900C2
:1076900009000E000A000A0003000A0017000A0091
:1076A0000600FFFFFFFF0C00FFFFFFFFFFFF1600BC
:1076B000FFFFFFFFFFFFFFFFFFFFFFFFFFFFFFFFDA
:1076C000FFFFFFFFFFFFFFFFFFFFFFFFFFFFFFFFCA
:1076D000FFFFFFFF11000F00FFFF06000600110073
:1076E0000F000D000800100015000A000600010040
:1076F00007000A0004000900FFFF01001500010057
:107700001000170016000A000A000E000000FFFF1C
:10771000FFFF00000F00FFFFFFFFFFFFFFFFFFFF66
:10772000FFFFFFFFFFFFFFFFFFFFFFFFFFFFFFFF69
:10773000FFFFFFFFFFFFFFFFFFFFFFFFFFFFFFFF59
:10774000FFFFFFFFFFFFFFFFFFFF09001700100013
:10775000FFFFFFFF0300020015000100FFFF0B0009
:1077600010001000080004000B000B000A001700B6
:1077700001000B00FFFFFFFF0400FFFF09001300E3
:10778000FFFFFFFFFFFFFFFFFFFFFFFFFFFFFFFF09
:10779000FFFFFFFFFFFFFFFFFFFFFFFFFFFFFFFFF9
:1077A000120009000D00FFFFFFFF12000D00150081
:1077B0000F00FFFF0200FFFFFFFFFFFFFFFF0800BA
:1077C0000600FFFFFFFF03000F00FFFFFFFFFFFFAB
:1077D000FFFF1400FFFF09000F0015000600060060
:1077E000FFFFFFFF04000F000D0008000D00FFFF6A
:1077F0001500060001000F000A000F00FFFFFFFF49
:10780000FFFFFFFFFFFFFFFFFFFFFFFFFFFFFFFF88
:10781000FFFFFFFFFFFFFFFF090003001400FFFF52
:10782000FFFF0B00060009000F00FFFFFFFF08002D
:10783000110001001400FFFFFFFF0A00FFFF0A0014
:107840000A000F000400FFFFFFFFFFFFFFFFFFFF25
:10785000FFFFFFFFFFFFFFFFFFFF0200000012001E
:1078600012000800160014000A000D00FFFF0600B9
:1078700006001600FFFFFFFF02001400FFFFFFFFDE
:107880000900FFFF01000E000F00160000000400B9
:10789000FFFF0100FFFFFFFFFFFF0400FFFF0900E4
:1078A00001000C000F000700FFFFFFFFFFFFFFFFBD
:1078B000FFFFFFFFFFFFFFFFFFFFFFFFFFFFFFFFD8
:1078C000FFFFFFFFFFFFFFFFFFFFFFFF12000900A9
:1078D0001100FFFFFFFF1400FFFFFFFF090008007A
:1078E00015000E000300FFFFFFFFFFFFFFFFFFFF7C
:1078F000FFFF13000C001700FFFFFFFF150017002C
:107900000900FFFF16000800FFFF0700010000004C
:1079100015000A00FFFFFFFF0D00FFFF1000090028
:1079200003000E0000001100FFFFFFFFFFFFFFFF3D
:10793000FFFFFFFFFFFFFFFFFFFFFFFFFFFFFFFF57
:10794000FFFFFFFF14000900060003000B00FFFF0C
:10795000FFFFFFFFFFFF0B000F0000000900010009
:107960001000FFFFFFFF010011000A000A000200E3
:10797000FFFFFFFFFFFFFFFFFFFFFFFFFFFFFFFF17
:10798000FFFFFFFFFFFF14001700060016000200B4
:10799000FFFFFFFF130016000F001100FFFF110093
:1079A000FFFF160002000700FFFFFFFF05001500A4
:1079B00012001000FFFFFFFFFFFFFFFFFFFFFFFFB1
:1079C000FFFFFFFFFFFFFFFFFFFFFFFF09000300B7
:1079D0001300FFFFFFFF170003000A00FFFF100066
:1079E0001600FFFF0100FFFFFFFF10001300FFFF65
:1079F000FFFF06000700FFFF1600FFFFFFFFFFFF6E
:107A0000FFFFFFFFFFFF11000E00FFFF0800100047
:107A10000400FFFF0A000B00FFFFFFFF010005004D
:107A200014001400FFFF08000A001100FFFFFFFF11
:107A3000FFFFFFFFFFFFFFFFFFFFFFFFFFFFFFFF56
:107A4000120009000200FFFFFFFF00001200070004
:107A500008000100140012001600FFFF0A000300D6
:107A60000300FFFFFFFF16000D00FFFFFFFFFFFFFA
:107A7000FFFF0D000000FFFF0800FFFFFFFFFFFFFB
:107A8000FFFFFFFFFFFFFFFFFFFFFFFFFFFF1400F0
:107A90000900060003000B00FFFFFFFFFFFFFFFFD1
:107AA00015000F000900FFFF0F0014000100110076
:107AB000060003000B000400FFFFFFFFFFFFFFFFB6
:107AC000FFFFFFFFFFFFFFFFFFFFFFFFFFFFFFFFC6
:107AD0001400FFFF11000100FFFF0200110003006E
:107AE0000000170010001000080008001300080034
:107AF0000200FFFF0900FFFFFFFFFFFFFFFFFFFF87
:107B0000FFFFFFFFFFFFFFFFFFFFFFFFFFFFFFFF85
:107B1000FFFF090008000E0017000A00FFFFFFFF2B
:107B20000D000000050001000A0009000000FFFF31
:107B3000FFFFFFFF160014000700FFFF090004000D
:107B400017001000FFFFFFFFFFFFFFFFFFFFFFFF1A
:107B5000FFFFFFFFFFFFFFFFFFFFFFFFFFFFFFFF35
:107B6000090005000F0003000100FFFF0600FFFFF2
:107B7000FFFFFFFFFFFF0E000F0003000F001300C9
:107B80000B00FFFF0F00110011000900FFFF0700AD
:107B90000F00FFFFFFFFFFFFFFFFFFFFFFFFFFFFE4
:107BA000FFFFFFFFFFFFFFFFFFFF120009000900BB
:107BB000FFFFFFFF11000E000000FFFFFFFFFFFFB0
:107BC0000A000000FFFF0F0008001100FFFFFFFF89
:107BD000FFFFFFFFFFFFFFFF17001500140003006A
:107BE000FFFFFFFF1300FFFFFFFF06001500FFFF71
:107BF000FFFF120015000700050014001500FFFF2D
:107C0000FFFFFFFFFFFFFFFFFFFFFFFFFFFF090079
:107C100003001000FFFFFFFF030002000A00010045
:107C20000000140010000400080004000800010017
:107C30000300FFFF0100FFFF00000B00FFFFFFFF3D
:107C40000400FFFFFFFFFFFFFFFFFFFFFFFFFFFF3E
:107C5000FFFFFFFFFFFFFFFFFFFFFFFFFFFFFFFF34
:107C6000010002001100030000000A0010001000D3
:107C700008000F00130008000500FFFF09001700AF
:107C80000800FFFFFFFFFFFFFFFFFFFFFFFF0D00EB
:107C9000100015000500FFFFFFFF0800FFFF0000B8
:107CA0001500FFFFFFFFFFFFFFFFFFFF1600FFFFB5
:107CB0000000FFFFFFFFFFFFFFFFFFFFFFFFFFFFD2
:107CC000FFFFFFFFFFFF120009000F00FFFFFFFF94
:107CD0000900FFFF0800FFFF15000A000A000A0064
:107CE00005001300FFFFFFFFFFFFFFFFFFFFFFFF88
:107CF000FFFFFFFF17000E001700FFFF0D0004003D
:107D00000400FFFFFFFF09000D000B000900FFFF4B
:107D10001100010009000B00100004000800FFFF23
:107D20000A0004000A00FFFF0600FFFF0900000030
:107D30000100020010000E000300FFFFFFFFFFFF25
:107D4000FFFFFFFFFFFFFFFFFFFFFFFFFFFFFFFF43
:107D5000FFFFFFFFFFFFFFFFFFFFFFFFFFFFFFFF33
:107D6000FFFFFFFFFFFF11000100FFFF02000800FF
:107D70000300000005000900100012000F001700AA
:107D8000FFFF0B000A00110017000800FFFFFFFFB4
:107D90000F000600FFFFFFFFFFFFFFFFFFFFFFFFDA
:107DA0000F00FFFFFFFFFFFFFFFFFFFFFFFFFFFFD2
:107DB000FFFFFFFFFFFFFFFF17000C001100140083
:107DC0001400110011000100150010000E00FFFF4B
:107DD000FFFFFFFF1500170009000800FFFF10005C
:107DE0000100FFFF0900FFFFFFFFFFFF0E00FFFF85
:107DF0001600FFFFFFFF16001600FFFFFFFF0F003A
:107E00000B00FFFFFFFFFFFFFFFFFFFFFFFFFFFF75
:107E1000FFFFFFFFFFFFFFFFFFFF120009000F0042
:107E2000FFFFFFFF1200FFFF110007000000FFFF30
:107E30000F00060000000F00FFFFFFFF0F000B0008
:107E4000FFFFFFFFFFFFFFFFFFFFFFFFFFFFFFFF42
:107E50001500160015000C00FFFF12001500FFFFB3
:107E60000E0007000E0014001300FFFFFFFF0900C3
:107E70000C00FFFFFFFF0D00020009000300FFFFE1
:107E8000FFFFFFFFFFFFFFFFFFFF0300FFFF0D00EE
:107E9000140001000D00FFFFFFFFFFFFFFFFFFFFCA
:107EA000FFFFFFFFFFFFFFFFFFFF0900FFFF1700BE
:107EB000020013001000FFFF17000300FFFFFFFF89
:107EC0000A00FFFF06001600FFFF0100FFFFFFFF93
:107ED00010001600FFFFFFFFFFFFFFFFFFFFFFFF88
:107EE0000200000012000D0010001600FFFF160037
:107EF0000F000500FFFF06001600FFFF0F00FFFF49
:107F0000050007000A0001000E000F001600FFFF29
:107F1000FFFFFFFFFFFF0D00FFFFFFFFFFFFFFFF62
:107F20001500FFFF0900010002000F001300FFFF12
:107F3000FFFFFFFFFFFFFFFFFFFFFFFFFFFFFFFF51
:107F4000FFFFFFFFFFFFFFFFFFFF0900FFFF17001D
:107F5000020017001000FFFF10000800FFFFFFFFE6
:107F6000FFFFFFFF08000A000800110005001400D1
:107F7000FFFFFFFFFFFFFFFFFFFFFFFFFFFFFFFF11
:107F80000D0004000D00FFFF0D0009001500FFFFAC
:107F9000FFFF0F00FFFF14001500FFFFFFFFFFFFB3
:107FA0000C0002001500FFFFFFFF0900FFFF140097
:107FB0001300FFFFFFFFFFFFFFFFFFFFFFFF1100A9
:107FC0000E00FFFF010009001600070003000C006F
:107FD0000D000200FFFFFFFF01001200130006006A
:107FE0000F001700FFFF0F000A000A00FFFFFFFF4E
:107FF0000A0009000B001400FFFFFFFFFFFFFFFF57
:10800000FFFFFFFFFFFFFFFFFFFFFFFFFFFFFFFF80
:10801000FFFFFFFFFFFFFFFFFFFFFFFF1400020056
:10802000FFFF10000300FFFFFFFF0100020011002F
:108030000A00060000001400050001000D000B00FE
:108040000F000F00FFFFFFFFFFFFFFFFFFFFFFFF1E
:10805000FFFFFFFFFFFFFFFFFFFFFFFFFFFFFFFF30
:10806000FFFF100003000B000A000E000B000000D1
:1080700010000100FFFF0A0009001500FFFFFFFFCD
:108080000500FFFF11000400FFFF1500FFFFFFFFC9
:10809000FFFFFFFFFFFF0A000900080011000B00AF
:1080A000FFFFFFFFFFFFFFFFFFFFFFFFFFFFFFFFE0
:1080B000FFFFFFFFFFFFFFFF150016000D00000090
:1080C000FFFF12000A001400FFFF0400FFFF0A0078
:1080D0000500FFFFFFFFFFFFFFFF01000100FFFFA3
:1080E000FFFF02000A0002000200FFFFFFFFFFFF88
:1080F000FFFFFFFFFFFFFFFFFFFF1200FFFF0F006B
:108100000E00FFFF0E00020011000700FFFFFFFF3F
:108110000700FFFF10001500FFFFFFFFFFFFFFFF3D
:10812000FFFFFFFF0900FFFF100015000B00030019
:108130000A000B0002000B000B000A00FFFF080002
:108140001500FFFFFFFF0800040000000A00FFFF0A
:10815000FFFFFFFFFFFFFFFFFFFFFFFFFFFFFFFF2F
:10816000FFFFFFFFFFFFFFFFFFFF150016000D00E1
:108170000000FFFF12001500FFFFFFFF0400FFFFDC
:1081800009001500FFFFFFFFFFFF0E00140017009E
:10819000FFFF1400FFFF030004001600FFFFFFFFB6
:1081A000FFFFFFFFFFFFFFFFFFFFFFFF17000E00B6
:1081B0001700FFFF130004000800FFFFFFFF090086
:1081C0000D0004000900FFFF1100010009000B0071
:1081D00009000A00FFFFFFFF0A0004000A00FFFF7A
:1081E00008000100060012000E00FFFFFFFFFFFF66
:1081F000FFFFFFFFFFFFFFFFFFFFFFFFFFFFFFFF8F
:10820000FFFFFFFFFFFFFFFFFFFFFFFFFFFF170065
:108210000C000200140014001600060001001500F6
:1082200001000E00FFFFFFFFFFFFFFFF0F0009002F
:108230000000FFFF12001600FFFF1400FFFF1700F1
:10824000FFFF1600FFFFFFFF0C0009001100FFFFFA
:108250000300FFFFFFFFFFFFFFFFFFFFFFFFFFFF29
:10826000FFFFFFFFFFFFFFFFFFFFFFFF0900FFFF13
:108270001700020013001300FFFFFFFF1300FFFFB2
:10828000FFFFFFFF1300FFFF0300FFFFFFFF0F00D3
:1082900006000A0004000F00050001001100FFFFA6
:1082A000090000000E0010000E000D00FFFF01008D
:1082B0001000130012000C00FFFF0C000800050066
:1082C000FFFFFFFF06000300FFFF0100FFFFFFFFAE
:1082D000020014001700FFFFFFFF13001400FFFF50
:1082E00013000A00FFFF0A00FFFFFFFFFFFF080067
:1082F000FFFFFFFFFFFFFFFFFFFFFFFFFFFFFFFF8E
:10830000FFFFFFFFFFFFFFFFFFFFFFFFFFFFFFFF7D
:10831000FFFFFFFFFFFFFFFF11000900FFFF03004A
:108320000E001300FFFF030010001000FFFF0C0001
:108330000400030007000000FFFF05001600FFFF18
:1083400006001100010008001600FFFFFFFFFFFFFD
:10835000FFFFFFFFFFFFFFFFFFFFFFFFFFFFFFFF2D
:10836000FFFFFFFFFFFFFFFFFFFF000002000A000B
:1083700007001700FFFFFFFF1200FFFF13000D00B3
:108380000A00FFFF0900130017000A00080014008C
:10839000FFFFFFFF0400FFFF140007000D000800AF
:1083A000FFFFFFFFFFFFFFFFFFFFFFFFFFFFFFFFDD
:1083B000FFFFFFFFFFFFFFFFFFFFFFFF0C001300AA
:1083C0000C00090008000600FFFF0E00FFFF16006A
:1083D0000A00FFFFFFFFFFFFFFFF0F00010001008A
:1083E0000000FFFF0E000000FFFF0A001000010068
:1083F000FFFFFFFFFFFFFFFFFFFFFFFFFFFFFFFF8D
:10840000FFFFFFFFFFFF00001000100007000F003C
:1084100011000300FFFFFFFF0B0016000900120010
:108420000B0002000F000600FFFFFFFF1000FFFF20
:108430000D00FFFF0B000F000B000A000E000100F3
:10844000FFFF0400FFFF1200FFFFFFFFFFFF0F0011
:10845000FFFFFFFFFFFF1500FFFFFFFFFFFFFFFF15
:10846000FFFFFFFFFFFFFFFFFFFFFFFFFFFFFFFF1C
:10847000FFFFFFFF17000C000200140017000200AE
:108480000600010015000900FFFFFFFFFFFFFFFFCF
:10849000FFFF0F0009000C00FFFF0F000800FFFFA7
:1084A000FFFFFFFF1600FFFFFFFF09000600FFFFB1
:1084B0000B00FFFFFFFFFFFFFFFFFFFFFFFFFFFFBF
:1084C000FFFF0900FFFF170012001500FFFFFFFF6D
:1084D00012000A0007000600150005001000070042
:1084E0000F00060014000A00FFFFFFFFFFFFFFFF61
:1084F000FFFFFFFFFFFFFFFFFFFFFFFFFFFFFFFF8C
:10850000FFFFFFFF1200FFFF0C0002000C00040041
:108510000E000600FFFFFFFF160004000F00FFFF24
:10852000FFFFFFFFFFFF10000000FFFFFFFFFFFF47
:10853000FFFFFFFFFFFF0A0010000A00030000001A
:10854000090001000500FFFFFFFF0D00FFFFFFFF17
:1085500003000A00FFFF0A00FFFFFFFF1000FFFFFC
:1085600013000400FFFFFFFFFFFFFFFF17000A00DB
:1085700015000600FFFFFFFFFFFFFFFFFFFFFFFFEC
:10858000FFFFFFFF0D0012000D000400FFFF0900B8
:108590001500FFFFFFFF0F00FFFF14000A00FFFFA1
:1085A000FFFFFFFF0A0007000500FFFFFFFF0B00B2
:1085B0000E00FFFFFFFFFFFFFFFFFFFFFFFF0900B0
:1085C000FFFF0200080001000A000A00000003008B
:1085D00000001000FFFF09000800FFFFFFFFFFFF82
:1085E0000B0016001700150001000600FFFFFFFF3B
:1085F000FFFFFFFFFFFFFFFFFFFFFFFFFFFFFFFF8B
:10860000FFFFFFFFFFFFFFFF0A0010000100030054
:108610000000110011000800FFFFFFFF0D00120015
:108620000F0009000A00FFFF01000B00FFFF04001C
:10863000000000000E00150014000900FFFFFFFFFE
:10864000FFFFFFFFFFFF03000A00FFFFFFFFFFFF29
:10865000FFFFFFFFFFFFFFFF0B00FFFFFFFFFFFF1D
:10866000FFFFFFFFFFFFFFFFFFFFFFFFFFFF170001
:108670000C00110014000900FFFF1100010015009B
:108680000C000E00FFFFFFFF0F0013000C00FFFFA8
:10869000140010000F001200FFFFFFFFFFFFFFFF9D
:1086A000FFFFFFFFFFFF0F000400FFFFFFFF0500BC
:1086B0000C000000FFFFFFFFFFFFFFFFFFFFFFFFBA
:1086C000FFFFFFFFFFFFFFFF0F0006000A00110082
:1086D0000F0005000100FFFF0A0003000600140060
:1086E000100003000D001500FFFF0900FFFFFFFF52
:1086F00016000000FFFF08000A00FFFFFFFF060052
:108700001500FFFFFFFFFFFF14000B00FFFFFFFF3F
:10871000FFFF0000FFFFFFFF1600FFFFFFFF150038
:10872000FFFFFFFFFFFFFFFFFFFFFFFFFFFFFFFF59
:10873000FFFFFFFFFFFF0900030002001100FFFF22
:108740000D000100FFFF0300040001000000030012
:10875000FFFFFFFFFFFFFFFF0A0008000800FFFF09
:10876000FFFFFFFF080005000400FFFFFFFFFFFF02
:10877000FFFFFFFFFFFFFFFFFFFFFFFF0A001000EB
:10878000040003000D00010017000500FFFF1300A7
:10879000FFFF0300FFFF0D000E00FFFFFFFFFFFFC5
:1087A000FFFF1300020002000A0017001000000083
:1087B00010000C000000FFFF0F001700FFFFFFFF7D
:1087C000FFFFFFFFFFFFFFFFFFFFFFFFFFFFFFFFB9
:1087D000FFFFFFFFFFFFFFFFFFFFFFFFFFFF09009E
:1087E000FFFF170012001300FFFFFFFF1700030039
:1087F0000600FFFFFFFF1600FFFFFFFF0D00170041
:10880000FFFFFFFFFFFFFFFF11000900FFFF0F0049
:108810000300FFFFFFFF15001300FFFFFFFF000035
:108820000E00FFFFFFFF04000C00FFFFFFFFFFFF34
:10883000FFFF0D0012000D00FFFFFFFF09000F00FA
:10884000FFFFFFFF1500100015000A000B00FFFFDF
:10885000100000000E000100FFFFFFFFFFFFFFFF01
:10886000FFFFFFFFFFFFFFFFFFFFFFFF0A001000FA
:108870000A0005000D0009000100FFFF04001300BD
:10888000FFFFFFFFFFFF03000A00FFFFFFFFFFFFE7
:10889000FFFF1000FFFF13000400FFFFFFFF1700A2
:1088A000020015000600FFFFFFFFFFFFFFFFFFFFB5
:1088B000FFFFFFFFFFFF08000000FFFF0F000000A9
:1088C000FFFF0A0008001000FFFF11000100FFFF7A
:1088D00011000300FFFFFFFF0F000800120012004D
:1088E0000B000200FFFFFFFFFFFFFFFFFFFFFFFF87
:1088F000FFFFFFFFFFFFFFFFFFFFFFFF0000020082
:10890000090007001700FFFFFFFF1200FFFF130021
:108910000D001600FFFF0900130017000A000400F5
:108920000E00FFFFFFFF0000FFFF14000700010023
:108930000800FFFFFFFFFFFFFFFFFFFFFFFFFFFF3D
:10894000FFFFFFFFFFFFFFFFFFFFFFFFFFFF09002C
:10895000FFFF17000D000800FFFFFFFF1600FFFFDD
:108960001400150015001600FFFF1500FFFFFFFFA4
:10897000FFFFFFFFFFFFFFFF0100020008000300F1
:10898000000017000A001000FFFFFFFFFFFFFFFFBE
:10899000FFFF1100110017000800FFFFFFFF050097
:1089A000FFFF1400FFFF00000500FFFF0D00FFFFA9
:1089B000FFFFFFFFFFFFFFFFFFFFFFFFFFFF0000C5
:1089C00002000A0007000E00FFFFFFFF1200FFFF7A
:1089D000040010000A00FFFF140001000300FFFF65
:1089E00012001400FFFFFFFF11000F00FFFFFFFF49
:1089F000FFFFFFFFFFFFFFFFFFFFFFFFFFFFFFFF87
:108A00000D0012000D00FFFFFFFF09000800150018
:108A1000FFFF04000900FFFFFFFFFFFF0400050048
:108A20001300020017000A000A00FFFFFFFFFFFF0C
:108A3000FFFFFFFFFFFFFFFFFFFFFFFFFFFF09003B
:108A400005001700FFFFFFFF0D000000FFFFFFFF05
:108A500000000A0010001100FFFFFFFFFFFF0F00E2
:108A600010000A00FFFFFFFFFFFFFFFFFFFFFFFFF8
:108A70000A00080001001300010011001100FFFFAF
:108A80001600FFFF100009000F0009000300FFFFA0
:108A9000FFFFFFFFFFFF0E00FFFF08000E001500A5
:108AA000FFFFFFFFFFFF0C001000FFFFFFFFFFFFB6
:108AB000FFFFFFFF0B00FFFFFFFFFFFFFFFFFFFFB9
:108AC000FFFF0900030002001100FFFF0700010083
:108AD000FFFF04000C00150000000B00FFFFFFFF6C
:108AE00007000300120003000800FFFFFFFFFFFF65
:108AF000FFFF0500010006001600FFFF0900060049
:108B0000FFFFFFFFFFFFFFFFFFFFFFFFFFFFFFFF75
:108B1000FFFFFFFFFFFFFFFFFFFFFFFF1700010049
:108B2000160000001100FFFF0200080010000800FE
:108B30000900FFFFFFFFFFFF020003001600140003
:108B4000FFFFFFFFFFFF0600FFFF0100FFFF140014
:108B5000080009001000FFFFFFFFFFFFFFFFFFFFFE
:108B6000FFFFFFFFFFFFFFFFFFFFFFFFFFFF0A0009
:108B7000080001001300010002000300FFFF1600BF
:108B8000FFFF100003000800FFFFFFFFFFFFFFFFD4
:108B9000FFFFFFFF01000D00FFFFFFFF14000000BB
:108BA00006000900FFFFFFFFFFFFFFFFFFFFFFFFC2
:108BB000FFFFFFFF0900FFFF17000D000000FFFF90
:108BC000FFFF04000A0016000B00FFFFFFFF170065
:108BD0000B0010000300FFFFFFFFFFFFFFFFFFFF81
:108BE000FFFFFFFFFFFF0A00080001000A0001006D
:108BF00002000300FFFF0700FFFF10000300080052
:108C0000FFFFFFFFFFFFFFFFFFFFFFFF01000D0062
:108C1000FFFFFFFF1000000010000900FFFFFFFF33
:108C2000FFFFFFFFFFFFFFFFFFFFFFFF0900030044
:108C30000F001300FFFFFFFF11000A00FFFF0000FD
:108C40000F00FFFFFFFF0200060001000900FFFF09
:108C5000070008000D00FFFFFFFFFFFF1000FFFFF0
:108C6000FFFFFFFFFFFFFFFFFFFFFFFFFFFF1700FB
:108C70000000110001000000FFFF11001000FFFFC5
:108C80000E001000FFFFFFFFFFFFFFFFFFFFFFFFD2
:108C9000090015000F00080012000800FFFFFFFF89
:108CA000FFFFFFFFFFFFFFFFFFFFFFFF15000100BA
:108CB0001000150007001100FFFF15000900FFFF5D
:108CC000FFFFFFFFFFFF0000FFFFFFFFFFFF15009B
:108CD0000A00FFFFFFFFFFFFFFFF0A00080001007F
:108CE0001300010011001100FFFF1600FFFF10002C
:108CF00009000F0009000300FFFFFFFFFFFFFFFF58
:108D00001200FFFF0800FFFF0F00FFFFFFFFFFFF44
:108D10000300FFFFFFFFFFFFFFFF1200FFFFFFFF4A
:108D2000FFFFFFFF0F0006000F0011000F000700FC
:108D30000600FFFF0A000D000600FFFF10000D00F7
:108D40000E00FFFFFFFF0900FFFFFFFF0B00FFFF0B
:108D5000FFFF010015000800FFFFFFFF17000000E4
:108D6000FFFFFFFF0A000F000C00FFFFFFFFFFFFE8
:108D7000FFFFFFFFFFFFFFFFFFFFFFFFFFFFFFFF03
:108D8000FFFF0F0006000F0011000F000700060094
:108D9000FFFF150003000600FFFF10000D000E008E
:108DA000FFFFFFFF0900FFFFFFFF0D00FFFFFFFFB9
:108DB000010015000800FFFFFFFF14000300FFFF84
:108DC000FFFF05000F001600FFFFFFFFFFFFFFFF83
:108DD000FFFFFFFFFFFFFFFFFFFFFFFFFFFFFFFFA3
:108DE00015000A000A00FFFF03001000FFFF0B0040
:108DF0000B00FFFFFFFF090011001500FFFFFFFF41
:108E0000FFFF17000000FFFFFFFFFFFFFFFFFFFF57
:108E1000FFFF0900FFFF020012000100070007002A
:108E20000000FFFF0A000700FFFF12000800FFFF1D
:108E30000E0001000B001600FFFFFFFFFFFFFFFF0A
:108E4000FFFFFFFFFFFFFFFFFFFFFFFFFFFFFFFF32
:108E50001700170002000100FFFFFFFF15000800C8
:108E60001100FFFFFFFF00001000140013000F00AF
:108E7000160011000500FFFFFFFF0800FFFFFFFFC6
:108E8000FFFFFFFFFFFFFFFFFFFFFFFFFFFFFFFFF2
:108E9000FFFF0900FFFF02001200030000000700AF
:108EA00001000C00FFFF0500FFFF0B00FFFFFFFFAD
:108EB000FFFFFFFF0A000900FFFFFFFFFFFFFFFFAB
:108EC000FFFFFFFF0A001000010003001100030074
:108ED0000A000100FFFFFFFFFFFF1000FFFF02007D
:108EE0000400FFFFFFFFFFFFFFFF080002000B0071
:108EF0000600FFFF0900FFFF1400FFFFFFFFFFFF59
:108F00000600FFFFFFFFFFFFFFFFFFFFFFFF0F0058
:108F10000D000B0016000A000600070004001600F2
:108F200000001600FFFF0A001100FFFFFFFFFFFF18
:108F30000F000300FFFFFFFFFFFF0400FFFFFFFF25
:108F40000C000C00FFFFFFFFFFFFFFFFFFFFFFFF15
:108F5000FFFFFFFF06000400FFFFFFFFFFFFFFFF13
:108F600009001400130005000F000100FFFF0300BB
:108F70000800FFFFFFFF0F000700FFFFFFFFFFFFDD
:108F8000FFFF00000100FFFF0700FFFFFFFF0A00D7
:108F90001200FFFFFFFFFFFFFFFFFFFFFFFF1700B4
:108FA0001700020010000800FFFFFFFF110016006D
:108FB000FFFF0A00050015000800020002000B0078
:108FC000FFFFFFFF15000E000700FFFF0F0001006D
:108FD000FFFFFFFFFFFFFFFFFFFFFFFFFFFFFFFFA1
:108FE000FFFFFFFFFFFFFFFFFFFFFFFF0900FFFF86
:108FF0001700FFFF17001000080008000300100012
:109000000A00FFFFFFFF0A00FFFF0E000A00FFFF3C
:109010000500FFFFFFFFFFFFFFFFFFFFFFFFFFFF59
:10902000FFFF0900030013001100080011000300F6
:10903000FFFF1400FFFFFFFF0F00050010000D00F1
:10904000FFFFFFFF0400FFFF0F000300FFFFFFFF14
:10905000FFFFFFFF080015000300FFFFFFFFFFFFFA
:10906000FFFFFFFFFFFFFFFFFFFFFFFF0A001000F2
:1090700001000300110003000A000100FFFFFFFFD1
:10908000FFFF1000FFFF02000400FFFFFFFFFFFFD4
:10909000FFFF0800000015001400FFFF060013008A
:1090A0000900FFFFFFFFFFFF0500FFFFFFFFFFFFBE
:1090B000FFFFFFFFFFFFFFFFFFFF0F0006000F0096
:1090C00011000F0015000600FFFF0A001300060044
:1090D000FFFFFFFF0D000E00FFFFFFFF0900140060
:1090E000FFFF0B00010015001400FFFFFFFFFFFF53
:1090F000FFFFFFFF0D00FFFFFFFF050003000C0057
:10910000FFFFFFFFFFFFFFFFFFFFFFFFFFFFFFFF6F
:10911000FFFFFFFF17000C0011000B000300FFFF13
:109120001100020007000D000100FFFFFFFF020019
:10913000FFFFFFFFFFFF140001000900FFFFFFFF1B
:10914000FFFFFFFFFFFFFFFFFFFF0C000800FFFF17
:10915000FFFFFFFFFFFF0F000D000B0016000A00CE
:10916000060008000D001600FFFF1600FFFF0A00B2
:109170000D00FFFFFFFFFFFF0F000300FFFF0900CF
:10918000FFFFFFFF0C00FFFFFFFFFFFFFFFFFFFFE1
:10919000FFFFFFFF06001500FFFFFFFFFFFFFFFFC0
:1091A00006000400110002000F0007000400FFFF8A
:1091B0001300FFFF1700FFFFFFFF03000200FFFF88
:1091C000FFFFFFFFFFFF01000100FFFF0000FFFFA7
:1091D0001300140006001100FFFFFFFFFFFFFFFF59
:1091E000FFFFFFFFFFFFFFFFFFFF0900FFFF17006B
:1091F000FFFF170010001300080003000800FFFF26
:10920000FFFFFFFF0000FFFF08000A00FFFFFFFF56
:10921000FFFFFFFFFFFFFFFF17000100020000003C
:109220001100FFFFFFFF0200100008000900080006
:10923000FFFF030016001400FFFFFFFFFFFFFFFF0B
:10924000FFFF0900FFFF1400FFFF1400FFFFFFFFF7
:10925000FFFFFFFFFFFFFFFFFFFF0A000800010005
:109260000A00010002000800FFFFFFFFFFFF1000DF
:109270000300FFFFFFFFFFFFFFFFFFFF01000C00E8
:109280000F000A0009000A00FFFFFFFFFFFFFFFFBA
:10929000FFFFFFFFFFFFFFFF0D0014000D00FFFFAA
:1092A000FFFF10001700FFFF00000900FFFFFFFF96
:1092B000FFFF11001200FFFFFFFF12001500FFFF6C
:1092C000FFFFFFFFFFFF0A00080001000A00010086
:1092D00002000B00FFFFFFFFFFFFFFFF0300FFFF88
:1092E000FFFFFFFF0100130004000A0014000D003F
:1092F000FFFFFFFFFFFFFFFFFFFFFFFFFFFFFFFF7E
:109300000F000D000F0016000A00150006001500E2
:109310000700FFFF1600FFFFFFFF0D000800FFFF23
:10932000FFFFFFFF0100FFFF09000C001500FFFF1A
:109330000E00FFFFFFFFFFFFFFFFFFFFFFFF030028
:109340000800FFFFFFFFFFFFFFFFFFFFFFFF090018
:10935000FFFF1700FFFF17001000160008000300B2
:1093600010001600FFFFFFFF0000FFFF01001700C5
:1093700002000100FFFFFFFFFFFFFFFFFFFFFFFFF6
:10938000FFFFFFFFFFFFFFFF0900080000000100D3
:109390000A00FFFF030002000C00FFFF0F00FFFFA9
:1093A000FFFF0A0007000A00FFFFFFFF0E00090091
:1093B0000100FFFFFFFFFFFFFFFFFFFFFFFFFFFFBA
:1093C000FFFFFFFFFFFF150015000C001200120049
:1093D000FFFFFFFF070006001400040004000E005A
:1093E000FFFF0C00FFFF140006001000FFFFFFFF4F
:1093F000FFFFFFFF0700FFFFFFFFFFFF0F00FFFF63
:10940000FFFFFFFFFFFFFFFFFFFFFFFF0D00FFFF5D
:109410000D0010000D00FFFFFFFF0F000D000C00FE
:109420000100FFFF0F00FFFF0100FFFFFFFF0A0029
:109430000400FFFFFFFFFFFFFFFFFFFFFFFF0E0026
:109440001100FFFF15000F00FFFF01000B000600D9
:10945000FFFFFFFFFFFF01000C000B0011000A00DF
:109460000700FFFFFFFF1200FFFFFFFFFFFFFFFFEF
:10947000FFFFFFFFFFFFFFFF060004000E000200DA
:1094800015000F001000FFFF0900FFFFFFFFFFFFA7
:109490000900090013000F00FFFF0D001600FFFF79
:1094A0001600FFFFFFFFFFFFFFFF13000B0011007F
:1094B000FFFFFFFFFFFFFFFFFFFFFFFFFFFFFFFFBC
:1094C000FFFF0900FFFF130001000300FFFFFFFF84
:1094D000FFFF0E0004001000FFFF0D001700070043
:1094E000FFFFFFFFFFFFFFFFFFFFFFFF0000020086
:1094F000FFFF0A000E001200070004001000FFFF2B
:10950000FFFF0C00FFFFFFFF0100FFFFFFFFFFFF5A
:1095100013000A000B00FFFFFFFFFFFFFFFFFFFF2D
:10952000FFFF06000400140009000F000F000400F4
:109530000F00FFFFFFFFFFFF0A000E00FFFF02000A
:10954000FFFFFFFFFFFFFFFF150013000D00FFFFF0
:10955000FFFFFFFF0200FFFF1000FFFFFFFFFFFF05
:10956000FFFFFFFF0900FFFF1700FFFF13001000C0
:109570000300030000000C00FFFF0A001100FFFFC2
:109580000B00FFFFFFFFFFFFFFFFFFFFFFFFFFFFDE
:10959000FFFF01000200080003000700FFFFFFFFBC
:1095A00006000600FFFFFFFF090001000D00030099
:1095B0000A000200FFFFFFFF0C000900FFFF01008F
:1095C000FFFFFFFFFFFFFFFFFFFFFFFFFFFFFFFFAB
:1095D000FFFFFFFF00000200FFFF08000000130074
:1095E000FFFF16000300FFFF13000C001600FFFF33
:1095F000FFFF0C000B00FFFF15000D001600FFFF22
:10960000FFFFFFFFFFFFFFFFFFFFFFFFFFFFFFFF6A
:10961000FFFF090008000C000900FFFF07000E0013
:1096200002000D00FFFF0300FFFF160016000D00F3
:10963000FFFFFFFFFFFFFFFFFFFFFFFFFFFFFFFF3A
:109640000A000900FFFFFFFFFFFFFFFF010002000C
:1096500008001000000004000A00170014000800B1
:10966000FFFFFFFF0A00FFFFFFFF1400FFFF0A00DC
:109670000600FFFFFFFFFFFFFFFFFFFFFFFF0500EB
:109680001200FFFF0D00FFFFFFFFFFFFFFFFFFFFC7
:10969000FFFF17000100020010001100FFFFFFFF95
:1096A000030000000600FFFF0100FFFF020014009E
:1096B0000D000200FFFFFFFFFFFFFFFF140010007F
:1096C000FFFFFFFFFFFFFFFFFFFFFFFFFFFFFFFFAA
:1096D0000A00080001000E00010011000900FFFF50
:1096E000FFFFFFFF080009000F001100FFFFFFFF51
:1096F000FFFF0E00FFFFFFFFFFFF0F00FFFF0C004B
:10970000FFFFFFFF1200FFFFFFFFFFFFFFFF09004A
:10971000FFFF00000400FFFF160011000500050018
:1097200015000300FFFFFFFF0B000A00FFFFFFFF14
:10973000FFFF0F00FFFFFFFFFFFFFFFFFFFFFFFF28
:10974000150001000C0015000700FFFFFFFF0100DE
:109750000900FFFFFFFF0900FFFFFFFFFFFF0700FA
:109760000700FFFFFFFFFFFFFFFF170000000200E1
:1097700011001000FFFFFFFFFFFFFFFF0F000000C1
:109780000900FFFF10001600FFFFFFFF04000400A8
:1097900002001000FFFFFFFFFFFFFFFFFFFFFFFFC3
:1097A000FFFFFFFF0A00100001000300030011008B
:1097B0000900FFFFFFFFFFFFFFFF09000800110086
:1097C000FFFF0300FFFFFFFFFFFF0F00FFFF12007F
:1097D000FFFFFFFF1200FFFFFFFFFFFFFFFF000083
:1097E0000200FFFF0A001700120007000100080036
:1097F000FFFFFFFF0C00FFFF0400020001000D004F
:10980000FFFFFFFFFFFF0100FFFFFFFFFFFFFFFF65
:109810000D000100FFFFFFFFFFFFFFFFFFFFFFFF46
:109820000D00FFFF0D00FFFF1700FFFF13000800F2
:1098300008001300010000000700FFFFFFFFFFFF0B
:10984000FFFFFFFFFFFFFFFFFFFF0A0008001300FD
:109850000A00010015000400FFFFFFFFFFFF0800E2
:10986000FFFF140010000100FFFFFFFFFFFFFFFFDD
:10987000FFFFFFFF14000E00FFFF0600140017009B
:10988000FFFFFFFFFFFFFFFFFFFFFFFF0900FFFFDD
:1098900006000A0003000F00110000000E00FFFF89
:1098A0000D00FFFFFFFF0C00FFFF0A000600FFFF97
:1098B000FFFFFFFFFFFF00001200FFFF0900FFFF97
:1098C000FFFFFFFFFFFFFFFFFFFF01000200080097
:1098D0000700000011000A00090008000800FFFF4F
:1098E0000A00FFFFFFFFFFFFFFFF08001400140046
:1098F000FFFFFFFFFFFFFFFF13000B00FFFFFFFF56
:10990000FFFFFFFFFFFFFFFFFFFFFFFF0F0006004E
:109910000F0002000F0015000600FFFFFFFF0D0003
:109920000000FFFFFFFF0D000E001000FFFFFFFF14
:10993000FFFF080015000100FFFFFFFFFFFFFFFF13
:10994000FFFFFFFFFFFFFFFFFFFF090008001100FF
:109950000900FFFF12000B000200FFFF1200FFFFD3
:10996000FFFFFFFFFFFF0D00FFFFFFFF0A000900E1
:10997000FFFFFFFFFFFFFFFF1700100002000900BD
:109980000000FFFFFFFFFFFF160011001500FFFFA3
:10999000FFFF100003001500120004000100FFFF8C
:1099A000FFFFFFFFFFFF1000FFFFFFFFFFFFFFFFB5
:1099B000FFFFFFFFFFFF0100020008000300080097
:1099C000FFFFFFFF02000600FFFFFFFFFFFF100089
:1099D0000D0014000500FFFF0C000900FFFFFFFF52
:1099E000FFFFFFFFFFFFFFFFFFFFFFFF0A00080071
:1099F00001000E0001000200FFFFFFFFFFFFFFFF5D
:109A0000FFFF0300FFFF01000900FFFF0000090046
:109A10000D00FFFFFFFFFFFFFFFFFFFFFFFF0A003B
:109A200001000100FFFF1400FFFF0400FFFF0F0013
:109A3000FFFF0B000800FFFFFFFFFFFF0600FFFF17
:109A4000FFFFFFFF10000400110005001400FFFFDE
:109A5000080011000300FFFF0F00FFFFFFFF1500CC
:109A60000300FFFF1100FFFFFFFFFFFFFFFFFFFFEE
:109A70000B00FFFFFFFFFFFFFFFF090001000C00CD
:109A80000200050001000E001000FFFFFFFF0A00AA
:109A9000FFFF0B00FFFFFFFF110008001100FFFF99
:109AA000FFFFFFFF1300FFFF0700FFFFFFFFFFFFA8
:109AB000FFFFFFFFFFFFFFFF10000A000B00010088
:109AC00001001100FFFFFFFF1400FFFF1500FFFF63
:109AD000FFFFFFFF04000400FFFF0800FFFFFFFF80
:109AE000FFFFFFFFFFFF090005001400140008003E
:109AF00011000D00FFFFFFFFFFFFFFFF1300FFFF3F
:109B00001200FFFFFFFF0C0007000900FFFF0C0021
:109B1000FFFF0D00FFFFFFFFFFFFFFFFFFFFFFFF46
:109B20000100020008000300FFFFFFFFFFFF060027
:109B300006000A00FFFF070014000900FFFF0C00E9
:109B40001500FFFFFFFFFFFFFFFFFFFFFFFFFFFF0E
:109B5000FFFF10000400110006001400FFFF0400C6
:109B600002000600FFFF0F00FFFFFFFFFFFF0400E2
:109B7000FFFF1100FFFFFFFFFFFFFFFF08000100D5
:109B8000FFFFFFFFFFFFFFFF0100020008001000C2
:109B900000000900FFFF0F0014000800FFFFFFFF97
:109BA000FFFFFFFFFFFF0A000600FFFFFFFF0300AC
:109BB0001200FFFF0300FFFFFFFFFFFFFFFFFFFF9C
:109BC000FFFF090005001300140008001100030046
:109BD000FFFFFFFFFFFFFFFF0F000500FFFFFFFF7D
:109BE0000E00FFFF0A0003001700FFFFFFFF000049
:109BF000FFFFFFFFFFFFFFFFFFFFFFFF010002006E
:109C00000A000300FFFFFFFFFFFF02000600FFFF47
:109C100010000D0001000500FFFF0C000900FFFF10
:109C2000FFFFFFFFFFFFFFFFFFFFFFFFFFFF0A0038
:109C3000080001000A00000011001100FFFFFFFFF3
:109C4000FFFFFFFF09000F000F00FFFFFFFF0600EF
:109C5000FFFFFFFFFFFF010016000C00FFFFFFFFEB
:109C6000FFFFFFFFFFFFFFFF0D00FFFF0D00FFFFE6
:109C7000090011001500FFFFFFFF0A001600100089
:109C800005000000FFFFFFFFFFFFFFFFFFFFFFFFDB
:109C9000FFFF0A00100013000300FFFF150004007F
:109CA000FFFFFFFFFFFF1400FFFF0A00FFFFFFFFA2
:109CB000080005000F001000FFFF0200FFFFFFFF7C
:109CC000FFFFFFFFFFFFFFFF00000200FFFF080094
:109CD00000001300FFFF1600FFFFFFFF0C000C0049
:109CE0001600FFFF1300FFFF01000D001600FFFF2D
:109CF000FFFFFFFFFFFFFFFFFFFFFFFFFFFF0A0068
:109D0000080013000E00000001001300FFFFFFFF1A
:109D1000FFFFFFFFFFFF080003001300FFFFFFFF2F
:109D20000A00FFFFFFFF04000500FFFFFFFFFFFF2A
:109D3000FFFFFFFF010002000C0010001600FFFFF4
:109D4000FFFFFFFF0300FFFF080006001600FFFFF4
:109D5000FFFFFFFFFFFF01000800FFFFFFFFFFFF06
:109D6000FFFF0900050011000400080014000F00A7
:109D7000FFFFFFFFFFFFFFFF13000A00FFFF0D00C3
:109D8000FFFF03000100FFFFFFFFFFFFFFFFFFFFDB
:109D9000FFFF1000FFFFFFFF8071313F807131BF77
:109DA000D1F71737D1F717B70000003F000000BF09
:109DB000B082FD7F01000000D727350100000010B0
:109DC00000093D0000093D0000093D0000000000C1
:109DD000200000200000000000000000701C002097
:109DE000D81C0020401D00200000000000000000E2
:109DF0000000000000000000000000000000000063
:109E00000000000000000000000000000000000052
:109E10000000000000000000000000000000000042
:109E20000000000000000000000000000000000032
:109E30000000000000000000000000000000000022
:109E40000000000000000000000000000000000012
:109E50000000000000000000000000000000000002
:109E600000000000000000000000000000000000F2
:109E700001000000000000000E33CDAB34126DE68F
:109E8000ECDE05000B0000000000000000000000F8
:109E900000000000000000000000000000000000C2
:109EA00000000000000000000000000000000000B2
:109EB00000000000000000000000000000000000A2
:109EC0000000000000000000000000000000000092
:109ED0000000000000000000000000000000000082
:109EE0000000000000000000000000000000000072
:089EF00000000000000000006A
:0400000508000000EF
:00000001FF
